instrument_key,venue,instrument_type,symbol,venue_type,tardis_exchange,data_provider,asset_class,available_from_datetime,available_to_datetime,data_types,base_asset,quote_asset,settle_asset,exchange_raw_symbol,tardis_symbol,inverse,strike,option_type,expiry,contract_size,tick_size,underlying,min_size,ccxt_symbol,ccxt_exchange,base_asset_contract_address,quote_asset_contract_address,pool_address,pool_fee_tier
BINANCE-SPOT:SPOT_PAIR:NEO-USDT,BINANCE-SPOT,SPOT_PAIR,NEO-USDT,exchange,binance,tardis,crypto,2019-03-30T00:00:00.000Z,,"trades,book_snapshot_5",NEO,USDT,USDT,neousdt,neousdt,False,,,,,0.001,,0.01,NEO/USDT,binance,,,,
BINANCE-SPOT:SPOT_PAIR:LTC-USDT,BINANCE-SPOT,SPOT_PAIR,LTC-USDT,exchange,binance,tardis,crypto,2019-03-30T00:00:00.000Z,,"trades,book_snapshot_5",LTC,USDT,USDT,ltcusdt,ltcusdt,False,,,,,0.01,,0.001,LTC/USDT,binance,,,,
BINANCE-SPOT:SPOT_PAIR:BTC-USDT,BINANCE-SPOT,SPOT_PAIR,BTC-USDT,exchange,binance,tardis,crypto,2019-03-30T00:00:00.000Z,,"trades,book_snapshot_5",BTC,USDT,USDT,btcusdt,btcusdt,False,,,,,0.01,,1e-05,BTC/USDT,binance,,,,
BINANCE-SPOT:SPOT_PAIR:ETH-USDT,BINANCE-SPOT,SPOT_PAIR,ETH-USDT,exchange,binance,tardis,crypto,2019-03-30T00:00:00.000Z,,"trades,book_snapshot_5",ETH,USDT,USDT,ethusdt,ethusdt,False,,,,,0.01,,0.0001,ETH/USDT,binance,,,,
BINANCE-SPOT:SPOT_PAIR:ETC-USDT,BINANCE-SPOT,SPOT_PAIR,ETC-USDT,exchange,binance,tardis,crypto,2019-03-30T00:00:00.000Z,,"trades,book_snapshot_5",ETC,USDT,USDT,etcusdt,etcusdt,False,,,,,0.01,,0.01,ETC/USDT,binance,,,,
BINANCE-SPOT:SPOT_PAIR:TRX-USDT,BINANCE-SPOT,SPOT_PAIR,TRX-USDT,exchange,binance,tardis,crypto,2019-03-30T00:00:00.000Z,,"trades,book_snapshot_5",TRX,USDT,USDT,trxusdt,trxusdt,False,,,,,0.0001,,0.1,TRX/USDT,binance,,,,
BINANCE-SPOT:SPOT_PAIR:BNB-USDT,BINANCE-SPOT,SPOT_PAIR,BNB-USDT,exchange,binance,tardis,crypto,2019-03-30T00:00:00.000Z,,"trades,book_snapshot_5",BNB,USDT,USDT,bnbusdt,bnbusdt,False,,,,,0.01,,0.001,BNB/USDT,binance,,,,
BINANCE-SPOT:SPOT_PAIR:XRP-USDT,BINANCE-SPOT,SPOT_PAIR,XRP-USDT,exchange,binance,tardis,crypto,2019-03-30T00:00:00.000Z,,"trades,book_snapshot_5",XRP,USDT,USDT,xrpusdt,xrpusdt,False,,,,,0.0001,,0.1,XRP/USDT,binance,,,,
BINANCE-SPOT:SPOT_PAIR:ADA-USDT,BINANCE-SPOT,SPOT_PAIR,ADA-USDT,exchange,binance,tardis,crypto,2019-03-30T00:00:00.000Z,,"trades,book_snapshot_5",ADA,USDT,USDT,adausdt,adausdt,False,,,,,0.0001,,0.1,ADA/USDT,binance,,,,
BINANCE-SPOT:SPOT_PAIR:QTUM-USDT,BINANCE-SPOT,SPOT_PAIR,QTUM-USDT,exchange,binance,tardis,crypto,2019-03-30T00:00:00.000Z,,"trades,book_snapshot_5",QTUM,USDT,USDT,qtumusdt,qtumusdt,False,,,,,0.001,,0.1,QTUM/USDT,binance,,,,
BINANCE-SPOT:SPOT_PAIR:XLM-USDT,BINANCE-SPOT,SPOT_PAIR,XLM-USDT,exchange,binance,tardis,crypto,2019-03-30T00:00:00.000Z,,"trades,book_snapshot_5",XLM,USDT,USDT,xlmusdt,xlmusdt,False,,,,,0.0001,,1.0,XLM/USDT,binance,,,,
BINANCE-SPOT:SPOT_PAIR:IOTA-USDT,BINANCE-SPOT,SPOT_PAIR,IOTA-USDT,exchange,binance,tardis,crypto,2019-03-30T00:00:00.000Z,,"trades,book_snapshot_5",IOTA,USDT,USDT,iotausdt,iotausdt,False,,,,,0.0001,,1.0,IOTA/USDT,binance,,,,
BINANCE-SPOT:SPOT_PAIR:ZEC-USDT,BINANCE-SPOT,SPOT_PAIR,ZEC-USDT,exchange,binance,tardis,crypto,2019-03-30T00:00:00.000Z,,"trades,book_snapshot_5",ZEC,USDT,USDT,zecusdt,zecusdt,False,,,,,0.01,,0.001,ZEC/USDT,binance,,,,
BINANCE-SPOT:SPOT_PAIR:DASH-USDT,BINANCE-SPOT,SPOT_PAIR,DASH-USDT,exchange,binance,tardis,crypto,2019-03-30T00:00:00.000Z,,"trades,book_snapshot_5",DASH,USDT,USDT,dashusdt,dashusdt,False,,,,,0.01,,0.001,DASH/USDT,binance,,,,
BINANCE-SPOT:SPOT_PAIR:ZRX-USDT,BINANCE-SPOT,SPOT_PAIR,ZRX-USDT,exchange,binance,tardis,crypto,2019-03-30T00:00:00.000Z,,"trades,book_snapshot_5",ZRX,USDT,USDT,zrxusdt,zrxusdt,False,,,,,0.0001,,1.0,ZRX/USDT,binance,,,,
BINANCE-SPOT:SPOT_PAIR:BAT-USDT,BINANCE-SPOT,SPOT_PAIR,BAT-USDT,exchange,binance,tardis,crypto,2019-03-30T00:00:00.000Z,,"trades,book_snapshot_5",BAT,USDT,USDT,batusdt,batusdt,False,,,,,0.0001,,1.0,BAT/USDT,binance,,,,
BINANCE-SPOT:SPOT_PAIR:ATOM-USDT,BINANCE-SPOT,SPOT_PAIR,ATOM-USDT,exchange,binance,tardis,crypto,2019-05-03T00:00:00.000Z,,"trades,book_snapshot_5",ATOM,USDT,USDT,atomusdt,atomusdt,False,,,,,0.001,,0.01,ATOM/USDT,binance,,,,
BINANCE-SPOT:SPOT_PAIR:DOGE-USDT,BINANCE-SPOT,SPOT_PAIR,DOGE-USDT,exchange,binance,tardis,crypto,2019-07-05T00:00:00.000Z,,"trades,book_snapshot_5",DOGE,USDT,USDT,dogeusdt,dogeusdt,False,,,,,1e-05,,1.0,DOGE/USDT,binance,,,,
BINANCE-SPOT:SPOT_PAIR:XTZ-USDT,BINANCE-SPOT,SPOT_PAIR,XTZ-USDT,exchange,binance,tardis,crypto,2019-09-24T00:00:00.000Z,,"trades,book_snapshot_5",XTZ,USDT,USDT,xtzusdt,xtzusdt,False,,,,,0.0001,,0.1,XTZ/USDT,binance,,,,
BINANCE-SPOT:SPOT_PAIR:USDC-USDT,BINANCE-SPOT,SPOT_PAIR,USDC-USDT,exchange,binance,tardis,crypto,2019-11-07T00:00:00.000Z,,"trades,book_snapshot_5",USDC,USDT,USDT,usdcusdt,usdcusdt,False,,,,,0.0001,,1.0,USDC/USDT,binance,,,,
BINANCE-SPOT:SPOT_PAIR:VET-USDT,BINANCE-SPOT,SPOT_PAIR,VET-USDT,exchange,binance,tardis,crypto,2019-11-07T00:00:00.000Z,,"trades,book_snapshot_5",VET,USDT,USDT,vetusdt,vetusdt,False,,,,,1e-05,,0.1,VET/USDT,binance,,,,
BINANCE-SPOT:SPOT_PAIR:ALGO-USDT,BINANCE-SPOT,SPOT_PAIR,ALGO-USDT,exchange,binance,tardis,crypto,2019-11-07T00:00:00.000Z,,"trades,book_snapshot_5",ALGO,USDT,USDT,algousdt,algousdt,False,,,,,0.0001,,1.0,ALGO/USDT,binance,,,,
BINANCE-SPOT:SPOT_PAIR:ONT-USDT,BINANCE-SPOT,SPOT_PAIR,ONT-USDT,exchange,binance,tardis,crypto,2019-11-07T00:00:00.000Z,,"trades,book_snapshot_5",ONT,USDT,USDT,ontusdt,ontusdt,False,,,,,0.0001,,1.0,ONT/USDT,binance,,,,
BINANCE-SPOT:SPOT_PAIR:ARPA-USDT,BINANCE-SPOT,SPOT_PAIR,ARPA-USDT,exchange,binance,tardis,crypto,2019-11-07T00:00:00.000Z,,"trades,book_snapshot_5",ARPA,USDT,USDT,arpausdt,arpausdt,False,,,,,1e-05,,0.1,ARPA/USDT,binance,,,,
BINANCE-SPOT:SPOT_PAIR:LINK-USDT,BINANCE-SPOT,SPOT_PAIR,LINK-USDT,exchange,binance,tardis,crypto,2019-11-07T00:00:00.000Z,,"trades,book_snapshot_5",LINK,USDT,USDT,linkusdt,linkusdt,False,,,,,0.01,,0.01,LINK/USDT,binance,,,,
BINANCE-SPOT:SPOT_PAIR:TUSD-USDT,BINANCE-SPOT,SPOT_PAIR,TUSD-USDT,exchange,binance,tardis,crypto,2019-11-07T00:00:00.000Z,,"trades,book_snapshot_5",TUSD,USDT,USDT,tusdusdt,tusdusdt,False,,,,,0.0001,,1.0,TUSD/USDT,binance,,,,
BINANCE-SPOT:SPOT_PAIR:MTL-USDT,BINANCE-SPOT,SPOT_PAIR,MTL-USDT,exchange,binance,tardis,crypto,2019-11-07T00:00:00.000Z,,"trades,book_snapshot_5",MTL,USDT,USDT,mtlusdt,mtlusdt,False,,,,,0.001,,0.1,MTL/USDT,binance,,,,
BINANCE-SPOT:SPOT_PAIR:IOST-USDT,BINANCE-SPOT,SPOT_PAIR,IOST-USDT,exchange,binance,tardis,crypto,2019-11-13T00:00:00.000Z,,"trades,book_snapshot_5",IOST,USDT,USDT,iostusdt,iostusdt,False,,,,,1e-06,,1.0,IOST/USDT,binance,,,,
BINANCE-SPOT:SPOT_PAIR:ICX-USDT,BINANCE-SPOT,SPOT_PAIR,ICX-USDT,exchange,binance,tardis,crypto,2019-11-13T00:00:00.000Z,,"trades,book_snapshot_5",ICX,USDT,USDT,icxusdt,icxusdt,False,,,,,0.0001,,0.1,ICX/USDT,binance,,,,
BINANCE-SPOT:SPOT_PAIR:CVC-USDT,BINANCE-SPOT,SPOT_PAIR,CVC-USDT,exchange,binance,tardis,crypto,2019-11-13T00:00:00.000Z,,"trades,book_snapshot_5",CVC,USDT,USDT,cvcusdt,cvcusdt,False,,,,,0.0001,,1.0,CVC/USDT,binance,,,,
BINANCE-SPOT:SPOT_PAIR:RVN-USDT,BINANCE-SPOT,SPOT_PAIR,RVN-USDT,exchange,binance,tardis,crypto,2019-11-13T00:00:00.000Z,,"trades,book_snapshot_5",RVN,USDT,USDT,rvnusdt,rvnusdt,False,,,,,1e-05,,0.1,RVN/USDT,binance,,,,
BINANCE-SPOT:SPOT_PAIR:BCH-USDT,BINANCE-SPOT,SPOT_PAIR,BCH-USDT,exchange,binance,tardis,crypto,2019-11-28T00:00:00.000Z,,"trades,book_snapshot_5",BCH,USDT,USDT,bchusdt,bchusdt,False,,,,,0.1,,0.001,BCH/USDT,binance,,,,
BINANCE-SPOT:SPOT_PAIR:FTT-USDT,BINANCE-SPOT,SPOT_PAIR,FTT-USDT,exchange,binance,tardis,crypto,2019-12-20T00:00:00.000Z,,"trades,book_snapshot_5",FTT,USDT,USDT,fttusdt,fttusdt,False,,,,,0.0001,,0.01,FTT/USDT,binance,,,,
BINANCE-SPOT:SPOT_PAIR:THETA-USDT,BINANCE-SPOT,SPOT_PAIR,THETA-USDT,exchange,binance,tardis,crypto,2020-05-19T00:00:00.000Z,,"trades,book_snapshot_5",THETA,USDT,USDT,thetausdt,thetausdt,False,,,,,0.001,,0.1,THETA/USDT,binance,,,,
BINANCE-SPOT:SPOT_PAIR:LSK-USDT,BINANCE-SPOT,SPOT_PAIR,LSK-USDT,exchange,binance,tardis,crypto,2020-05-19T00:00:00.000Z,,"trades,book_snapshot_5",LSK,USDT,USDT,lskusdt,lskusdt,False,,,,,0.001,,0.1,LSK/USDT,binance,,,,
BINANCE-SPOT:SPOT_PAIR:HBAR-USDT,BINANCE-SPOT,SPOT_PAIR,HBAR-USDT,exchange,binance,tardis,crypto,2020-05-19T00:00:00.000Z,,"trades,book_snapshot_5",HBAR,USDT,USDT,hbarusdt,hbarusdt,False,,,,,1e-05,,1.0,HBAR/USDT,binance,,,,
BINANCE-SPOT:SPOT_PAIR:HIVE-USDT,BINANCE-SPOT,SPOT_PAIR,HIVE-USDT,exchange,binance,tardis,crypto,2020-05-19T00:00:00.000Z,,"trades,book_snapshot_5",HIVE,USDT,USDT,hiveusdt,hiveusdt,False,,,,,0.0001,,1.0,HIVE/USDT,binance,,,,
BINANCE-SPOT:SPOT_PAIR:ZIL-USDT,BINANCE-SPOT,SPOT_PAIR,ZIL-USDT,exchange,binance,tardis,crypto,2020-05-19T00:00:00.000Z,,"trades,book_snapshot_5",ZIL,USDT,USDT,zilusdt,zilusdt,False,,,,,1e-05,,0.1,ZIL/USDT,binance,,,,
BINANCE-SPOT:SPOT_PAIR:ENJ-USDT,BINANCE-SPOT,SPOT_PAIR,ENJ-USDT,exchange,binance,tardis,crypto,2020-05-19T00:00:00.000Z,,"trades,book_snapshot_5",ENJ,USDT,USDT,enjusdt,enjusdt,False,,,,,1e-05,,0.1,ENJ/USDT,binance,,,,
BINANCE-SPOT:SPOT_PAIR:STX-USDT,BINANCE-SPOT,SPOT_PAIR,STX-USDT,exchange,binance,tardis,crypto,2020-05-19T00:00:00.000Z,,"trades,book_snapshot_5",STX,USDT,USDT,stxusdt,stxusdt,False,,,,,0.0001,,0.1,STX/USDT,binance,,,,
BINANCE-SPOT:SPOT_PAIR:DATA-USDT,BINANCE-SPOT,SPOT_PAIR,DATA-USDT,exchange,binance,tardis,crypto,2020-05-19T00:00:00.000Z,,"trades,book_snapshot_5",DATA,USDT,USDT,datausdt,datausdt,False,,,,,1e-05,,0.1,DATA/USDT,binance,,,,
BINANCE-SPOT:SPOT_PAIR:KNC-USDT,BINANCE-SPOT,SPOT_PAIR,KNC-USDT,exchange,binance,tardis,crypto,2020-06-12T00:00:00.000Z,,"trades,book_snapshot_5",KNC,USDT,USDT,kncusdt,kncusdt,False,,,,,0.0001,,0.1,KNC/USDT,binance,,,,
BINANCE-SPOT:SPOT_PAIR:COMP-USDT,BINANCE-SPOT,SPOT_PAIR,COMP-USDT,exchange,binance,tardis,crypto,2020-06-25T00:00:00.000Z,,"trades,book_snapshot_5",COMP,USDT,USDT,compusdt,compusdt,False,,,,,0.01,,0.001,COMP/USDT,binance,,,,
BINANCE-SPOT:SPOT_PAIR:SC-USDT,BINANCE-SPOT,SPOT_PAIR,SC-USDT,exchange,binance,tardis,crypto,2020-07-06T00:00:00.000Z,,"trades,book_snapshot_5",SC,USDT,USDT,scusdt,scusdt,False,,,,,1e-06,,1.0,SC/USDT,binance,,,,
BINANCE-SPOT:SPOT_PAIR:ZEN-USDT,BINANCE-SPOT,SPOT_PAIR,ZEN-USDT,exchange,binance,tardis,crypto,2020-07-06T00:00:00.000Z,,"trades,book_snapshot_5",ZEN,USDT,USDT,zenusdt,zenusdt,False,,,,,0.001,,0.01,ZEN/USDT,binance,,,,
BINANCE-SPOT:SPOT_PAIR:SNX-USDT,BINANCE-SPOT,SPOT_PAIR,SNX-USDT,exchange,binance,tardis,crypto,2020-07-09T00:00:00.000Z,,"trades,book_snapshot_5",SNX,USDT,USDT,snxusdt,snxusdt,False,,,,,0.001,,0.1,SNX/USDT,binance,,,,
BINANCE-SPOT:SPOT_PAIR:BAND-USDT,BINANCE-SPOT,SPOT_PAIR,BAND-USDT,exchange,binance,tardis,crypto,2020-07-20T00:00:00.000Z,,"trades,book_snapshot_5",BAND,USDT,USDT,bandusdt,bandusdt,False,,,,,0.001,,0.1,BAND/USDT,binance,,,,
BINANCE-SPOT:SPOT_PAIR:DGB-USDT,BINANCE-SPOT,SPOT_PAIR,DGB-USDT,exchange,binance,tardis,crypto,2020-07-20T00:00:00.000Z,,"trades,book_snapshot_5",DGB,USDT,USDT,dgbusdt,dgbusdt,False,,,,,1e-05,,0.1,DGB/USDT,binance,,,,
BINANCE-SPOT:SPOT_PAIR:SXP-USDT,BINANCE-SPOT,SPOT_PAIR,SXP-USDT,exchange,binance,tardis,crypto,2020-07-20T00:00:00.000Z,,"trades,book_snapshot_5",SXP,USDT,USDT,sxpusdt,sxpusdt,False,,,,,0.0001,,0.1,SXP/USDT,binance,,,,
BINANCE-SPOT:SPOT_PAIR:KAVA-USDT,BINANCE-SPOT,SPOT_PAIR,KAVA-USDT,exchange,binance,tardis,crypto,2020-07-25T00:00:00.000Z,,"trades,book_snapshot_5",KAVA,USDT,USDT,kavausdt,kavausdt,False,,,,,0.0001,,0.1,KAVA/USDT,binance,,,,
BINANCE-SPOT:SPOT_PAIR:LRC-USDT,BINANCE-SPOT,SPOT_PAIR,LRC-USDT,exchange,binance,tardis,crypto,2020-07-25T00:00:00.000Z,,"trades,book_snapshot_5",LRC,USDT,USDT,lrcusdt,lrcusdt,False,,,,,0.0001,,1.0,LRC/USDT,binance,,,,
BINANCE-SPOT:SPOT_PAIR:DCR-USDT,BINANCE-SPOT,SPOT_PAIR,DCR-USDT,exchange,binance,tardis,crypto,2020-07-30T00:00:00.000Z,,"trades,book_snapshot_5",DCR,USDT,USDT,dcrusdt,dcrusdt,False,,,,,0.01,,0.001,DCR/USDT,binance,,,,
BINANCE-SPOT:SPOT_PAIR:MANA-USDT,BINANCE-SPOT,SPOT_PAIR,MANA-USDT,exchange,binance,tardis,crypto,2020-08-06T00:00:00.000Z,,"trades,book_snapshot_5",MANA,USDT,USDT,manausdt,manausdt,False,,,,,0.0001,,1.0,MANA/USDT,binance,,,,
BINANCE-SPOT:SPOT_PAIR:YFI-USDT,BINANCE-SPOT,SPOT_PAIR,YFI-USDT,exchange,binance,tardis,crypto,2020-08-10T00:00:00.000Z,,"trades,book_snapshot_5",YFI,USDT,USDT,yfiusdt,yfiusdt,False,,,,,1.0,,1e-05,YFI/USDT,binance,,,,
BINANCE-SPOT:SPOT_PAIR:SOL-USDT,BINANCE-SPOT,SPOT_PAIR,SOL-USDT,exchange,binance,tardis,crypto,2020-08-11T00:00:00.000Z,,"trades,book_snapshot_5",SOL,USDT,USDT,solusdt,solusdt,False,,,,,0.01,,0.001,SOL/USDT,binance,,,,
BINANCE-SPOT:SPOT_PAIR:USDTDAI-USDT,BINANCE-SPOT,SPOT_PAIR,USDTDAI-USDT,exchange,binance,tardis,crypto,2020-08-11T00:00:00.000Z,,"trades,book_snapshot_5",USDTDAI,USDT,USDT,usdtdai,usdtdai,False,,,,,,,,,,,,,
BINANCE-SPOT:SPOT_PAIR:CRV-USDT,BINANCE-SPOT,SPOT_PAIR,CRV-USDT,exchange,binance,tardis,crypto,2020-08-17T00:00:00.000Z,,"trades,book_snapshot_5",CRV,USDT,USDT,crvusdt,crvusdt,False,,,,,0.0001,,0.1,CRV/USDT,binance,,,,
BINANCE-SPOT:SPOT_PAIR:DOT-USDT,BINANCE-SPOT,SPOT_PAIR,DOT-USDT,exchange,binance,tardis,crypto,2020-08-18T00:00:00.000Z,,"trades,book_snapshot_5",DOT,USDT,USDT,dotusdt,dotusdt,False,,,,,0.001,,0.01,DOT/USDT,binance,,,,
BINANCE-SPOT:SPOT_PAIR:NMR-USDT,BINANCE-SPOT,SPOT_PAIR,NMR-USDT,exchange,binance,tardis,crypto,2020-08-19T00:00:00.000Z,,"trades,book_snapshot_5",NMR,USDT,USDT,nmrusdt,nmrusdt,False,,,,,0.01,,0.01,NMR/USDT,binance,,,,
BINANCE-SPOT:SPOT_PAIR:PAXG-USDT,BINANCE-SPOT,SPOT_PAIR,PAXG-USDT,exchange,binance,tardis,crypto,2020-08-28T00:00:00.000Z,,"trades,book_snapshot_5",PAXG,USDT,USDT,paxgusdt,paxgusdt,False,,,,,0.01,,0.0001,PAXG/USDT,binance,,,,
BINANCE-SPOT:SPOT_PAIR:SUSHI-USDT,BINANCE-SPOT,SPOT_PAIR,SUSHI-USDT,exchange,binance,tardis,crypto,2020-09-02T00:00:00.000Z,,"trades,book_snapshot_5",SUSHI,USDT,USDT,sushiusdt,sushiusdt,False,,,,,0.0001,,0.1,SUSHI/USDT,binance,,,,
BINANCE-SPOT:SPOT_PAIR:TRB-USDT,BINANCE-SPOT,SPOT_PAIR,TRB-USDT,exchange,binance,tardis,crypto,2020-09-03T00:00:00.000Z,,"trades,book_snapshot_5",TRB,USDT,USDT,trbusdt,trbusdt,False,,,,,0.01,,0.001,TRB/USDT,binance,,,,
BINANCE-SPOT:SPOT_PAIR:RLC-USDT,BINANCE-SPOT,SPOT_PAIR,RLC-USDT,exchange,binance,tardis,crypto,2020-09-03T00:00:00.000Z,,"trades,book_snapshot_5",RLC,USDT,USDT,rlcusdt,rlcusdt,False,,,,,0.001,,0.1,RLC/USDT,binance,,,,
BINANCE-SPOT:SPOT_PAIR:RUNE-USDT,BINANCE-SPOT,SPOT_PAIR,RUNE-USDT,exchange,binance,tardis,crypto,2020-09-04T00:00:00.000Z,,"trades,book_snapshot_5",RUNE,USDT,USDT,runeusdt,runeusdt,False,,,,,0.001,,0.1,RUNE/USDT,binance,,,,
BINANCE-SPOT:SPOT_PAIR:DIA-USDT,BINANCE-SPOT,SPOT_PAIR,DIA-USDT,exchange,binance,tardis,crypto,2020-09-04T00:00:00.000Z,,"trades,book_snapshot_5",DIA,USDT,USDT,diausdt,diausdt,False,,,,,0.0001,,0.1,DIA/USDT,binance,,,,
BINANCE-SPOT:SPOT_PAIR:UMA-USDT,BINANCE-SPOT,SPOT_PAIR,UMA-USDT,exchange,binance,tardis,crypto,2020-09-09T00:00:00.000Z,,"trades,book_snapshot_5",UMA,USDT,USDT,umausdt,umausdt,False,,,,,0.001,,0.1,UMA/USDT,binance,,,,
BINANCE-SPOT:SPOT_PAIR:EGLD-USDT,BINANCE-SPOT,SPOT_PAIR,EGLD-USDT,exchange,binance,tardis,crypto,2020-09-15T00:00:00.000Z,,"trades,book_snapshot_5",EGLD,USDT,USDT,egldusdt,egldusdt,False,,,,,0.01,,0.01,EGLD/USDT,binance,,,,
BINANCE-SPOT:SPOT_PAIR:KSM-USDT,BINANCE-SPOT,SPOT_PAIR,KSM-USDT,exchange,binance,tardis,crypto,2020-09-16T00:00:00.000Z,,"trades,book_snapshot_5",KSM,USDT,USDT,ksmusdt,ksmusdt,False,,,,,0.01,,0.001,KSM/USDT,binance,,,,
BINANCE-SPOT:SPOT_PAIR:UNI-USDT,BINANCE-SPOT,SPOT_PAIR,UNI-USDT,exchange,binance,tardis,crypto,2020-09-17T00:00:00.000Z,,"trades,book_snapshot_5",UNI,USDT,USDT,uniusdt,uniusdt,False,,,,,0.001,,0.01,UNI/USDT,binance,,,,
BINANCE-SPOT:SPOT_PAIR:STORJ-USDT,BINANCE-SPOT,SPOT_PAIR,STORJ-USDT,exchange,binance,tardis,crypto,2020-09-17T00:00:00.000Z,,"trades,book_snapshot_5",STORJ,USDT,USDT,storjusdt,storjusdt,False,,,,,0.0001,,1.0,STORJ/USDT,binance,,,,
BINANCE-SPOT:SPOT_PAIR:OXT-USDT,BINANCE-SPOT,SPOT_PAIR,OXT-USDT,exchange,binance,tardis,crypto,2020-09-22T00:00:00.000Z,,"trades,book_snapshot_5",OXT,USDT,USDT,oxtusdt,oxtusdt,False,,,,,0.0001,,1.0,OXT/USDT,binance,,,,
BINANCE-SPOT:SPOT_PAIR:AVAX-USDT,BINANCE-SPOT,SPOT_PAIR,AVAX-USDT,exchange,binance,tardis,crypto,2020-09-22T00:00:00.000Z,,"trades,book_snapshot_5",AVAX,USDT,USDT,avaxusdt,avaxusdt,False,,,,,0.01,,0.01,AVAX/USDT,binance,,,,
BINANCE-SPOT:SPOT_PAIR:FLM-USDT,BINANCE-SPOT,SPOT_PAIR,FLM-USDT,exchange,binance,tardis,crypto,2020-09-30T00:00:00.000Z,,"trades,book_snapshot_5",FLM,USDT,USDT,flmusdt,flmusdt,False,,,,,0.0001,,1.0,FLM/USDT,binance,,,,
BINANCE-SPOT:SPOT_PAIR:NEAR-USDT,BINANCE-SPOT,SPOT_PAIR,NEAR-USDT,exchange,binance,tardis,crypto,2020-10-14T00:00:00.000Z,,"trades,book_snapshot_5",NEAR,USDT,USDT,nearusdt,nearusdt,False,,,,,0.001,,0.1,NEAR/USDT,binance,,,,
BINANCE-SPOT:SPOT_PAIR:AAVE-USDT,BINANCE-SPOT,SPOT_PAIR,AAVE-USDT,exchange,binance,tardis,crypto,2020-10-16T00:00:00.000Z,,"trades,book_snapshot_5",AAVE,USDT,USDT,aaveusdt,aaveusdt,False,,,,,0.01,,0.001,AAVE/USDT,binance,,,,
BINANCE-SPOT:SPOT_PAIR:FIL-USDT,BINANCE-SPOT,SPOT_PAIR,FIL-USDT,exchange,binance,tardis,crypto,2020-10-17T00:00:00.000Z,,"trades,book_snapshot_5",FIL,USDT,USDT,filusdt,filusdt,False,,,,,0.001,,0.01,FIL/USDT,binance,,,,
BINANCE-SPOT:SPOT_PAIR:RSR-USDT,BINANCE-SPOT,SPOT_PAIR,RSR-USDT,exchange,binance,tardis,crypto,2020-10-19T00:00:00.000Z,,"trades,book_snapshot_5",RSR,USDT,USDT,rsrusdt,rsrusdt,False,,,,,1e-06,,0.1,RSR/USDT,binance,,,,
BINANCE-SPOT:SPOT_PAIR:BEL-USDT,BINANCE-SPOT,SPOT_PAIR,BEL-USDT,exchange,binance,tardis,crypto,2020-11-18T00:00:00.000Z,,"trades,book_snapshot_5",BEL,USDT,USDT,belusdt,belusdt,False,,,,,0.0001,,0.1,BEL/USDT,binance,,,,
BINANCE-SPOT:SPOT_PAIR:CTK-USDT,BINANCE-SPOT,SPOT_PAIR,CTK-USDT,exchange,binance,tardis,crypto,2020-11-19T00:00:00.000Z,,"trades,book_snapshot_5",CTK,USDT,USDT,ctkusdt,ctkusdt,False,,,,,0.0001,,0.1,CTK/USDT,binance,,,,
BINANCE-SPOT:SPOT_PAIR:AXS-USDT,BINANCE-SPOT,SPOT_PAIR,AXS-USDT,exchange,binance,tardis,crypto,2020-11-20T00:00:00.000Z,,"trades,book_snapshot_5",AXS,USDT,USDT,axsusdt,axsusdt,False,,,,,0.001,,0.01,AXS/USDT,binance,,,,
BINANCE-SPOT:SPOT_PAIR:EUR-USDT,BINANCE-SPOT,SPOT_PAIR,EUR-USDT,exchange,binance,tardis,crypto,2020-11-27T00:00:00.000Z,,"trades,book_snapshot_5",EUR,USDT,USDT,eurusdt,eurusdt,False,,,,,0.0001,,0.1,EUR/USDT,binance,,,,
BINANCE-SPOT:SPOT_PAIR:AVA-USDT,BINANCE-SPOT,SPOT_PAIR,AVA-USDT,exchange,binance,tardis,crypto,2020-11-27T00:00:00.000Z,,"trades,book_snapshot_5",AVA,USDT,USDT,avausdt,avausdt,False,,,,,0.0001,,0.1,AVA/USDT,binance,,,,
BINANCE-SPOT:SPOT_PAIR:UTK-USDT,BINANCE-SPOT,SPOT_PAIR,UTK-USDT,exchange,binance,tardis,crypto,2020-11-27T00:00:00.000Z,,"trades,book_snapshot_5",UTK,USDT,USDT,utkusdt,utkusdt,False,,,,,1e-05,,1.0,UTK/USDT,binance,,,,
BINANCE-SPOT:SPOT_PAIR:SKL-USDT,BINANCE-SPOT,SPOT_PAIR,SKL-USDT,exchange,binance,tardis,crypto,2020-12-01T00:00:00.000Z,,"trades,book_snapshot_5",SKL,USDT,USDT,sklusdt,sklusdt,False,,,,,1e-05,,1.0,SKL/USDT,binance,,,,
BINANCE-SPOT:SPOT_PAIR:GRT-USDT,BINANCE-SPOT,SPOT_PAIR,GRT-USDT,exchange,binance,tardis,crypto,2020-12-19T00:00:00.000Z,,"trades,book_snapshot_5",GRT,USDT,USDT,grtusdt,grtusdt,False,,,,,1e-05,,1.0,GRT/USDT,binance,,,,
BINANCE-SPOT:SPOT_PAIR:CHZ-USDT,BINANCE-SPOT,SPOT_PAIR,CHZ-USDT,exchange,binance,tardis,crypto,2020-12-28T00:00:00.000Z,,"trades,book_snapshot_5",CHZ,USDT,USDT,chzusdt,chzusdt,False,,,,,1e-05,,1.0,CHZ/USDT,binance,,,,
BINANCE-SPOT:SPOT_PAIR:BNT-USDT,BINANCE-SPOT,SPOT_PAIR,BNT-USDT,exchange,binance,tardis,crypto,2020-12-28T00:00:00.000Z,,"trades,book_snapshot_5",BNT,USDT,USDT,bntusdt,bntusdt,False,,,,,0.0001,,0.1,BNT/USDT,binance,,,,
BINANCE-SPOT:SPOT_PAIR:CELO-USDT,BINANCE-SPOT,SPOT_PAIR,CELO-USDT,exchange,binance,tardis,crypto,2021-01-05T00:00:00.000Z,,"trades,book_snapshot_5",CELO,USDT,USDT,celousdt,celousdt,False,,,,,0.0001,,0.1,CELO/USDT,binance,,,,
BINANCE-SPOT:SPOT_PAIR:RIF-USDT,BINANCE-SPOT,SPOT_PAIR,RIF-USDT,exchange,binance,tardis,crypto,2021-01-07T00:00:00.000Z,,"trades,book_snapshot_5",RIF,USDT,USDT,rifusdt,rifusdt,False,,,,,0.0001,,1.0,RIF/USDT,binance,,,,
BINANCE-SPOT:SPOT_PAIR:TRU-USDT,BINANCE-SPOT,SPOT_PAIR,TRU-USDT,exchange,binance,tardis,crypto,2021-01-19T00:00:00.000Z,,"trades,book_snapshot_5",TRU,USDT,USDT,truusdt,truusdt,False,,,,,0.0001,,1.0,TRU/USDT,binance,,,,
BINANCE-SPOT:SPOT_PAIR:JST-USDT,BINANCE-SPOT,SPOT_PAIR,JST-USDT,exchange,binance,tardis,crypto,2021-01-23T00:00:00.000Z,,"trades,book_snapshot_5",JST,USDT,USDT,jstusdt,jstusdt,False,,,,,1e-05,,0.1,JST/USDT,binance,,,,
BINANCE-SPOT:SPOT_PAIR:SUN-USDT,BINANCE-SPOT,SPOT_PAIR,SUN-USDT,exchange,binance,tardis,crypto,2021-01-23T00:00:00.000Z,,"trades,book_snapshot_5",SUN,USDT,USDT,sunusdt,sunusdt,False,,,,,1e-05,,1.0,SUN/USDT,binance,,,,
BINANCE-SPOT:SPOT_PAIR:SAND-USDT,BINANCE-SPOT,SPOT_PAIR,SAND-USDT,exchange,binance,tardis,crypto,2021-01-25T00:00:00.000Z,,"trades,book_snapshot_5",SAND,USDT,USDT,sandusdt,sandusdt,False,,,,,0.0001,,1.0,SAND/USDT,binance,,,,
BINANCE-SPOT:SPOT_PAIR:ANKR-USDT,BINANCE-SPOT,SPOT_PAIR,ANKR-USDT,exchange,binance,tardis,crypto,2021-01-26T00:00:00.000Z,,"trades,book_snapshot_5",ANKR,USDT,USDT,ankrusdt,ankrusdt,False,,,,,1e-05,,0.1,ANKR/USDT,binance,,,,
BINANCE-SPOT:SPOT_PAIR:LUNA-USDT,BINANCE-SPOT,SPOT_PAIR,LUNA-USDT,exchange,binance,tardis,crypto,2021-01-28T00:00:00.000Z,,"trades,book_snapshot_5",LUNA,USDT,USDT,lunausdt,lunausdt,False,,,,,0.0001,,0.01,LUNA/USDT,binance,,,,
BINANCE-SPOT:SPOT_PAIR:DODO-USDT,BINANCE-SPOT,SPOT_PAIR,DODO-USDT,exchange,binance,tardis,crypto,2021-02-19T00:00:00.000Z,,"trades,book_snapshot_5",DODO,USDT,USDT,dodousdt,dodousdt,False,,,,,0.0001,,0.1,DODO/USDT,binance,,,,
BINANCE-SPOT:SPOT_PAIR:SFP-USDT,BINANCE-SPOT,SPOT_PAIR,SFP-USDT,exchange,binance,tardis,crypto,2021-02-24T00:00:00.000Z,,"trades,book_snapshot_5",SFP,USDT,USDT,sfpusdt,sfpusdt,False,,,,,0.0001,,1.0,SFP/USDT,binance,,,,
BINANCE-SPOT:SPOT_PAIR:WAN-USDT,BINANCE-SPOT,SPOT_PAIR,WAN-USDT,exchange,binance,tardis,crypto,2021-03-04T00:00:00.000Z,,"trades,book_snapshot_5",WAN,USDT,USDT,wanusdt,wanusdt,False,,,,,0.0001,,1.0,WAN/USDT,binance,,,,
BINANCE-SPOT:SPOT_PAIR:TFUEL-USDT,BINANCE-SPOT,SPOT_PAIR,TFUEL-USDT,exchange,binance,tardis,crypto,2021-03-04T00:00:00.000Z,,"trades,book_snapshot_5",TFUEL,USDT,USDT,tfuelusdt,tfuelusdt,False,,,,,1e-05,,1.0,TFUEL/USDT,binance,,,,
BINANCE-SPOT:SPOT_PAIR:COTI-USDT,BINANCE-SPOT,SPOT_PAIR,COTI-USDT,exchange,binance,tardis,crypto,2021-03-04T00:00:00.000Z,,"trades,book_snapshot_5",COTI,USDT,USDT,cotiusdt,cotiusdt,False,,,,,1e-05,,1.0,COTI/USDT,binance,,,,
BINANCE-SPOT:SPOT_PAIR:AUDIO-USDT,BINANCE-SPOT,SPOT_PAIR,AUDIO-USDT,exchange,binance,tardis,crypto,2021-03-04T00:00:00.000Z,,"trades,book_snapshot_5",AUDIO,USDT,USDT,audiousdt,audiousdt,False,,,,,0.0001,,0.1,AUDIO/USDT,binance,,,,
BINANCE-SPOT:SPOT_PAIR:FIS-USDT,BINANCE-SPOT,SPOT_PAIR,FIS-USDT,exchange,binance,tardis,crypto,2021-03-04T00:00:00.000Z,,"trades,book_snapshot_5",FIS,USDT,USDT,fisusdt,fisusdt,False,,,,,0.0001,,1.0,FIS/USDT,binance,,,,
BINANCE-SPOT:SPOT_PAIR:COS-USDT,BINANCE-SPOT,SPOT_PAIR,COS-USDT,exchange,binance,tardis,crypto,2021-03-04T00:00:00.000Z,,"trades,book_snapshot_5",COS,USDT,USDT,cosusdt,cosusdt,False,,,,,1e-06,,0.1,COS/USDT,binance,,,,
BINANCE-SPOT:SPOT_PAIR:JUV-USDT,BINANCE-SPOT,SPOT_PAIR,JUV-USDT,exchange,binance,tardis,crypto,2021-03-04T00:00:00.000Z,,"trades,book_snapshot_5",JUV,USDT,USDT,juvusdt,juvusdt,False,,,,,0.001,,0.01,JUV/USDT,binance,,,,
BINANCE-SPOT:SPOT_PAIR:ONG-USDT,BINANCE-SPOT,SPOT_PAIR,ONG-USDT,exchange,binance,tardis,crypto,2021-03-04T00:00:00.000Z,,"trades,book_snapshot_5",ONG,USDT,USDT,ongusdt,ongusdt,False,,,,,0.0001,,1.0,ONG/USDT,binance,,,,
BINANCE-SPOT:SPOT_PAIR:XVS-USDT,BINANCE-SPOT,SPOT_PAIR,XVS-USDT,exchange,binance,tardis,crypto,2021-03-04T00:00:00.000Z,,"trades,book_snapshot_5",XVS,USDT,USDT,xvsusdt,xvsusdt,False,,,,,0.01,,0.01,XVS/USDT,binance,,,,
BINANCE-SPOT:SPOT_PAIR:STRAX-USDT,BINANCE-SPOT,SPOT_PAIR,STRAX-USDT,exchange,binance,tardis,crypto,2021-03-04T00:00:00.000Z,,"trades,book_snapshot_5",STRAX,USDT,USDT,straxusdt,straxusdt,False,,,,,1e-05,,1.0,STRAX/USDT,binance,,,,
BINANCE-SPOT:SPOT_PAIR:INJ-USDT,BINANCE-SPOT,SPOT_PAIR,INJ-USDT,exchange,binance,tardis,crypto,2021-03-04T00:00:00.000Z,,"trades,book_snapshot_5",INJ,USDT,USDT,injusdt,injusdt,False,,,,,0.01,,0.01,INJ/USDT,binance,,,,
BINANCE-SPOT:SPOT_PAIR:ARDR-USDT,BINANCE-SPOT,SPOT_PAIR,ARDR-USDT,exchange,binance,tardis,crypto,2021-03-04T00:00:00.000Z,,"trades,book_snapshot_5",ARDR,USDT,USDT,ardrusdt,ardrusdt,False,,,,,1e-05,,1.0,ARDR/USDT,binance,,,,
BINANCE-SPOT:SPOT_PAIR:HOT-USDT,BINANCE-SPOT,SPOT_PAIR,HOT-USDT,exchange,binance,tardis,crypto,2021-03-04T00:00:00.000Z,,"trades,book_snapshot_5",HOT,USDT,USDT,hotusdt,hotusdt,False,,,,,1e-06,,1.0,HOT/USDT,binance,,,,
BINANCE-SPOT:SPOT_PAIR:FIO-USDT,BINANCE-SPOT,SPOT_PAIR,FIO-USDT,exchange,binance,tardis,crypto,2021-03-04T00:00:00.000Z,,"trades,book_snapshot_5",FIO,USDT,USDT,fiousdt,fiousdt,False,,,,,1e-05,,1.0,FIO/USDT,binance,,,,
BINANCE-SPOT:SPOT_PAIR:CAKE-USDT,BINANCE-SPOT,SPOT_PAIR,CAKE-USDT,exchange,binance,tardis,crypto,2021-03-04T00:00:00.000Z,,"trades,book_snapshot_5",CAKE,USDT,USDT,cakeusdt,cakeusdt,False,,,,,0.001,,0.01,CAKE/USDT,binance,,,,
BINANCE-SPOT:SPOT_PAIR:OG-USDT,BINANCE-SPOT,SPOT_PAIR,OG-USDT,exchange,binance,tardis,crypto,2021-03-04T00:00:00.000Z,,"trades,book_snapshot_5",OG,USDT,USDT,ogusdt,ogusdt,False,,,,,0.001,,0.1,OG/USDT,binance,,,,
BINANCE-SPOT:SPOT_PAIR:DENT-USDT,BINANCE-SPOT,SPOT_PAIR,DENT-USDT,exchange,binance,tardis,crypto,2021-03-04T00:00:00.000Z,,"trades,book_snapshot_5",DENT,USDT,USDT,dentusdt,dentusdt,False,,,,,1e-06,,1.0,DENT/USDT,binance,,,,
BINANCE-SPOT:SPOT_PAIR:WIN-USDT,BINANCE-SPOT,SPOT_PAIR,WIN-USDT,exchange,binance,tardis,crypto,2021-03-04T00:00:00.000Z,,"trades,book_snapshot_5",WIN,USDT,USDT,winusdt,winusdt,False,,,,,1e-08,,1.0,WIN/USDT,binance,,,,
BINANCE-SPOT:SPOT_PAIR:OGN-USDT,BINANCE-SPOT,SPOT_PAIR,OGN-USDT,exchange,binance,tardis,crypto,2021-03-04T00:00:00.000Z,,"trades,book_snapshot_5",OGN,USDT,USDT,ognusdt,ognusdt,False,,,,,0.0001,,1.0,OGN/USDT,binance,,,,
BINANCE-SPOT:SPOT_PAIR:ONE-USDT,BINANCE-SPOT,SPOT_PAIR,ONE-USDT,exchange,binance,tardis,crypto,2021-03-04T00:00:00.000Z,,"trades,book_snapshot_5",ONE,USDT,USDT,oneusdt,oneusdt,False,,,,,1e-05,,0.1,ONE/USDT,binance,,,,
BINANCE-SPOT:SPOT_PAIR:CTSI-USDT,BINANCE-SPOT,SPOT_PAIR,CTSI-USDT,exchange,binance,tardis,crypto,2021-03-04T00:00:00.000Z,,"trades,book_snapshot_5",CTSI,USDT,USDT,ctsiusdt,ctsiusdt,False,,,,,0.0001,,1.0,CTSI/USDT,binance,,,,
BINANCE-SPOT:SPOT_PAIR:FET-USDT,BINANCE-SPOT,SPOT_PAIR,FET-USDT,exchange,binance,tardis,crypto,2021-03-04T00:00:00.000Z,,"trades,book_snapshot_5",FET,USDT,USDT,fetusdt,fetusdt,False,,,,,0.0001,,0.1,FET/USDT,binance,,,,
BINANCE-SPOT:SPOT_PAIR:ACM-USDT,BINANCE-SPOT,SPOT_PAIR,ACM-USDT,exchange,binance,tardis,crypto,2021-03-04T00:00:00.000Z,,"trades,book_snapshot_5",ACM,USDT,USDT,acmusdt,acmusdt,False,,,,,0.001,,0.1,ACM/USDT,binance,,,,
BINANCE-SPOT:SPOT_PAIR:ROSE-USDT,BINANCE-SPOT,SPOT_PAIR,ROSE-USDT,exchange,binance,tardis,crypto,2021-03-04T00:00:00.000Z,,"trades,book_snapshot_5",ROSE,USDT,USDT,roseusdt,roseusdt,False,,,,,1e-05,,0.1,ROSE/USDT,binance,,,,
BINANCE-SPOT:SPOT_PAIR:CHR-USDT,BINANCE-SPOT,SPOT_PAIR,CHR-USDT,exchange,binance,tardis,crypto,2021-03-04T00:00:00.000Z,,"trades,book_snapshot_5",CHR,USDT,USDT,chrusdt,chrusdt,False,,,,,0.0001,,1.0,CHR/USDT,binance,,,,
BINANCE-SPOT:SPOT_PAIR:VTHO-USDT,BINANCE-SPOT,SPOT_PAIR,VTHO-USDT,exchange,binance,tardis,crypto,2021-03-04T00:00:00.000Z,,"trades,book_snapshot_5",VTHO,USDT,USDT,vthousdt,vthousdt,False,,,,,1e-06,,1.0,VTHO/USDT,binance,,,,
BINANCE-SPOT:SPOT_PAIR:MBL-USDT,BINANCE-SPOT,SPOT_PAIR,MBL-USDT,exchange,binance,tardis,crypto,2021-03-04T00:00:00.000Z,,"trades,book_snapshot_5",MBL,USDT,USDT,mblusdt,mblusdt,False,,,,,1e-06,,1.0,MBL/USDT,binance,,,,
BINANCE-SPOT:SPOT_PAIR:CKB-USDT,BINANCE-SPOT,SPOT_PAIR,CKB-USDT,exchange,binance,tardis,crypto,2021-03-04T00:00:00.000Z,,"trades,book_snapshot_5",CKB,USDT,USDT,ckbusdt,ckbusdt,False,,,,,1e-06,,1.0,CKB/USDT,binance,,,,
BINANCE-SPOT:SPOT_PAIR:TWT-USDT,BINANCE-SPOT,SPOT_PAIR,TWT-USDT,exchange,binance,tardis,crypto,2021-03-04T00:00:00.000Z,,"trades,book_snapshot_5",TWT,USDT,USDT,twtusdt,twtusdt,False,,,,,0.0001,,1.0,TWT/USDT,binance,,,,
BINANCE-SPOT:SPOT_PAIR:MDT-USDT,BINANCE-SPOT,SPOT_PAIR,MDT-USDT,exchange,binance,tardis,crypto,2021-03-04T00:00:00.000Z,,"trades,book_snapshot_5",MDT,USDT,USDT,mdtusdt,mdtusdt,False,,,,,1e-05,,0.1,MDT/USDT,binance,,,,
BINANCE-SPOT:SPOT_PAIR:PSG-USDT,BINANCE-SPOT,SPOT_PAIR,PSG-USDT,exchange,binance,tardis,crypto,2021-03-04T00:00:00.000Z,,"trades,book_snapshot_5",PSG,USDT,USDT,psgusdt,psgusdt,False,,,,,0.001,,0.01,PSG/USDT,binance,,,,
BINANCE-SPOT:SPOT_PAIR:CELR-USDT,BINANCE-SPOT,SPOT_PAIR,CELR-USDT,exchange,binance,tardis,crypto,2021-03-04T00:00:00.000Z,,"trades,book_snapshot_5",CELR,USDT,USDT,celrusdt,celrusdt,False,,,,,1e-06,,0.1,CELR/USDT,binance,,,,
BINANCE-SPOT:SPOT_PAIR:ATM-USDT,BINANCE-SPOT,SPOT_PAIR,ATM-USDT,exchange,binance,tardis,crypto,2021-03-04T00:00:00.000Z,,"trades,book_snapshot_5",ATM,USDT,USDT,atmusdt,atmusdt,False,,,,,0.001,,0.01,ATM/USDT,binance,,,,
BINANCE-SPOT:SPOT_PAIR:IOTX-USDT,BINANCE-SPOT,SPOT_PAIR,IOTX-USDT,exchange,binance,tardis,crypto,2021-03-04T00:00:00.000Z,,"trades,book_snapshot_5",IOTX,USDT,USDT,iotxusdt,iotxusdt,False,,,,,1e-05,,1.0,IOTX/USDT,binance,,,,
BINANCE-SPOT:SPOT_PAIR:NKN-USDT,BINANCE-SPOT,SPOT_PAIR,NKN-USDT,exchange,binance,tardis,crypto,2021-03-04T00:00:00.000Z,,"trades,book_snapshot_5",NKN,USDT,USDT,nknusdt,nknusdt,False,,,,,0.0001,,1.0,NKN/USDT,binance,,,,
BINANCE-SPOT:SPOT_PAIR:DUSK-USDT,BINANCE-SPOT,SPOT_PAIR,DUSK-USDT,exchange,binance,tardis,crypto,2021-03-04T00:00:00.000Z,,"trades,book_snapshot_5",DUSK,USDT,USDT,duskusdt,duskusdt,False,,,,,0.0001,,1.0,DUSK/USDT,binance,,,,
BINANCE-SPOT:SPOT_PAIR:ASR-USDT,BINANCE-SPOT,SPOT_PAIR,ASR-USDT,exchange,binance,tardis,crypto,2021-03-04T00:00:00.000Z,,"trades,book_snapshot_5",ASR,USDT,USDT,asrusdt,asrusdt,False,,,,,0.001,,0.1,ASR/USDT,binance,,,,
BINANCE-SPOT:SPOT_PAIR:FUN-USDT,BINANCE-SPOT,SPOT_PAIR,FUN-USDT,exchange,binance,tardis,crypto,2021-03-04T00:00:00.000Z,,"trades,book_snapshot_5",FUN,USDT,USDT,funusdt,funusdt,False,,,,,1e-06,,1.0,FUN/USDT,binance,,,,
BINANCE-SPOT:SPOT_PAIR:OM-USDT,BINANCE-SPOT,SPOT_PAIR,OM-USDT,exchange,binance,tardis,crypto,2021-03-08T00:00:00.000Z,,"trades,book_snapshot_5",OM,USDT,USDT,omusdt,omusdt,False,,,,,0.0001,,0.1,OM/USDT,binance,,,,
BINANCE-SPOT:SPOT_PAIR:POND-USDT,BINANCE-SPOT,SPOT_PAIR,POND-USDT,exchange,binance,tardis,crypto,2021-03-09T00:00:00.000Z,,"trades,book_snapshot_5",POND,USDT,USDT,pondusdt,pondusdt,False,,,,,1e-05,,1.0,POND/USDT,binance,,,,
BINANCE-SPOT:SPOT_PAIR:DEGO-USDT,BINANCE-SPOT,SPOT_PAIR,DEGO-USDT,exchange,binance,tardis,crypto,2021-03-10T00:00:00.000Z,,"trades,book_snapshot_5",DEGO,USDT,USDT,degousdt,degousdt,False,,,,,0.001,,0.01,DEGO/USDT,binance,,,,
BINANCE-SPOT:SPOT_PAIR:ALICE-USDT,BINANCE-SPOT,SPOT_PAIR,ALICE-USDT,exchange,binance,tardis,crypto,2021-03-15T00:00:00.000Z,,"trades,book_snapshot_5",ALICE,USDT,USDT,aliceusdt,aliceusdt,False,,,,,0.0001,,0.01,ALICE/USDT,binance,,,,
BINANCE-SPOT:SPOT_PAIR:PERP-USDT,BINANCE-SPOT,SPOT_PAIR,PERP-USDT,exchange,binance,tardis,crypto,2021-03-19T00:00:00.000Z,,"trades,book_snapshot_5",PERP,USDT,USDT,perpusdt,perpusdt,False,,,,,0.0001,,0.01,PERP/USDT,binance,,,,
BINANCE-SPOT:SPOT_PAIR:SUPER-USDT,BINANCE-SPOT,SPOT_PAIR,SUPER-USDT,exchange,binance,tardis,crypto,2021-03-25T00:00:00.000Z,,"trades,book_snapshot_5",SUPER,USDT,USDT,superusdt,superusdt,False,,,,,0.0001,,1.0,SUPER/USDT,binance,,,,
BINANCE-SPOT:SPOT_PAIR:CFX-USDT,BINANCE-SPOT,SPOT_PAIR,CFX-USDT,exchange,binance,tardis,crypto,2021-03-29T00:00:00.000Z,,"trades,book_snapshot_5",CFX,USDT,USDT,cfxusdt,cfxusdt,False,,,,,0.0001,,1.0,CFX/USDT,binance,,,,
BINANCE-SPOT:SPOT_PAIR:TKO-USDT,BINANCE-SPOT,SPOT_PAIR,TKO-USDT,exchange,binance,tardis,crypto,2021-04-07T00:00:00.000Z,,"trades,book_snapshot_5",TKO,USDT,USDT,tkousdt,tkousdt,False,,,,,0.0001,,0.1,TKO/USDT,binance,,,,
BINANCE-SPOT:SPOT_PAIR:PUNDIX-USDT,BINANCE-SPOT,SPOT_PAIR,PUNDIX-USDT,exchange,binance,tardis,crypto,2021-04-09T00:00:00.000Z,,"trades,book_snapshot_5",PUNDIX,USDT,USDT,pundixusdt,pundixusdt,False,,,,,0.0001,,0.1,PUNDIX/USDT,binance,,,,
BINANCE-SPOT:SPOT_PAIR:TLM-USDT,BINANCE-SPOT,SPOT_PAIR,TLM-USDT,exchange,binance,tardis,crypto,2021-04-13T00:00:00.000Z,,"trades,book_snapshot_5",TLM,USDT,USDT,tlmusdt,tlmusdt,False,,,,,1e-05,,1.0,TLM/USDT,binance,,,,
BINANCE-SPOT:SPOT_PAIR:BAR-USDT,BINANCE-SPOT,SPOT_PAIR,BAR-USDT,exchange,binance,tardis,crypto,2021-04-21T00:00:00.000Z,,"trades,book_snapshot_5",BAR,USDT,USDT,barusdt,barusdt,False,,,,,0.001,,0.01,BAR/USDT,binance,,,,
BINANCE-SPOT:SPOT_PAIR:FORTH-USDT,BINANCE-SPOT,SPOT_PAIR,FORTH-USDT,exchange,binance,tardis,crypto,2021-04-23T00:00:00.000Z,,"trades,book_snapshot_5",FORTH,USDT,USDT,forthusdt,forthusdt,False,,,,,0.001,,0.01,FORTH/USDT,binance,,,,
BINANCE-SPOT:SPOT_PAIR:SLP-USDT,BINANCE-SPOT,SPOT_PAIR,SLP-USDT,exchange,binance,tardis,crypto,2021-04-30T00:00:00.000Z,,"trades,book_snapshot_5",SLP,USDT,USDT,slpusdt,slpusdt,False,,,,,1e-06,,1.0,SLP/USDT,binance,,,,
BINANCE-SPOT:SPOT_PAIR:SHIB-USDT,BINANCE-SPOT,SPOT_PAIR,SHIB-USDT,exchange,binance,tardis,crypto,2021-05-10T00:00:00.000Z,,"trades,book_snapshot_5",SHIB,USDT,USDT,shibusdt,shibusdt,False,,,,,1e-08,,1.0,SHIB/USDT,binance,,,,
BINANCE-SPOT:SPOT_PAIR:ICP-USDT,BINANCE-SPOT,SPOT_PAIR,ICP-USDT,exchange,binance,tardis,crypto,2021-05-11T00:00:00.000Z,,"trades,book_snapshot_5",ICP,USDT,USDT,icpusdt,icpusdt,False,,,,,0.001,,0.01,ICP/USDT,binance,,,,
BINANCE-SPOT:SPOT_PAIR:AR-USDT,BINANCE-SPOT,SPOT_PAIR,AR-USDT,exchange,binance,tardis,crypto,2021-05-14T00:00:00.000Z,,"trades,book_snapshot_5",AR,USDT,USDT,arusdt,arusdt,False,,,,,0.01,,0.01,AR/USDT,binance,,,,
BINANCE-SPOT:SPOT_PAIR:MASK-USDT,BINANCE-SPOT,SPOT_PAIR,MASK-USDT,exchange,binance,tardis,crypto,2021-05-25T00:00:00.000Z,,"trades,book_snapshot_5",MASK,USDT,USDT,maskusdt,maskusdt,False,,,,,0.001,,0.1,MASK/USDT,binance,,,,
BINANCE-SPOT:SPOT_PAIR:LPT-USDT,BINANCE-SPOT,SPOT_PAIR,LPT-USDT,exchange,binance,tardis,crypto,2021-05-28T00:00:00.000Z,,"trades,book_snapshot_5",LPT,USDT,USDT,lptusdt,lptusdt,False,,,,,0.001,,0.01,LPT/USDT,binance,,,,
BINANCE-SPOT:SPOT_PAIR:XVG-USDT,BINANCE-SPOT,SPOT_PAIR,XVG-USDT,exchange,binance,tardis,crypto,2021-06-06T00:00:00.000Z,,"trades,book_snapshot_5",XVG,USDT,USDT,xvgusdt,xvgusdt,False,,,,,1e-06,,1.0,XVG/USDT,binance,,,,
BINANCE-SPOT:SPOT_PAIR:ATA-USDT,BINANCE-SPOT,SPOT_PAIR,ATA-USDT,exchange,binance,tardis,crypto,2021-06-07T00:00:00.000Z,,"trades,book_snapshot_5",ATA,USDT,USDT,atausdt,atausdt,False,,,,,0.0001,,1.0,ATA/USDT,binance,,,,
BINANCE-SPOT:SPOT_PAIR:GTC-USDT,BINANCE-SPOT,SPOT_PAIR,GTC-USDT,exchange,binance,tardis,crypto,2021-06-10T00:00:00.000Z,,"trades,book_snapshot_5",GTC,USDT,USDT,gtcusdt,gtcusdt,False,,,,,0.001,,0.1,GTC/USDT,binance,,,,
BINANCE-SPOT:SPOT_PAIR:PHA-USDT,BINANCE-SPOT,SPOT_PAIR,PHA-USDT,exchange,binance,tardis,crypto,2021-06-25T00:00:00.000Z,,"trades,book_snapshot_5",PHA,USDT,USDT,phausdt,phausdt,False,,,,,0.0001,,1.0,PHA/USDT,binance,,,,
BINANCE-SPOT:SPOT_PAIR:MLN-USDT,BINANCE-SPOT,SPOT_PAIR,MLN-USDT,exchange,binance,tardis,crypto,2021-07-05T00:00:00.000Z,,"trades,book_snapshot_5",MLN,USDT,USDT,mlnusdt,mlnusdt,False,,,,,0.01,,0.001,MLN/USDT,binance,,,,
BINANCE-SPOT:SPOT_PAIR:DEXE-USDT,BINANCE-SPOT,SPOT_PAIR,DEXE-USDT,exchange,binance,tardis,crypto,2021-07-23T00:00:00.000Z,,"trades,book_snapshot_5",DEXE,USDT,USDT,dexeusdt,dexeusdt,False,,,,,0.001,,0.01,DEXE/USDT,binance,,,,
BINANCE-SPOT:SPOT_PAIR:C98-USDT,BINANCE-SPOT,SPOT_PAIR,C98-USDT,exchange,binance,tardis,crypto,2021-07-23T00:00:00.000Z,,"trades,book_snapshot_5",C98,USDT,USDT,c98usdt,c98usdt,False,,,,,0.0001,,0.1,C98/USDT,binance,,,,
BINANCE-SPOT:SPOT_PAIR:QNT-USDT,BINANCE-SPOT,SPOT_PAIR,QNT-USDT,exchange,binance,tardis,crypto,2021-07-29T00:00:00.000Z,,"trades,book_snapshot_5",QNT,USDT,USDT,qntusdt,qntusdt,False,,,,,0.01,,0.001,QNT/USDT,binance,,,,
BINANCE-SPOT:SPOT_PAIR:FLOW-USDT,BINANCE-SPOT,SPOT_PAIR,FLOW-USDT,exchange,binance,tardis,crypto,2021-07-30T00:00:00.000Z,,"trades,book_snapshot_5",FLOW,USDT,USDT,flowusdt,flowusdt,False,,,,,0.001,,0.01,FLOW/USDT,binance,,,,
BINANCE-SPOT:SPOT_PAIR:RAY-USDT,BINANCE-SPOT,SPOT_PAIR,RAY-USDT,exchange,binance,tardis,crypto,2021-08-10T00:00:00.000Z,,"trades,book_snapshot_5",RAY,USDT,USDT,rayusdt,rayusdt,False,,,,,0.001,,0.1,RAY/USDT,binance,,,,
BINANCE-SPOT:SPOT_PAIR:MINA-USDT,BINANCE-SPOT,SPOT_PAIR,MINA-USDT,exchange,binance,tardis,crypto,2021-08-10T00:00:00.000Z,,"trades,book_snapshot_5",MINA,USDT,USDT,minausdt,minausdt,False,,,,,0.0001,,0.1,MINA/USDT,binance,,,,
BINANCE-SPOT:SPOT_PAIR:FARM-USDT,BINANCE-SPOT,SPOT_PAIR,FARM-USDT,exchange,binance,tardis,crypto,2021-08-11T00:00:00.000Z,,"trades,book_snapshot_5",FARM,USDT,USDT,farmusdt,farmusdt,False,,,,,0.01,,0.001,FARM/USDT,binance,,,,
BINANCE-SPOT:SPOT_PAIR:QUICK-USDT,BINANCE-SPOT,SPOT_PAIR,QUICK-USDT,exchange,binance,tardis,crypto,2021-08-13T00:00:00.000Z,,"trades,book_snapshot_5",QUICK,USDT,USDT,quickusdt,quickusdt,False,,,,,1e-05,,1.0,QUICK/USDT,binance,,,,
BINANCE-SPOT:SPOT_PAIR:MBOX-USDT,BINANCE-SPOT,SPOT_PAIR,MBOX-USDT,exchange,binance,tardis,crypto,2021-08-19T00:00:00.000Z,,"trades,book_snapshot_5",MBOX,USDT,USDT,mboxusdt,mboxusdt,False,,,,,0.0001,,0.1,MBOX/USDT,binance,,,,
BINANCE-SPOT:SPOT_PAIR:REQ-USDT,BINANCE-SPOT,SPOT_PAIR,REQ-USDT,exchange,binance,tardis,crypto,2021-08-20T00:00:00.000Z,,"trades,book_snapshot_5",REQ,USDT,USDT,requsdt,requsdt,False,,,,,0.0001,,1.0,REQ/USDT,binance,,,,
BINANCE-SPOT:SPOT_PAIR:GHST-USDT,BINANCE-SPOT,SPOT_PAIR,GHST-USDT,exchange,binance,tardis,crypto,2021-08-20T00:00:00.000Z,,"trades,book_snapshot_5",GHST,USDT,USDT,ghstusdt,ghstusdt,False,,,,,0.001,,0.1,GHST/USDT,binance,,,,
BINANCE-SPOT:SPOT_PAIR:WAXP-USDT,BINANCE-SPOT,SPOT_PAIR,WAXP-USDT,exchange,binance,tardis,crypto,2021-08-23T00:00:00.000Z,,"trades,book_snapshot_5",WAXP,USDT,USDT,waxpusdt,waxpusdt,False,,,,,1e-05,,1.0,WAXP/USDT,binance,,,,
BINANCE-SPOT:SPOT_PAIR:GNO-USDT,BINANCE-SPOT,SPOT_PAIR,GNO-USDT,exchange,binance,tardis,crypto,2021-08-30T00:00:00.000Z,,"trades,book_snapshot_5",GNO,USDT,USDT,gnousdt,gnousdt,False,,,,,0.01,,0.001,GNO/USDT,binance,,,,
BINANCE-SPOT:SPOT_PAIR:XEC-USDT,BINANCE-SPOT,SPOT_PAIR,XEC-USDT,exchange,binance,tardis,crypto,2021-09-03T00:00:00.000Z,,"trades,book_snapshot_5",XEC,USDT,USDT,xecusdt,xecusdt,False,,,,,1e-08,,1.0,XEC/USDT,binance,,,,
BINANCE-SPOT:SPOT_PAIR:DYDX-USDT,BINANCE-SPOT,SPOT_PAIR,DYDX-USDT,exchange,binance,tardis,crypto,2021-09-09T00:00:00.000Z,,"trades,book_snapshot_5",DYDX,USDT,USDT,dydxusdt,dydxusdt,False,,,,,0.0001,,0.01,DYDX/USDT,binance,,,,
BINANCE-SPOT:SPOT_PAIR:IDEX-USDT,BINANCE-SPOT,SPOT_PAIR,IDEX-USDT,exchange,binance,tardis,crypto,2021-09-09T00:00:00.000Z,,"trades,book_snapshot_5",IDEX,USDT,USDT,idexusdt,idexusdt,False,,,,,1e-05,,0.1,IDEX/USDT,binance,,,,
BINANCE-SPOT:SPOT_PAIR:USDP-USDT,BINANCE-SPOT,SPOT_PAIR,USDP-USDT,exchange,binance,tardis,crypto,2021-09-10T00:00:00.000Z,,"trades,book_snapshot_5",USDP,USDT,USDT,usdpusdt,usdpusdt,False,,,,,0.0001,,1.0,USDP/USDT,binance,,,,
BINANCE-SPOT:SPOT_PAIR:GALA-USDT,BINANCE-SPOT,SPOT_PAIR,GALA-USDT,exchange,binance,tardis,crypto,2021-09-13T00:00:00.000Z,,"trades,book_snapshot_5",GALA,USDT,USDT,galausdt,galausdt,False,,,,,1e-05,,1.0,GALA/USDT,binance,,,,
BINANCE-SPOT:SPOT_PAIR:ILV-USDT,BINANCE-SPOT,SPOT_PAIR,ILV-USDT,exchange,binance,tardis,crypto,2021-09-22T00:00:00.000Z,,"trades,book_snapshot_5",ILV,USDT,USDT,ilvusdt,ilvusdt,False,,,,,0.01,,0.001,ILV/USDT,binance,,,,
BINANCE-SPOT:SPOT_PAIR:YGG-USDT,BINANCE-SPOT,SPOT_PAIR,YGG-USDT,exchange,binance,tardis,crypto,2021-09-24T00:00:00.000Z,,"trades,book_snapshot_5",YGG,USDT,USDT,yggusdt,yggusdt,False,,,,,0.0001,,0.1,YGG/USDT,binance,,,,
BINANCE-SPOT:SPOT_PAIR:DF-USDT,BINANCE-SPOT,SPOT_PAIR,DF-USDT,exchange,binance,tardis,crypto,2021-09-24T00:00:00.000Z,,"trades,book_snapshot_5",DF,USDT,USDT,dfusdt,dfusdt,False,,,,,1e-05,,1.0,DF/USDT,binance,,,,
BINANCE-SPOT:SPOT_PAIR:SYS-USDT,BINANCE-SPOT,SPOT_PAIR,SYS-USDT,exchange,binance,tardis,crypto,2021-09-24T00:00:00.000Z,,"trades,book_snapshot_5",SYS,USDT,USDT,sysusdt,sysusdt,False,,,,,1e-05,,1.0,SYS/USDT,binance,,,,
BINANCE-SPOT:SPOT_PAIR:FIDA-USDT,BINANCE-SPOT,SPOT_PAIR,FIDA-USDT,exchange,binance,tardis,crypto,2021-09-30T00:00:00.000Z,,"trades,book_snapshot_5",FIDA,USDT,USDT,fidausdt,fidausdt,False,,,,,0.0001,,0.1,FIDA/USDT,binance,,,,
BINANCE-SPOT:SPOT_PAIR:AGLD-USDT,BINANCE-SPOT,SPOT_PAIR,AGLD-USDT,exchange,binance,tardis,crypto,2021-10-05T00:00:00.000Z,,"trades,book_snapshot_5",AGLD,USDT,USDT,agldusdt,agldusdt,False,,,,,0.001,,0.1,AGLD/USDT,binance,,,,
BINANCE-SPOT:SPOT_PAIR:RAD-USDT,BINANCE-SPOT,SPOT_PAIR,RAD-USDT,exchange,binance,tardis,crypto,2021-10-07T00:00:00.000Z,,"trades,book_snapshot_5",RAD,USDT,USDT,radusdt,radusdt,False,,,,,0.001,,0.1,RAD/USDT,binance,,,,
BINANCE-SPOT:SPOT_PAIR:RARE-USDT,BINANCE-SPOT,SPOT_PAIR,RARE-USDT,exchange,binance,tardis,crypto,2021-10-11T00:00:00.000Z,,"trades,book_snapshot_5",RARE,USDT,USDT,rareusdt,rareusdt,False,,,,,0.0001,,0.1,RARE/USDT,binance,,,,
BINANCE-SPOT:SPOT_PAIR:LAZIO-USDT,BINANCE-SPOT,SPOT_PAIR,LAZIO-USDT,exchange,binance,tardis,crypto,2021-10-21T00:00:00.000Z,,"trades,book_snapshot_5",LAZIO,USDT,USDT,laziousdt,laziousdt,False,,,,,0.001,,0.01,LAZIO/USDT,binance,,,,
BINANCE-SPOT:SPOT_PAIR:CHESS-USDT,BINANCE-SPOT,SPOT_PAIR,CHESS-USDT,exchange,binance,tardis,crypto,2021-10-22T00:00:00.000Z,,"trades,book_snapshot_5",CHESS,USDT,USDT,chessusdt,chessusdt,False,,,,,1e-05,,0.1,CHESS/USDT,binance,,,,
BINANCE-SPOT:SPOT_PAIR:ADX-USDT,BINANCE-SPOT,SPOT_PAIR,ADX-USDT,exchange,binance,tardis,crypto,2021-10-29T00:00:00.000Z,,"trades,book_snapshot_5",ADX,USDT,USDT,adxusdt,adxusdt,False,,,,,0.0001,,1.0,ADX/USDT,binance,,,,
BINANCE-SPOT:SPOT_PAIR:AUCTION-USDT,BINANCE-SPOT,SPOT_PAIR,AUCTION-USDT,exchange,binance,tardis,crypto,2021-10-29T00:00:00.000Z,,"trades,book_snapshot_5",AUCTION,USDT,USDT,auctionusdt,auctionusdt,False,,,,,0.01,,0.01,AUCTION/USDT,binance,,,,
BINANCE-SPOT:SPOT_PAIR:MOVR-USDT,BINANCE-SPOT,SPOT_PAIR,MOVR-USDT,exchange,binance,tardis,crypto,2021-11-08T00:00:00.000Z,,"trades,book_snapshot_5",MOVR,USDT,USDT,movrusdt,movrusdt,False,,,,,0.001,,0.001,MOVR/USDT,binance,,,,
BINANCE-SPOT:SPOT_PAIR:ENS-USDT,BINANCE-SPOT,SPOT_PAIR,ENS-USDT,exchange,binance,tardis,crypto,2021-11-10T00:00:00.000Z,,"trades,book_snapshot_5",ENS,USDT,USDT,ensusdt,ensusdt,False,,,,,0.01,,0.01,ENS/USDT,binance,,,,
BINANCE-SPOT:SPOT_PAIR:CITY-USDT,BINANCE-SPOT,SPOT_PAIR,CITY-USDT,exchange,binance,tardis,crypto,2021-11-10T00:00:00.000Z,,"trades,book_snapshot_5",CITY,USDT,USDT,cityusdt,cityusdt,False,,,,,0.001,,0.01,CITY/USDT,binance,,,,
BINANCE-SPOT:SPOT_PAIR:QI-USDT,BINANCE-SPOT,SPOT_PAIR,QI-USDT,exchange,binance,tardis,crypto,2021-11-15T00:00:00.000Z,,"trades,book_snapshot_5",QI,USDT,USDT,qiusdt,qiusdt,False,,,,,1e-05,,1.0,QI/USDT,binance,,,,
BINANCE-SPOT:SPOT_PAIR:PORTO-USDT,BINANCE-SPOT,SPOT_PAIR,PORTO-USDT,exchange,binance,tardis,crypto,2021-11-16T00:00:00.000Z,,"trades,book_snapshot_5",PORTO,USDT,USDT,portousdt,portousdt,False,,,,,0.001,,0.01,PORTO/USDT,binance,,,,
BINANCE-SPOT:SPOT_PAIR:POWR-USDT,BINANCE-SPOT,SPOT_PAIR,POWR-USDT,exchange,binance,tardis,crypto,2021-11-17T00:00:00.000Z,,"trades,book_snapshot_5",POWR,USDT,USDT,powrusdt,powrusdt,False,,,,,0.0001,,1.0,POWR/USDT,binance,,,,
BINANCE-SPOT:SPOT_PAIR:JASMY-USDT,BINANCE-SPOT,SPOT_PAIR,JASMY-USDT,exchange,binance,tardis,crypto,2021-11-22T00:00:00.000Z,,"trades,book_snapshot_5",JASMY,USDT,USDT,jasmyusdt,jasmyusdt,False,,,,,1e-05,,0.1,JASMY/USDT,binance,,,,
BINANCE-SPOT:SPOT_PAIR:AMP-USDT,BINANCE-SPOT,SPOT_PAIR,AMP-USDT,exchange,binance,tardis,crypto,2021-11-23T00:00:00.000Z,,"trades,book_snapshot_5",AMP,USDT,USDT,ampusdt,ampusdt,False,,,,,1e-06,,1.0,AMP/USDT,binance,,,,
BINANCE-SPOT:SPOT_PAIR:PYR-USDT,BINANCE-SPOT,SPOT_PAIR,PYR-USDT,exchange,binance,tardis,crypto,2021-11-26T00:00:00.000Z,,"trades,book_snapshot_5",PYR,USDT,USDT,pyrusdt,pyrusdt,False,,,,,0.001,,0.001,PYR/USDT,binance,,,,
BINANCE-SPOT:SPOT_PAIR:ALCX-USDT,BINANCE-SPOT,SPOT_PAIR,ALCX-USDT,exchange,binance,tardis,crypto,2021-11-30T00:00:00.000Z,,"trades,book_snapshot_5",ALCX,USDT,USDT,alcxusdt,alcxusdt,False,,,,,0.01,,0.0001,ALCX/USDT,binance,,,,
BINANCE-SPOT:SPOT_PAIR:SANTOS-USDT,BINANCE-SPOT,SPOT_PAIR,SANTOS-USDT,exchange,binance,tardis,crypto,2021-12-01T00:00:00.000Z,,"trades,book_snapshot_5",SANTOS,USDT,USDT,santosusdt,santosusdt,False,,,,,0.001,,0.01,SANTOS/USDT,binance,,,,
BINANCE-SPOT:SPOT_PAIR:BICO-USDT,BINANCE-SPOT,SPOT_PAIR,BICO-USDT,exchange,binance,tardis,crypto,2021-12-09T00:00:00.000Z,,"trades,book_snapshot_5",BICO,USDT,USDT,bicousdt,bicousdt,False,,,,,0.0001,,0.01,BICO/USDT,binance,,,,
BINANCE-SPOT:SPOT_PAIR:FLUX-USDT,BINANCE-SPOT,SPOT_PAIR,FLUX-USDT,exchange,binance,tardis,crypto,2021-12-10T00:00:00.000Z,,"trades,book_snapshot_5",FLUX,USDT,USDT,fluxusdt,fluxusdt,False,,,,,0.0001,,0.01,FLUX/USDT,binance,,,,
BINANCE-SPOT:SPOT_PAIR:FXS-USDT,BINANCE-SPOT,SPOT_PAIR,FXS-USDT,exchange,binance,tardis,crypto,2021-12-10T00:00:00.000Z,,"trades,book_snapshot_5",FXS,USDT,USDT,fxsusdt,fxsusdt,False,,,,,0.001,,0.1,FXS/USDT,binance,,,,
BINANCE-SPOT:SPOT_PAIR:VOXEL-USDT,BINANCE-SPOT,SPOT_PAIR,VOXEL-USDT,exchange,binance,tardis,crypto,2021-12-14T00:00:00.000Z,,"trades,book_snapshot_5",VOXEL,USDT,USDT,voxelusdt,voxelusdt,False,,,,,0.0001,,0.1,VOXEL/USDT,binance,,,,
BINANCE-SPOT:SPOT_PAIR:HIGH-USDT,BINANCE-SPOT,SPOT_PAIR,HIGH-USDT,exchange,binance,tardis,crypto,2021-12-17T00:00:00.000Z,,"trades,book_snapshot_5",HIGH,USDT,USDT,highusdt,highusdt,False,,,,,0.001,,0.001,HIGH/USDT,binance,,,,
BINANCE-SPOT:SPOT_PAIR:PEOPLE-USDT,BINANCE-SPOT,SPOT_PAIR,PEOPLE-USDT,exchange,binance,tardis,crypto,2021-12-23T00:00:00.000Z,,"trades,book_snapshot_5",PEOPLE,USDT,USDT,peopleusdt,peopleusdt,False,,,,,1e-05,,0.1,PEOPLE/USDT,binance,,,,
BINANCE-SPOT:SPOT_PAIR:CVX-USDT,BINANCE-SPOT,SPOT_PAIR,CVX-USDT,exchange,binance,tardis,crypto,2021-12-23T00:00:00.000Z,,"trades,book_snapshot_5",CVX,USDT,USDT,cvxusdt,cvxusdt,False,,,,,0.001,,0.001,CVX/USDT,binance,,,,
BINANCE-SPOT:SPOT_PAIR:SPELL-USDT,BINANCE-SPOT,SPOT_PAIR,SPELL-USDT,exchange,binance,tardis,crypto,2021-12-24T00:00:00.000Z,,"trades,book_snapshot_5",SPELL,USDT,USDT,spellusdt,spellusdt,False,,,,,1e-07,,1.0,SPELL/USDT,binance,,,,
BINANCE-SPOT:SPOT_PAIR:JOE-USDT,BINANCE-SPOT,SPOT_PAIR,JOE-USDT,exchange,binance,tardis,crypto,2021-12-28T00:00:00.000Z,,"trades,book_snapshot_5",JOE,USDT,USDT,joeusdt,joeusdt,False,,,,,0.0001,,0.01,JOE/USDT,binance,,,,
BINANCE-SPOT:SPOT_PAIR:ACH-USDT,BINANCE-SPOT,SPOT_PAIR,ACH-USDT,exchange,binance,tardis,crypto,2022-01-10T00:00:00.000Z,,"trades,book_snapshot_5",ACH,USDT,USDT,achusdt,achusdt,False,,,,,1e-05,,1.0,ACH/USDT,binance,,,,
BINANCE-SPOT:SPOT_PAIR:IMX-USDT,BINANCE-SPOT,SPOT_PAIR,IMX-USDT,exchange,binance,tardis,crypto,2022-01-10T00:00:00.000Z,,"trades,book_snapshot_5",IMX,USDT,USDT,imxusdt,imxusdt,False,,,,,0.001,,0.01,IMX/USDT,binance,,,,
BINANCE-SPOT:SPOT_PAIR:GLMR-USDT,BINANCE-SPOT,SPOT_PAIR,GLMR-USDT,exchange,binance,tardis,crypto,2022-01-11T00:00:00.000Z,,"trades,book_snapshot_5",GLMR,USDT,USDT,glmrusdt,glmrusdt,False,,,,,0.0001,,0.1,GLMR/USDT,binance,,,,
BINANCE-SPOT:SPOT_PAIR:API3-USDT,BINANCE-SPOT,SPOT_PAIR,API3-USDT,exchange,binance,tardis,crypto,2022-01-21T00:00:00.000Z,,"trades,book_snapshot_5",API3,USDT,USDT,api3usdt,api3usdt,False,,,,,0.0001,,0.01,API3/USDT,binance,,,,
BINANCE-SPOT:SPOT_PAIR:SCRT-USDT,BINANCE-SPOT,SPOT_PAIR,SCRT-USDT,exchange,binance,tardis,crypto,2022-01-21T00:00:00.000Z,,"trades,book_snapshot_5",SCRT,USDT,USDT,scrtusdt,scrtusdt,False,,,,,0.0001,,0.1,SCRT/USDT,binance,,,,
BINANCE-SPOT:SPOT_PAIR:BTTC-USDT,BINANCE-SPOT,SPOT_PAIR,BTTC-USDT,exchange,binance,tardis,crypto,2022-01-25T00:00:00.000Z,,"trades,book_snapshot_5",BTTC,USDT,USDT,bttcusdt,bttcusdt,False,,,,,1e-08,,1.0,BTTC/USDT,binance,,,,
BINANCE-SPOT:SPOT_PAIR:ACA-USDT,BINANCE-SPOT,SPOT_PAIR,ACA-USDT,exchange,binance,tardis,crypto,2022-01-25T00:00:00.000Z,,"trades,book_snapshot_5",ACA,USDT,USDT,acausdt,acausdt,False,,,,,0.0001,,0.01,ACA/USDT,binance,,,,
BINANCE-SPOT:SPOT_PAIR:XNO-USDT,BINANCE-SPOT,SPOT_PAIR,XNO-USDT,exchange,binance,tardis,crypto,2022-01-28T00:00:00.000Z,,"trades,book_snapshot_5",XNO,USDT,USDT,xnousdt,xnousdt,False,,,,,0.001,,0.01,XNO/USDT,binance,,,,
BINANCE-SPOT:SPOT_PAIR:WOO-USDT,BINANCE-SPOT,SPOT_PAIR,WOO-USDT,exchange,binance,tardis,crypto,2022-02-08T00:00:00.000Z,,"trades,book_snapshot_5",WOO,USDT,USDT,woousdt,woousdt,False,,,,,0.0001,,0.1,WOO/USDT,binance,,,,
BINANCE-SPOT:SPOT_PAIR:ALPINE-USDT,BINANCE-SPOT,SPOT_PAIR,ALPINE-USDT,exchange,binance,tardis,crypto,2022-02-21T00:00:00.000Z,,"trades,book_snapshot_5",ALPINE,USDT,USDT,alpineusdt,alpineusdt,False,,,,,0.001,,0.01,ALPINE/USDT,binance,,,,
BINANCE-SPOT:SPOT_PAIR:T-USDT,BINANCE-SPOT,SPOT_PAIR,T-USDT,exchange,binance,tardis,crypto,2022-02-25T00:00:00.000Z,,"trades,book_snapshot_5",T,USDT,USDT,tusdt,tusdt,False,,,,,1e-05,,0.1,T/USDT,binance,,,,
BINANCE-SPOT:SPOT_PAIR:ASTR-USDT,BINANCE-SPOT,SPOT_PAIR,ASTR-USDT,exchange,binance,tardis,crypto,2022-02-28T00:00:00.000Z,,"trades,book_snapshot_5",ASTR,USDT,USDT,astrusdt,astrusdt,False,,,,,1e-05,,0.1,ASTR/USDT,binance,,,,
BINANCE-SPOT:SPOT_PAIR:GMT-USDT,BINANCE-SPOT,SPOT_PAIR,GMT-USDT,exchange,binance,tardis,crypto,2022-03-09T00:00:00.000Z,,"trades,book_snapshot_5",GMT,USDT,USDT,gmtusdt,gmtusdt,False,,,,,1e-05,,0.1,GMT/USDT,binance,,,,
BINANCE-SPOT:SPOT_PAIR:KDA-USDT,BINANCE-SPOT,SPOT_PAIR,KDA-USDT,exchange,binance,tardis,crypto,2022-03-11T00:00:00.000Z,,"trades,book_snapshot_5",KDA,USDT,USDT,kdausdt,kdausdt,False,,,,,0.0001,,0.01,KDA/USDT,binance,,,,
BINANCE-SPOT:SPOT_PAIR:APE-USDT,BINANCE-SPOT,SPOT_PAIR,APE-USDT,exchange,binance,tardis,crypto,2022-03-17T00:00:00.000Z,,"trades,book_snapshot_5",APE,USDT,USDT,apeusdt,apeusdt,False,,,,,0.0001,,0.01,APE/USDT,binance,,,,
BINANCE-SPOT:SPOT_PAIR:BIFI-USDT,BINANCE-SPOT,SPOT_PAIR,BIFI-USDT,exchange,binance,tardis,crypto,2022-04-01T00:00:00.000Z,,"trades,book_snapshot_5",BIFI,USDT,USDT,bifiusdt,bifiusdt,False,,,,,0.1,,0.001,BIFI/USDT,binance,,,,
BINANCE-SPOT:SPOT_PAIR:STEEM-USDT,BINANCE-SPOT,SPOT_PAIR,STEEM-USDT,exchange,binance,tardis,crypto,2022-04-22T00:00:00.000Z,,"trades,book_snapshot_5",STEEM,USDT,USDT,steemusdt,steemusdt,False,,,,,0.0001,,0.1,STEEM/USDT,binance,,,,
BINANCE-SPOT:SPOT_PAIR:NEXO-USDT,BINANCE-SPOT,SPOT_PAIR,NEXO-USDT,exchange,binance,tardis,crypto,2022-04-29T00:00:00.000Z,,"trades,book_snapshot_5",NEXO,USDT,USDT,nexousdt,nexousdt,False,,,,,0.001,,0.01,NEXO/USDT,binance,,,,
BINANCE-SPOT:SPOT_PAIR:REI-USDT,BINANCE-SPOT,SPOT_PAIR,REI-USDT,exchange,binance,tardis,crypto,2022-05-04T00:00:00.000Z,,"trades,book_snapshot_5",REI,USDT,USDT,reiusdt,reiusdt,False,,,,,1e-05,,0.1,REI/USDT,binance,,,,
BINANCE-SPOT:SPOT_PAIR:LDO-USDT,BINANCE-SPOT,SPOT_PAIR,LDO-USDT,exchange,binance,tardis,crypto,2022-05-09T00:00:00.000Z,,"trades,book_snapshot_5",LDO,USDT,USDT,ldousdt,ldousdt,False,,,,,0.0001,,0.01,LDO/USDT,binance,,,,
BINANCE-SPOT:SPOT_PAIR:OP-USDT,BINANCE-SPOT,SPOT_PAIR,OP-USDT,exchange,binance,tardis,crypto,2022-06-01T00:00:00.000Z,,"trades,book_snapshot_5",OP,USDT,USDT,opusdt,opusdt,False,,,,,0.0001,,0.01,OP/USDT,binance,,,,
BINANCE-SPOT:SPOT_PAIR:STG-USDT,BINANCE-SPOT,SPOT_PAIR,STG-USDT,exchange,binance,tardis,crypto,2022-08-19T00:00:00.000Z,,"trades,book_snapshot_5",STG,USDT,USDT,stgusdt,stgusdt,False,,,,,0.0001,,0.1,STG/USDT,binance,,,,
BINANCE-SPOT:SPOT_PAIR:LUNC-USDT,BINANCE-SPOT,SPOT_PAIR,LUNC-USDT,exchange,binance,tardis,crypto,2022-09-09T00:00:00.000Z,,"trades,book_snapshot_5",LUNC,USDT,USDT,luncusdt,luncusdt,False,,,,,1e-08,,0.01,LUNC/USDT,binance,,,,
BINANCE-SPOT:SPOT_PAIR:GMX-USDT,BINANCE-SPOT,SPOT_PAIR,GMX-USDT,exchange,binance,tardis,crypto,2022-10-05T00:00:00.000Z,,"trades,book_snapshot_5",GMX,USDT,USDT,gmxusdt,gmxusdt,False,,,,,0.01,,0.001,GMX/USDT,binance,,,,
BINANCE-SPOT:SPOT_PAIR:POLYX-USDT,BINANCE-SPOT,SPOT_PAIR,POLYX-USDT,exchange,binance,tardis,crypto,2022-10-17T00:00:00.000Z,,"trades,book_snapshot_5",POLYX,USDT,USDT,polyxusdt,polyxusdt,False,,,,,0.0001,,0.1,POLYX/USDT,binance,,,,
BINANCE-SPOT:SPOT_PAIR:APT-USDT,BINANCE-SPOT,SPOT_PAIR,APT-USDT,exchange,binance,tardis,crypto,2022-10-19T00:00:00.000Z,,"trades,book_snapshot_5",APT,USDT,USDT,aptusdt,aptusdt,False,,,,,0.001,,0.01,APT/USDT,binance,,,,
BINANCE-SPOT:SPOT_PAIR:OSMO-USDT,BINANCE-SPOT,SPOT_PAIR,OSMO-USDT,exchange,binance,tardis,crypto,2022-10-28T00:00:00.000Z,,"trades,book_snapshot_5",OSMO,USDT,USDT,osmousdt,osmousdt,False,,,,,0.0001,,0.01,OSMO/USDT,binance,,,,
BINANCE-SPOT:SPOT_PAIR:HFT-USDT,BINANCE-SPOT,SPOT_PAIR,HFT-USDT,exchange,binance,tardis,crypto,2022-11-07T00:00:00.000Z,,"trades,book_snapshot_5",HFT,USDT,USDT,hftusdt,hftusdt,False,,,,,0.0001,,0.1,HFT/USDT,binance,,,,
BINANCE-SPOT:SPOT_PAIR:PHB-USDT,BINANCE-SPOT,SPOT_PAIR,PHB-USDT,exchange,binance,tardis,crypto,2022-11-18T00:00:00.000Z,,"trades,book_snapshot_5",PHB,USDT,USDT,phbusdt,phbusdt,False,,,,,0.001,,0.1,PHB/USDT,binance,,,,
BINANCE-SPOT:SPOT_PAIR:HOOK-USDT,BINANCE-SPOT,SPOT_PAIR,HOOK-USDT,exchange,binance,tardis,crypto,2022-12-01T00:00:00.000Z,,"trades,book_snapshot_5",HOOK,USDT,USDT,hookusdt,hookusdt,False,,,,,0.0001,,0.1,HOOK/USDT,binance,,,,
BINANCE-SPOT:SPOT_PAIR:MAGIC-USDT,BINANCE-SPOT,SPOT_PAIR,MAGIC-USDT,exchange,binance,tardis,crypto,2022-12-12T00:00:00.000Z,,"trades,book_snapshot_5",MAGIC,USDT,USDT,magicusdt,magicusdt,False,,,,,0.0001,,0.1,MAGIC/USDT,binance,,,,
BINANCE-SPOT:SPOT_PAIR:RPL-USDT,BINANCE-SPOT,SPOT_PAIR,RPL-USDT,exchange,binance,tardis,crypto,2023-01-18T00:00:00.000Z,,"trades,book_snapshot_5",RPL,USDT,USDT,rplusdt,rplusdt,False,,,,,0.01,,0.01,RPL/USDT,binance,,,,
BINANCE-SPOT:SPOT_PAIR:GNS-USDT,BINANCE-SPOT,SPOT_PAIR,GNS-USDT,exchange,binance,tardis,crypto,2023-02-17T00:00:00.000Z,,"trades,book_snapshot_5",GNS,USDT,USDT,gnsusdt,gnsusdt,False,,,,,0.001,,0.01,GNS/USDT,binance,,,,
BINANCE-SPOT:SPOT_PAIR:SYN-USDT,BINANCE-SPOT,SPOT_PAIR,SYN-USDT,exchange,binance,tardis,crypto,2023-02-22T00:00:00.000Z,,"trades,book_snapshot_5",SYN,USDT,USDT,synusdt,synusdt,False,,,,,0.0001,,0.1,SYN/USDT,binance,,,,
BINANCE-SPOT:SPOT_PAIR:SSV-USDT,BINANCE-SPOT,SPOT_PAIR,SSV-USDT,exchange,binance,tardis,crypto,2023-02-24T00:00:00.000Z,,"trades,book_snapshot_5",SSV,USDT,USDT,ssvusdt,ssvusdt,False,,,,,0.001,,0.001,SSV/USDT,binance,,,,
BINANCE-SPOT:SPOT_PAIR:LQTY-USDT,BINANCE-SPOT,SPOT_PAIR,LQTY-USDT,exchange,binance,tardis,crypto,2023-02-28T00:00:00.000Z,,"trades,book_snapshot_5",LQTY,USDT,USDT,lqtyusdt,lqtyusdt,False,,,,,0.001,,0.1,LQTY/USDT,binance,,,,
BINANCE-SPOT:SPOT_PAIR:USTC-USDT,BINANCE-SPOT,SPOT_PAIR,USTC-USDT,exchange,binance,tardis,crypto,2023-03-10T00:00:00.000Z,,"trades,book_snapshot_5",USTC,USDT,USDT,ustcusdt,ustcusdt,False,,,,,1e-05,,1.0,USTC/USDT,binance,,,,
BINANCE-SPOT:SPOT_PAIR:GLM-USDT,BINANCE-SPOT,SPOT_PAIR,GLM-USDT,exchange,binance,tardis,crypto,2023-03-17T00:00:00.000Z,,"trades,book_snapshot_5",GLM,USDT,USDT,glmusdt,glmusdt,False,,,,,0.0001,,0.1,GLM/USDT,binance,,,,
BINANCE-SPOT:SPOT_PAIR:PROM-USDT,BINANCE-SPOT,SPOT_PAIR,PROM-USDT,exchange,binance,tardis,crypto,2023-03-17T00:00:00.000Z,,"trades,book_snapshot_5",PROM,USDT,USDT,promusdt,promusdt,False,,,,,0.001,,0.01,PROM/USDT,binance,,,,
BINANCE-SPOT:SPOT_PAIR:GAS-USDT,BINANCE-SPOT,SPOT_PAIR,GAS-USDT,exchange,binance,tardis,crypto,2023-03-17T00:00:00.000Z,,"trades,book_snapshot_5",GAS,USDT,USDT,gasusdt,gasusdt,False,,,,,0.001,,0.1,GAS/USDT,binance,,,,
BINANCE-SPOT:SPOT_PAIR:QKC-USDT,BINANCE-SPOT,SPOT_PAIR,QKC-USDT,exchange,binance,tardis,crypto,2023-03-17T00:00:00.000Z,,"trades,book_snapshot_5",QKC,USDT,USDT,qkcusdt,qkcusdt,False,,,,,1e-06,,1.0,QKC/USDT,binance,,,,
BINANCE-SPOT:SPOT_PAIR:ID-USDT,BINANCE-SPOT,SPOT_PAIR,ID-USDT,exchange,binance,tardis,crypto,2023-03-22T00:00:00.000Z,,"trades,book_snapshot_5",ID,USDT,USDT,idusdt,idusdt,False,,,,,0.0001,,1.0,ID/USDT,binance,,,,
BINANCE-SPOT:SPOT_PAIR:ARB-USDT,BINANCE-SPOT,SPOT_PAIR,ARB-USDT,exchange,binance,tardis,crypto,2023-03-23T00:00:00.000Z,,"trades,book_snapshot_5",ARB,USDT,USDT,arbusdt,arbusdt,False,,,,,0.0001,,0.1,ARB/USDT,binance,,,,
BINANCE-SPOT:SPOT_PAIR:RDNT-USDT,BINANCE-SPOT,SPOT_PAIR,RDNT-USDT,exchange,binance,tardis,crypto,2023-03-30T00:00:00.000Z,,"trades,book_snapshot_5",RDNT,USDT,USDT,rdntusdt,rdntusdt,False,,,,,1e-05,,1.0,RDNT/USDT,binance,,,,
BINANCE-SPOT:SPOT_PAIR:WBTC-USDT,BINANCE-SPOT,SPOT_PAIR,WBTC-USDT,exchange,binance,tardis,crypto,2023-04-28T00:00:00.000Z,,"trades,book_snapshot_5",WBTC,USDT,USDT,wbtcusdt,wbtcusdt,False,,,,,0.01,,1e-05,WBTC/USDT,binance,,,,
BINANCE-SPOT:SPOT_PAIR:EDU-USDT,BINANCE-SPOT,SPOT_PAIR,EDU-USDT,exchange,binance,tardis,crypto,2023-04-28T00:00:00.000Z,,"trades,book_snapshot_5",EDU,USDT,USDT,eduusdt,eduusdt,False,,,,,0.0001,,1.0,EDU/USDT,binance,,,,
BINANCE-SPOT:SPOT_PAIR:SUI-USDT,BINANCE-SPOT,SPOT_PAIR,SUI-USDT,exchange,binance,tardis,crypto,2023-05-03T00:00:00.000Z,,"trades,book_snapshot_5",SUI,USDT,USDT,suiusdt,suiusdt,False,,,,,0.0001,,0.1,SUI/USDT,binance,,,,
BINANCE-SPOT:SPOT_PAIR:PEPE-USDT,BINANCE-SPOT,SPOT_PAIR,PEPE-USDT,exchange,binance,tardis,crypto,2023-05-05T00:00:00.000Z,,"trades,book_snapshot_5",PEPE,USDT,USDT,pepeusdt,pepeusdt,False,,,,,1e-08,,1.0,PEPE/USDT,binance,,,,
BINANCE-SPOT:SPOT_PAIR:FLOKI-USDT,BINANCE-SPOT,SPOT_PAIR,FLOKI-USDT,exchange,binance,tardis,crypto,2023-05-05T00:00:00.000Z,,"trades,book_snapshot_5",FLOKI,USDT,USDT,flokiusdt,flokiusdt,False,,,,,1e-08,,1.0,FLOKI/USDT,binance,,,,
BINANCE-SPOT:SPOT_PAIR:BAKE-USDT,BINANCE-SPOT,SPOT_PAIR,BAKE-USDT,exchange,binance,tardis,crypto,2021-04-30T00:00:00.000Z,2025-09-18T00:00:00.000Z,"trades,book_snapshot_5",BAKE,USDT,USDT,bakeusdt,bakeusdt,False,,,,,0.0001,,0.1,BAKE/USDT,binance,,,,
BINANCE-SPOT:SPOT_PAIR:HIFI-USDT,BINANCE-SPOT,SPOT_PAIR,HIFI-USDT,exchange,binance,tardis,crypto,2023-01-12T00:00:00.000Z,2025-09-18T00:00:00.000Z,"trades,book_snapshot_5",HIFI,USDT,USDT,hifiusdt,hifiusdt,False,,,,,0.0001,,0.1,HIFI/USDT,binance,,,,
BINANCE-SPOT:SPOT_PAIR:MKR-USDT,BINANCE-SPOT,SPOT_PAIR,MKR-USDT,exchange,binance,tardis,crypto,2020-07-23T00:00:00.000Z,2025-09-16T00:00:00.000Z,"trades,book_snapshot_5",MKR,USDT,USDT,mkrusdt,mkrusdt,False,,,,,0.1,,0.0001,MKR/USDT,binance,,,,
BINANCE-SPOT:SPOT_PAIR:LOKA-USDT,BINANCE-SPOT,SPOT_PAIR,LOKA-USDT,exchange,binance,tardis,crypto,2022-01-20T00:00:00.000Z,2025-07-29T00:00:00.000Z,"trades,book_snapshot_5",LOKA,USDT,USDT,lokausdt,lokausdt,False,,,,,0.0001,,0.1,LOKA/USDT,binance,,,,
BINANCE-SPOT:SPOT_PAIR:ALPHA-USDT,BINANCE-SPOT,SPOT_PAIR,ALPHA-USDT,exchange,binance,tardis,crypto,2020-11-23T00:00:00.000Z,2025-07-05T00:00:00.000Z,"trades,book_snapshot_5",ALPHA,USDT,USDT,alphausdt,alphausdt,False,,,,,0.0001,,1.0,ALPHA/USDT,binance,,,,
BINANCE-SPOT:SPOT_PAIR:LTO-USDT,BINANCE-SPOT,SPOT_PAIR,LTO-USDT,exchange,binance,tardis,crypto,2021-03-04T00:00:00.000Z,2025-07-05T00:00:00.000Z,"trades,book_snapshot_5",LTO,USDT,USDT,ltousdt,ltousdt,False,,,,,0.0001,,1.0,LTO/USDT,binance,,,,
BINANCE-SPOT:SPOT_PAIR:KMD-USDT,BINANCE-SPOT,SPOT_PAIR,KMD-USDT,exchange,binance,tardis,crypto,2021-03-04T00:00:00.000Z,2025-07-05T00:00:00.000Z,"trades,book_snapshot_5",KMD,USDT,USDT,kmdusdt,kmdusdt,False,,,,,0.0001,,1.0,KMD/USDT,binance,,,,
BINANCE-SPOT:SPOT_PAIR:BSW-USDT,BINANCE-SPOT,SPOT_PAIR,BSW-USDT,exchange,binance,tardis,crypto,2022-03-21T00:00:00.000Z,2025-07-05T00:00:00.000Z,"trades,book_snapshot_5",BSW,USDT,USDT,bswusdt,bswusdt,False,,,,,0.0001,,0.1,BSW/USDT,binance,,,,
BINANCE-SPOT:SPOT_PAIR:LEVER-USDT,BINANCE-SPOT,SPOT_PAIR,LEVER-USDT,exchange,binance,tardis,crypto,2022-07-13T00:00:00.000Z,2025-07-05T00:00:00.000Z,"trades,book_snapshot_5",LEVER,USDT,USDT,leverusdt,leverusdt,False,,,,,1e-06,,1.0,LEVER/USDT,binance,,,,
BINANCE-SPOT:SPOT_PAIR:EOS-USDT,BINANCE-SPOT,SPOT_PAIR,EOS-USDT,exchange,binance,tardis,crypto,2019-03-30T00:00:00.000Z,2025-05-27T00:00:00.000Z,"trades,book_snapshot_5",EOS,USDT,USDT,eosusdt,eosusdt,False,,,,,0.0001,,0.1,EOS/USDT,binance,,,,
BINANCE-SPOT:SPOT_PAIR:STPT-USDT,BINANCE-SPOT,SPOT_PAIR,STPT-USDT,exchange,binance,tardis,crypto,2021-03-04T00:00:00.000Z,2025-05-20T00:00:00.000Z,"trades,book_snapshot_5",STPT,USDT,USDT,stptusdt,stptusdt,False,,,,,1e-05,,0.1,STPT/USDT,binance,,,,
BINANCE-SPOT:SPOT_PAIR:WING-USDT,BINANCE-SPOT,SPOT_PAIR,WING-USDT,exchange,binance,tardis,crypto,2021-03-04T00:00:00.000Z,2025-05-03T00:00:00.000Z,"trades,book_snapshot_5",WING,USDT,USDT,wingusdt,wingusdt,False,,,,,0.001,,0.01,WING/USDT,binance,,,,
BINANCE-SPOT:SPOT_PAIR:ALPACA-USDT,BINANCE-SPOT,SPOT_PAIR,ALPACA-USDT,exchange,binance,tardis,crypto,2021-08-11T00:00:00.000Z,2025-05-03T00:00:00.000Z,"trades,book_snapshot_5",ALPACA,USDT,USDT,alpacausdt,alpacausdt,False,,,,,0.0001,,0.1,ALPACA/USDT,binance,,,,
BINANCE-SPOT:SPOT_PAIR:VIB-USDT,BINANCE-SPOT,SPOT_PAIR,VIB-USDT,exchange,binance,tardis,crypto,2023-02-24T00:00:00.000Z,2025-05-03T00:00:00.000Z,"trades,book_snapshot_5",VIB,USDT,USDT,vibusdt,vibusdt,False,,,,,1e-05,,1.0,VIB/USDT,binance,,,,
BINANCE-SPOT:SPOT_PAIR:BAL-USDT,BINANCE-SPOT,SPOT_PAIR,BAL-USDT,exchange,binance,tardis,crypto,2020-08-11T00:00:00.000Z,2025-04-17T00:00:00.000Z,"trades,book_snapshot_5",BAL,USDT,USDT,balusdt,balusdt,False,,,,,0.001,,0.01,BAL/USDT,binance,,,,
BINANCE-SPOT:SPOT_PAIR:BADGER-USDT,BINANCE-SPOT,SPOT_PAIR,BADGER-USDT,exchange,binance,tardis,crypto,2021-03-02T00:00:00.000Z,2025-04-17T00:00:00.000Z,"trades,book_snapshot_5",BADGER,USDT,USDT,badgerusdt,badgerusdt,False,,,,,0.001,,0.01,BADGER/USDT,binance,,,,
BINANCE-SPOT:SPOT_PAIR:HARD-USDT,BINANCE-SPOT,SPOT_PAIR,HARD-USDT,exchange,binance,tardis,crypto,2021-03-04T00:00:00.000Z,2025-04-17T00:00:00.000Z,"trades,book_snapshot_5",HARD,USDT,USDT,hardusdt,hardusdt,False,,,,,0.0001,,1.0,HARD/USDT,binance,,,,
BINANCE-SPOT:SPOT_PAIR:CTXC-USDT,BINANCE-SPOT,SPOT_PAIR,CTXC-USDT,exchange,binance,tardis,crypto,2021-03-04T00:00:00.000Z,2025-04-17T00:00:00.000Z,"trades,book_snapshot_5",CTXC,USDT,USDT,ctxcusdt,ctxcusdt,False,,,,,0.0001,,1.0,CTXC/USDT,binance,,,,
BINANCE-SPOT:SPOT_PAIR:NULS-USDT,BINANCE-SPOT,SPOT_PAIR,NULS-USDT,exchange,binance,tardis,crypto,2021-03-04T00:00:00.000Z,2025-04-17T00:00:00.000Z,"trades,book_snapshot_5",NULS,USDT,USDT,nulsusdt,nulsusdt,False,,,,,0.0001,,1.0,NULS/USDT,binance,,,,
BINANCE-SPOT:SPOT_PAIR:TROY-USDT,BINANCE-SPOT,SPOT_PAIR,TROY-USDT,exchange,binance,tardis,crypto,2021-03-04T00:00:00.000Z,2025-04-17T00:00:00.000Z,"trades,book_snapshot_5",TROY,USDT,USDT,troyusdt,troyusdt,False,,,,,1e-06,,1.0,TROY/USDT,binance,,,,
BINANCE-SPOT:SPOT_PAIR:FIRO-USDT,BINANCE-SPOT,SPOT_PAIR,FIRO-USDT,exchange,binance,tardis,crypto,2021-03-04T00:00:00.000Z,2025-04-17T00:00:00.000Z,"trades,book_snapshot_5",FIRO,USDT,USDT,firousdt,firousdt,False,,,,,0.001,,0.1,FIRO/USDT,binance,,,,
BINANCE-SPOT:SPOT_PAIR:ELF-USDT,BINANCE-SPOT,SPOT_PAIR,ELF-USDT,exchange,binance,tardis,crypto,2021-09-08T00:00:00.000Z,2025-04-17T00:00:00.000Z,"trades,book_snapshot_5",ELF,USDT,USDT,elfusdt,elfusdt,False,,,,,0.0001,,0.1,ELF/USDT,binance,,,,
BINANCE-SPOT:SPOT_PAIR:VIDT-USDT,BINANCE-SPOT,SPOT_PAIR,VIDT-USDT,exchange,binance,tardis,crypto,2021-09-09T00:00:00.000Z,2025-04-17T00:00:00.000Z,"trades,book_snapshot_5",VIDT,USDT,USDT,vidtusdt,vidtusdt,False,,,,,1e-05,,1.0,VIDT/USDT,binance,,,,
BINANCE-SPOT:SPOT_PAIR:BETA-USDT,BINANCE-SPOT,SPOT_PAIR,BETA-USDT,exchange,binance,tardis,crypto,2021-10-08T00:00:00.000Z,2025-04-17T00:00:00.000Z,"trades,book_snapshot_5",BETA,USDT,USDT,betausdt,betausdt,False,,,,,1e-05,,1.0,BETA/USDT,binance,,,,
BINANCE-SPOT:SPOT_PAIR:PROS-USDT,BINANCE-SPOT,SPOT_PAIR,PROS-USDT,exchange,binance,tardis,crypto,2023-01-27T00:00:00.000Z,2025-04-17T00:00:00.000Z,"trades,book_snapshot_5",PROS,USDT,USDT,prosusdt,prosusdt,False,,,,,0.0001,,1.0,PROS/USDT,binance,,,,
BINANCE-SPOT:SPOT_PAIR:UFT-USDT,BINANCE-SPOT,SPOT_PAIR,UFT-USDT,exchange,binance,tardis,crypto,2023-03-17T00:00:00.000Z,2025-04-17T00:00:00.000Z,"trades,book_snapshot_5",UFT,USDT,USDT,uftusdt,uftusdt,False,,,,,0.0001,,1.0,UFT/USDT,binance,,,,
BINANCE-SPOT:SPOT_PAIR:SNT-USDT,BINANCE-SPOT,SPOT_PAIR,SNT-USDT,exchange,binance,tardis,crypto,2023-05-19T00:00:00.000Z,2025-04-17T00:00:00.000Z,"trades,book_snapshot_5",SNT,USDT,USDT,sntusdt,sntusdt,False,,,,,1e-05,,1.0,SNT/USDT,binance,,,,
BINANCE-SPOT:SPOT_PAIR:LINA-USDT,BINANCE-SPOT,SPOT_PAIR,LINA-USDT,exchange,binance,tardis,crypto,2021-03-18T00:00:00.000Z,2025-03-29T00:00:00.000Z,"trades,book_snapshot_5",LINA,USDT,USDT,linausdt,linausdt,False,,,,,1e-06,,1.0,LINA/USDT,binance,,,,
BINANCE-SPOT:SPOT_PAIR:BURGER-USDT,BINANCE-SPOT,SPOT_PAIR,BURGER-USDT,exchange,binance,tardis,crypto,2021-04-30T00:00:00.000Z,2025-03-29T00:00:00.000Z,"trades,book_snapshot_5",BURGER,USDT,USDT,burgerusdt,burgerusdt,False,,,,,0.0001,,0.1,BURGER/USDT,binance,,,,
BINANCE-SPOT:SPOT_PAIR:AERGO-USDT,BINANCE-SPOT,SPOT_PAIR,AERGO-USDT,exchange,binance,tardis,crypto,2023-05-05T00:00:00.000Z,2025-03-29T00:00:00.000Z,"trades,book_snapshot_5",AERGO,USDT,USDT,aergousdt,aergousdt,False,,,,,0.0001,,1.0,AERGO/USDT,binance,,,,
BINANCE-SPOT:SPOT_PAIR:AST-USDT,BINANCE-SPOT,SPOT_PAIR,AST-USDT,exchange,binance,tardis,crypto,2023-05-19T00:00:00.000Z,2025-03-29T00:00:00.000Z,"trades,book_snapshot_5",AST,USDT,USDT,astusdt,astusdt,False,,,,,0.0001,,1.0,AST/USDT,binance,,,,
BINANCE-SPOT:SPOT_PAIR:BNX-USDT,BINANCE-SPOT,SPOT_PAIR,BNX-USDT,exchange,binance,tardis,crypto,2021-11-04T00:00:00.000Z,2025-03-19T00:00:00.000Z,"trades,book_snapshot_5",BNX,USDT,USDT,bnxusdt,bnxusdt,False,,,,,0.0001,,0.1,BNX/USDT,binance,,,,
BINANCE-SPOT:SPOT_PAIR:ERN-USDT,BINANCE-SPOT,SPOT_PAIR,ERN-USDT,exchange,binance,tardis,crypto,2021-06-22T00:00:00.000Z,2025-03-11T00:00:00.000Z,"trades,book_snapshot_5",ERN,USDT,USDT,ernusdt,ernusdt,False,,,,,0.001,,0.1,ERN/USDT,binance,,,,
BINANCE-SPOT:SPOT_PAIR:STMX-USDT,BINANCE-SPOT,SPOT_PAIR,STMX-USDT,exchange,binance,tardis,crypto,2021-03-04T00:00:00.000Z,2025-02-25T00:00:00.000Z,"trades,book_snapshot_5",STMX,USDT,USDT,stmxusdt,stmxusdt,False,,,,,1e-06,,1.0,STMX/USDT,binance,,,,
BINANCE-SPOT:SPOT_PAIR:VITE-USDT,BINANCE-SPOT,SPOT_PAIR,VITE-USDT,exchange,binance,tardis,crypto,2021-03-04T00:00:00.000Z,2025-02-25T00:00:00.000Z,"trades,book_snapshot_5",VITE,USDT,USDT,viteusdt,viteusdt,False,,,,,1e-05,,0.1,VITE/USDT,binance,,,,
BINANCE-SPOT:SPOT_PAIR:CLV-USDT,BINANCE-SPOT,SPOT_PAIR,CLV-USDT,exchange,binance,tardis,crypto,2021-07-29T00:00:00.000Z,2025-02-25T00:00:00.000Z,"trades,book_snapshot_5",CLV,USDT,USDT,clvusdt,clvusdt,False,,,,,1e-05,,0.1,CLV/USDT,binance,,,,
BINANCE-SPOT:SPOT_PAIR:AMB-USDT,BINANCE-SPOT,SPOT_PAIR,AMB-USDT,exchange,binance,tardis,crypto,2023-03-03T00:00:00.000Z,2025-02-25T00:00:00.000Z,"trades,book_snapshot_5",AMB,USDT,USDT,ambusdt,ambusdt,False,,,,,1e-05,,1.0,AMB/USDT,binance,,,,
BINANCE-SPOT:SPOT_PAIR:LIT-USDT,BINANCE-SPOT,SPOT_PAIR,LIT-USDT,exchange,binance,tardis,crypto,2021-02-18T00:00:00.000Z,2025-02-11T00:00:00.000Z,"trades,book_snapshot_5",LIT,USDT,USDT,litusdt,litusdt,False,,,,,0.001,,0.1,LIT/USDT,binance,,,,
BINANCE-SPOT:SPOT_PAIR:FTM-USDT,BINANCE-SPOT,SPOT_PAIR,FTM-USDT,exchange,binance,tardis,crypto,2020-09-23T00:00:00.000Z,2025-01-14T00:00:00.000Z,"trades,book_snapshot_5",FTM,USDT,USDT,ftmusdt,ftmusdt,False,,,,,0.0001,,1.0,FTM/USDT,binance,,,,
BINANCE-SPOT:SPOT_PAIR:DAR-USDT,BINANCE-SPOT,SPOT_PAIR,DAR-USDT,exchange,binance,tardis,crypto,2021-11-04T00:00:00.000Z,2025-01-07T00:00:00.000Z,"trades,book_snapshot_5",DAR,USDT,USDT,darusdt,darusdt,False,,,,,1e-05,,1.0,DAR/USDT,binance,,,,
BINANCE-SPOT:SPOT_PAIR:WRX-USDT,BINANCE-SPOT,SPOT_PAIR,WRX-USDT,exchange,binance,tardis,crypto,2020-02-05T00:00:00.000Z,2024-12-26T00:00:00.000Z,"trades,book_snapshot_5",WRX,USDT,USDT,wrxusdt,wrxusdt,False,,,,,0.0001,,0.1,WRX/USDT,binance,,,,
BINANCE-SPOT:SPOT_PAIR:BLZ-USDT,BINANCE-SPOT,SPOT_PAIR,BLZ-USDT,exchange,binance,tardis,crypto,2020-09-17T00:00:00.000Z,2024-12-26T00:00:00.000Z,"trades,book_snapshot_5",BLZ,USDT,USDT,blzusdt,blzusdt,False,,,,,0.0001,,1.0,BLZ/USDT,binance,,,,
BINANCE-SPOT:SPOT_PAIR:AKRO-USDT,BINANCE-SPOT,SPOT_PAIR,AKRO-USDT,exchange,binance,tardis,crypto,2020-11-27T00:00:00.000Z,2024-12-26T00:00:00.000Z,"trades,book_snapshot_5",AKRO,USDT,USDT,akrousdt,akrousdt,False,,,,,1e-06,,1.0,AKRO/USDT,binance,,,,
BINANCE-SPOT:SPOT_PAIR:REN-USDT,BINANCE-SPOT,SPOT_PAIR,REN-USDT,exchange,binance,tardis,crypto,2020-07-25T00:00:00.000Z,2024-12-11T00:00:00.000Z,"trades,book_snapshot_5",REN,USDT,USDT,renusdt,renusdt,False,,,,,1e-05,,1.0,REN/USDT,binance,,,,
BINANCE-SPOT:SPOT_PAIR:KEY-USDT,BINANCE-SPOT,SPOT_PAIR,KEY-USDT,exchange,binance,tardis,crypto,2021-03-04T00:00:00.000Z,2024-12-11T00:00:00.000Z,"trades,book_snapshot_5",KEY,USDT,USDT,keyusdt,keyusdt,False,,,,,1e-06,,1.0,KEY/USDT,binance,,,,
BINANCE-SPOT:SPOT_PAIR:IRIS-USDT,BINANCE-SPOT,SPOT_PAIR,IRIS-USDT,exchange,binance,tardis,crypto,2021-03-04T00:00:00.000Z,2024-12-11T00:00:00.000Z,"trades,book_snapshot_5",IRIS,USDT,USDT,irisusdt,irisusdt,False,,,,,1e-05,,0.1,IRIS/USDT,binance,,,,
BINANCE-SPOT:SPOT_PAIR:OAX-USDT,BINANCE-SPOT,SPOT_PAIR,OAX-USDT,exchange,binance,tardis,crypto,2023-03-24T00:00:00.000Z,2024-12-11T00:00:00.000Z,"trades,book_snapshot_5",OAX,USDT,USDT,oaxusdt,oaxusdt,False,,,,,0.0001,,1.0,OAX/USDT,binance,,,,
BINANCE-SPOT:SPOT_PAIR:USDTIDRT-USDT,BINANCE-SPOT,SPOT_PAIR,USDTIDRT-USDT,exchange,binance,tardis,crypto,2020-04-17T00:00:00.000Z,2024-11-07T00:00:00.000Z,"trades,book_snapshot_5",USDTIDRT,USDT,USDT,usdtidrt,usdtidrt,False,,,,,,,,,,,,,
BINANCE-SPOT:SPOT_PAIR:UNFI-USDT,BINANCE-SPOT,SPOT_PAIR,UNFI-USDT,exchange,binance,tardis,crypto,2020-11-27T00:00:00.000Z,2024-11-07T00:00:00.000Z,"trades,book_snapshot_5",UNFI,USDT,USDT,unfiusdt,unfiusdt,False,,,,,0.001,,0.1,UNFI/USDT,binance,,,,
BINANCE-SPOT:SPOT_PAIR:KP3R-USDT,BINANCE-SPOT,SPOT_PAIR,KP3R-USDT,exchange,binance,tardis,crypto,2021-11-12T00:00:00.000Z,2024-11-07T00:00:00.000Z,"trades,book_snapshot_5",KP3R,USDT,USDT,kp3rusdt,kp3rusdt,False,,,,,0.01,,0.01,KP3R/USDT,binance,,,,
BINANCE-SPOT:SPOT_PAIR:OOKI-USDT,BINANCE-SPOT,SPOT_PAIR,OOKI-USDT,exchange,binance,tardis,crypto,2021-12-24T00:00:00.000Z,2024-11-07T00:00:00.000Z,"trades,book_snapshot_5",OOKI,USDT,USDT,ookiusdt,ookiusdt,False,,,,,1e-06,,1.0,OOKI/USDT,binance,,,,
BINANCE-SPOT:SPOT_PAIR:KLAY-USDT,BINANCE-SPOT,SPOT_PAIR,KLAY-USDT,exchange,binance,tardis,crypto,2021-06-24T00:00:00.000Z,2024-10-29T00:00:00.000Z,"trades,book_snapshot_5",KLAY,USDT,USDT,klayusdt,klayusdt,False,,,,,0.0001,,0.1,KLAY/USDT,binance,,,,
BINANCE-SPOT:SPOT_PAIR:ORN-USDT,BINANCE-SPOT,SPOT_PAIR,ORN-USDT,exchange,binance,tardis,crypto,2021-03-04T00:00:00.000Z,2024-10-16T00:00:00.000Z,"trades,book_snapshot_5",ORN,USDT,USDT,ornusdt,ornusdt,False,,,,,0.001,,0.1,ORN/USDT,binance,,,,
BINANCE-SPOT:SPOT_PAIR:MATIC-USDT,BINANCE-SPOT,SPOT_PAIR,MATIC-USDT,exchange,binance,tardis,crypto,2019-11-07T00:00:00.000Z,2024-09-11T00:00:00.000Z,"trades,book_snapshot_5",MATIC,USDT,USDT,maticusdt,maticusdt,False,,,,,0.0001,,0.1,MATIC/USDT,binance,,,,
BINANCE-SPOT:SPOT_PAIR:123456-USDT,BINANCE-SPOT,SPOT_PAIR,123456-USDT,exchange,binance,tardis,crypto,2021-08-13T00:00:00.000Z,2024-09-11T00:00:00.000Z,"trades,book_snapshot_5",123456,USDT,USDT,123456,123456,False,,,,,,,,,,,,,
BINANCE-SPOT:SPOT_PAIR:FRONT-USDT,BINANCE-SPOT,SPOT_PAIR,FRONT-USDT,exchange,binance,tardis,crypto,2021-10-04T00:00:00.000Z,2024-08-28T00:00:00.000Z,"trades,book_snapshot_5",FRONT,USDT,USDT,frontusdt,frontusdt,False,,,,,0.001,,0.1,FRONT/USDT,binance,,,,
BINANCE-SPOT:SPOT_PAIR:REEF-USDT,BINANCE-SPOT,SPOT_PAIR,REEF-USDT,exchange,binance,tardis,crypto,2021-02-22T00:00:00.000Z,2024-08-27T00:00:00.000Z,"trades,book_snapshot_5",REEF,USDT,USDT,reefusdt,reefusdt,False,,,,,1e-06,,1.0,REEF/USDT,binance,,,,
BINANCE-SPOT:SPOT_PAIR:FOR-USDT,BINANCE-SPOT,SPOT_PAIR,FOR-USDT,exchange,binance,tardis,crypto,2021-08-20T00:00:00.000Z,2024-08-27T00:00:00.000Z,"trades,book_snapshot_5",FOR,USDT,USDT,forusdt,forusdt,False,,,,,1e-05,,1.0,FOR/USDT,binance,,,,
BINANCE-SPOT:SPOT_PAIR:CVP-USDT,BINANCE-SPOT,SPOT_PAIR,CVP-USDT,exchange,binance,tardis,crypto,2021-10-04T00:00:00.000Z,2024-08-27T00:00:00.000Z,"trades,book_snapshot_5",CVP,USDT,USDT,cvpusdt,cvpusdt,False,,,,,0.0001,,0.1,CVP/USDT,binance,,,,
BINANCE-SPOT:SPOT_PAIR:VGX-USDT,BINANCE-SPOT,SPOT_PAIR,VGX-USDT,exchange,binance,tardis,crypto,2021-11-22T00:00:00.000Z,2024-08-27T00:00:00.000Z,"trades,book_snapshot_5",VGX,USDT,USDT,vgxusdt,vgxusdt,False,,,,,0.0001,,0.1,VGX/USDT,binance,,,,
BINANCE-SPOT:SPOT_PAIR:EPX-USDT,BINANCE-SPOT,SPOT_PAIR,EPX-USDT,exchange,binance,tardis,crypto,2022-05-23T00:00:00.000Z,2024-08-27T00:00:00.000Z,"trades,book_snapshot_5",EPX,USDT,USDT,epxusdt,epxusdt,False,,,,,1e-07,,1.0,EPX/USDT,binance,,,,
BINANCE-SPOT:SPOT_PAIR:LOOM-USDT,BINANCE-SPOT,SPOT_PAIR,LOOM-USDT,exchange,binance,tardis,crypto,2023-03-24T00:00:00.000Z,2024-08-27T00:00:00.000Z,"trades,book_snapshot_5",LOOM,USDT,USDT,loomusdt,loomusdt,False,,,,,1e-05,,1.0,LOOM/USDT,binance,,,,
BINANCE-SPOT:SPOT_PAIR:DOCK-USDT,BINANCE-SPOT,SPOT_PAIR,DOCK-USDT,exchange,binance,tardis,crypto,2021-03-04T00:00:00.000Z,2024-07-23T00:00:00.000Z,"trades,book_snapshot_5",DOCK,USDT,USDT,dockusdt,dockusdt,False,,,,,1e-05,,1.0,DOCK/USDT,binance,,,,
BINANCE-SPOT:SPOT_PAIR:POLS-USDT,BINANCE-SPOT,SPOT_PAIR,POLS-USDT,exchange,binance,tardis,crypto,2021-05-19T00:00:00.000Z,2024-07-23T00:00:00.000Z,"trades,book_snapshot_5",POLS,USDT,USDT,polsusdt,polsusdt,False,,,,,0.0001,,0.1,POLS/USDT,binance,,,,
BINANCE-SPOT:SPOT_PAIR:MDX-USDT,BINANCE-SPOT,SPOT_PAIR,MDX-USDT,exchange,binance,tardis,crypto,2021-05-24T00:00:00.000Z,2024-07-23T00:00:00.000Z,"trades,book_snapshot_5",MDX,USDT,USDT,mdxusdt,mdxusdt,False,,,,,1e-05,,0.1,MDX/USDT,binance,,,,
BINANCE-SPOT:SPOT_PAIR:BOND-USDT,BINANCE-SPOT,SPOT_PAIR,BOND-USDT,exchange,binance,tardis,crypto,2021-07-05T00:00:00.000Z,2024-07-23T00:00:00.000Z,"trades,book_snapshot_5",BOND,USDT,USDT,bondusdt,bondusdt,False,,,,,0.001,,0.01,BOND/USDT,binance,,,,
BINANCE-SPOT:SPOT_PAIR:RNDR-USDT,BINANCE-SPOT,SPOT_PAIR,RNDR-USDT,exchange,binance,tardis,crypto,2021-11-27T00:00:00.000Z,2024-07-23T00:00:00.000Z,"trades,book_snapshot_5",RNDR,USDT,USDT,rndrusdt,rndrusdt,False,,,,,0.001,,0.01,RNDR/USDT,binance,,,,
BINANCE-SPOT:SPOT_PAIR:GAL-USDT,BINANCE-SPOT,SPOT_PAIR,GAL-USDT,exchange,binance,tardis,crypto,2022-05-05T00:00:00.000Z,2024-07-16T00:00:00.000Z,"trades,book_snapshot_5",GAL,USDT,USDT,galusdt,galusdt,False,,,,,0.001,,0.001,GAL/USDT,binance,,,,
BINANCE-SPOT:SPOT_PAIR:OCEAN-USDT,BINANCE-SPOT,SPOT_PAIR,OCEAN-USDT,exchange,binance,tardis,crypto,2020-08-19T00:00:00.000Z,2024-07-02T00:00:00.000Z,"trades,book_snapshot_5",OCEAN,USDT,USDT,oceanusdt,oceanusdt,False,,,,,0.0001,,1.0,OCEAN/USDT,binance,,,,
BINANCE-SPOT:SPOT_PAIR:AGIX-USDT,BINANCE-SPOT,SPOT_PAIR,AGIX-USDT,exchange,binance,tardis,crypto,2023-02-17T00:00:00.000Z,2024-07-02T00:00:00.000Z,"trades,book_snapshot_5",AGIX,USDT,USDT,agixusdt,agixusdt,False,,,,,0.0001,,1.0,AGIX/USDT,binance,,,,
BINANCE-SPOT:SPOT_PAIR:OMG-USDT,BINANCE-SPOT,SPOT_PAIR,OMG-USDT,exchange,binance,tardis,crypto,2020-05-19T00:00:00.000Z,2024-06-18T00:00:00.000Z,"trades,book_snapshot_5",OMG,USDT,USDT,omgusdt,omgusdt,False,,,,,0.001,,0.1,OMG/USDT,binance,,,,
BINANCE-SPOT:SPOT_PAIR:WAVES-USDT,BINANCE-SPOT,SPOT_PAIR,WAVES-USDT,exchange,binance,tardis,crypto,2020-05-19T00:00:00.000Z,2024-06-18T00:00:00.000Z,"trades,book_snapshot_5",WAVES,USDT,USDT,wavesusdt,wavesusdt,False,,,,,0.001,,0.01,WAVES/USDT,binance,,,,
BINANCE-SPOT:SPOT_PAIR:XEM-USDT,BINANCE-SPOT,SPOT_PAIR,XEM-USDT,exchange,binance,tardis,crypto,2020-11-24T00:00:00.000Z,2024-06-18T00:00:00.000Z,"trades,book_snapshot_5",XEM,USDT,USDT,xemusdt,xemusdt,False,,,,,1e-05,,1.0,XEM/USDT,binance,,,,
BINANCE-SPOT:SPOT_PAIR:WNXM-USDT,BINANCE-SPOT,SPOT_PAIR,WNXM-USDT,exchange,binance,tardis,crypto,2021-02-23T00:00:00.000Z,2024-06-18T00:00:00.000Z,"trades,book_snapshot_5",WNXM,USDT,USDT,wnxmusdt,wnxmusdt,False,,,,,0.01,,0.01,WNXM/USDT,binance,,,,
BINANCE-SPOT:SPOT_PAIR:USDTBIDR-USDT,BINANCE-SPOT,SPOT_PAIR,USDTBIDR-USDT,exchange,binance,tardis,crypto,2020-06-30T00:00:00.000Z,2024-05-18T00:00:00.000Z,"trades,book_snapshot_5",USDTBIDR,USDT,USDT,usdtbidr,usdtbidr,False,,,,,,,,,,,,,
BINANCE-SPOT:SPOT_PAIR:PNT-USDT,BINANCE-SPOT,SPOT_PAIR,PNT-USDT,exchange,binance,tardis,crypto,2021-03-04T00:00:00.000Z,2024-04-04T00:00:00.000Z,"trades,book_snapshot_5",PNT,USDT,USDT,pntusdt,pntusdt,False,,,,,0.0001,,1.0,PNT/USDT,binance,,,,
BINANCE-SPOT:SPOT_PAIR:DREP-USDT,BINANCE-SPOT,SPOT_PAIR,DREP-USDT,exchange,binance,tardis,crypto,2021-03-04T00:00:00.000Z,2024-04-04T00:00:00.000Z,"trades,book_snapshot_5",DREP,USDT,USDT,drepusdt,drepusdt,False,,,,,0.0001,,1.0,DREP/USDT,binance,,,,
BINANCE-SPOT:SPOT_PAIR:MOB-USDT,BINANCE-SPOT,SPOT_PAIR,MOB-USDT,exchange,binance,tardis,crypto,2022-04-29T00:00:00.000Z,2024-04-04T00:00:00.000Z,"trades,book_snapshot_5",MOB,USDT,USDT,mobusdt,mobusdt,False,,,,,0.0001,,0.01,MOB/USDT,binance,,,,
BINANCE-SPOT:SPOT_PAIR:BTCDOWN-USDT,BINANCE-SPOT,SPOT_PAIR,BTCDOWN-USDT,exchange,binance,tardis,crypto,2020-05-26T00:00:00.000Z,2024-02-29T00:00:00.000Z,"trades,book_snapshot_5",BTCDOWN,USDT,USDT,btcdownusdt,btcdownusdt,False,,,,,1e-07,,0.01,BTCDOWN/USDT,binance,,,,
BINANCE-SPOT:SPOT_PAIR:BTCUP-USDT,BINANCE-SPOT,SPOT_PAIR,BTCUP-USDT,exchange,binance,tardis,crypto,2020-05-26T00:00:00.000Z,2024-02-29T00:00:00.000Z,"trades,book_snapshot_5",BTCUP,USDT,USDT,btcupusdt,btcupusdt,False,,,,,0.001,,0.01,BTCUP/USDT,binance,,,,
BINANCE-SPOT:SPOT_PAIR:ETHUP-USDT,BINANCE-SPOT,SPOT_PAIR,ETHUP-USDT,exchange,binance,tardis,crypto,2020-07-13T00:00:00.000Z,2024-02-29T00:00:00.000Z,"trades,book_snapshot_5",ETHUP,USDT,USDT,ethupusdt,ethupusdt,False,,,,,0.001,,0.01,ETHUP/USDT,binance,,,,
BINANCE-SPOT:SPOT_PAIR:ETHDOWN-USDT,BINANCE-SPOT,SPOT_PAIR,ETHDOWN-USDT,exchange,binance,tardis,crypto,2020-07-13T00:00:00.000Z,2024-02-29T00:00:00.000Z,"trades,book_snapshot_5",ETHDOWN,USDT,USDT,ethdownusdt,ethdownusdt,False,,,,,1e-05,,0.01,ETHDOWN/USDT,binance,,,,
BINANCE-SPOT:SPOT_PAIR:BNBUP-USDT,BINANCE-SPOT,SPOT_PAIR,BNBUP-USDT,exchange,binance,tardis,crypto,2020-08-06T00:00:00.000Z,2024-02-29T00:00:00.000Z,"trades,book_snapshot_5",BNBUP,USDT,USDT,bnbupusdt,bnbupusdt,False,,,,,0.01,,0.01,BNBUP/USDT,binance,,,,
BINANCE-SPOT:SPOT_PAIR:BNBDOWN-USDT,BINANCE-SPOT,SPOT_PAIR,BNBDOWN-USDT,exchange,binance,tardis,crypto,2020-08-06T00:00:00.000Z,2024-02-29T00:00:00.000Z,"trades,book_snapshot_5",BNBDOWN,USDT,USDT,bnbdownusdt,bnbdownusdt,False,,,,,1e-06,,0.01,BNBDOWN/USDT,binance,,,,
BINANCE-SPOT:SPOT_PAIR:PLA-USDT,BINANCE-SPOT,SPOT_PAIR,PLA-USDT,exchange,binance,tardis,crypto,2021-11-23T00:00:00.000Z,2024-02-27T00:00:00.000Z,"trades,book_snapshot_5",PLA,USDT,USDT,plausdt,plausdt,False,,,,,0.0001,,0.01,PLA/USDT,binance,,,,
BINANCE-SPOT:SPOT_PAIR:XMR-USDT,BINANCE-SPOT,SPOT_PAIR,XMR-USDT,exchange,binance,tardis,crypto,2019-03-30T00:00:00.000Z,2024-02-21T00:00:00.000Z,"trades,book_snapshot_5",XMR,USDT,USDT,xmrusdt,xmrusdt,False,,,,,0.1,,0.001,XMR/USDT,binance,,,,
BINANCE-SPOT:SPOT_PAIR:ANT-USDT,BINANCE-SPOT,SPOT_PAIR,ANT-USDT,exchange,binance,tardis,crypto,2021-02-23T00:00:00.000Z,2024-02-21T00:00:00.000Z,"trades,book_snapshot_5",ANT,USDT,USDT,antusdt,antusdt,False,,,,,0.001,,0.1,ANT/USDT,binance,,,,
BINANCE-SPOT:SPOT_PAIR:MULTI-USDT,BINANCE-SPOT,SPOT_PAIR,MULTI-USDT,exchange,binance,tardis,crypto,2022-04-06T00:00:00.000Z,2024-02-21T00:00:00.000Z,"trades,book_snapshot_5",MULTI,USDT,USDT,multiusdt,multiusdt,False,,,,,0.001,,0.001,MULTI/USDT,binance,,,,
BINANCE-SPOT:SPOT_PAIR:GBP-USDT,BINANCE-SPOT,SPOT_PAIR,GBP-USDT,exchange,binance,tardis,crypto,2021-03-04T00:00:00.000Z,2023-12-30T00:00:00.000Z,"trades,book_snapshot_5",GBP,USDT,USDT,gbpusdt,gbpusdt,False,,,,,0.001,,0.1,GBP/USDT,binance,,,,
BINANCE-SPOT:SPOT_PAIR:BUSD-USDT,BINANCE-SPOT,SPOT_PAIR,BUSD-USDT,exchange,binance,tardis,crypto,2019-11-07T00:00:00.000Z,2023-12-16T00:00:00.000Z,"trades,book_snapshot_5",BUSD,USDT,USDT,busdusdt,busdusdt,False,,,,,0.0001,,1.0,BUSD/USDT,binance,,,,
BINANCE-SPOT:SPOT_PAIR:WTC-USDT,BINANCE-SPOT,SPOT_PAIR,WTC-USDT,exchange,binance,tardis,crypto,2020-04-07T00:00:00.000Z,2023-12-08T00:00:00.000Z,"trades,book_snapshot_5",WTC,USDT,USDT,wtcusdt,wtcusdt,False,,,,,0.0001,,1.0,WTC/USDT,binance,,,,
BINANCE-SPOT:SPOT_PAIR:BTS-USDT,BINANCE-SPOT,SPOT_PAIR,BTS-USDT,exchange,binance,tardis,crypto,2020-05-19T00:00:00.000Z,2023-12-08T00:00:00.000Z,"trades,book_snapshot_5",BTS,USDT,USDT,btsusdt,btsusdt,False,,,,,1e-05,,0.1,BTS/USDT,binance,,,,
BINANCE-SPOT:SPOT_PAIR:PERL-USDT,BINANCE-SPOT,SPOT_PAIR,PERL-USDT,exchange,binance,tardis,crypto,2021-03-04T00:00:00.000Z,2023-12-08T00:00:00.000Z,"trades,book_snapshot_5",PERL,USDT,USDT,perlusdt,perlusdt,False,,,,,1e-05,,0.1,PERL/USDT,binance,,,,
BINANCE-SPOT:SPOT_PAIR:TVK-USDT,BINANCE-SPOT,SPOT_PAIR,TVK-USDT,exchange,binance,tardis,crypto,2021-08-06T00:00:00.000Z,2023-11-28T00:00:00.000Z,"trades,book_snapshot_5",TVK,USDT,USDT,tvkusdt,tvkusdt,False,,,,,1e-05,,1.0,TVK/USDT,binance,,,,
BINANCE-SPOT:SPOT_PAIR:TOMO-USDT,BINANCE-SPOT,SPOT_PAIR,TOMO-USDT,exchange,binance,tardis,crypto,2019-11-13T00:00:00.000Z,2023-11-21T00:00:00.000Z,"trades,book_snapshot_5",TOMO,USDT,USDT,tomousdt,tomousdt,False,,,,,0.0001,,0.1,TOMO/USDT,binance,,,,
BINANCE-SPOT:SPOT_PAIR:MC-USDT,BINANCE-SPOT,SPOT_PAIR,MC-USDT,exchange,binance,tardis,crypto,2021-12-02T00:00:00.000Z,2023-11-08T00:00:00.000Z,"trades,book_snapshot_5",MC,USDT,USDT,mcusdt,mcusdt,False,,,,,0.0001,,0.01,MC/USDT,binance,,,,
BINANCE-SPOT:SPOT_PAIR:BETH-USDT,BINANCE-SPOT,SPOT_PAIR,BETH-USDT,exchange,binance,tardis,crypto,2023-03-03T00:00:00.000Z,2023-10-12T00:00:00.000Z,"trades,book_snapshot_5",BETH,USDT,USDT,bethusdt,bethusdt,False,,,,,0.01,,0.0001,BETH/USDT,binance,,,,
BINANCE-SPOT:SPOT_PAIR:NBT-USDT,BINANCE-SPOT,SPOT_PAIR,NBT-USDT,exchange,binance,tardis,crypto,2022-03-11T00:00:00.000Z,2023-09-03T00:00:00.000Z,"trades,book_snapshot_5",NBT,USDT,USDT,nbtusdt,nbtusdt,False,,,,,,,,,,,,,
BINANCE-SPOT:SPOT_PAIR:YFII-USDT,BINANCE-SPOT,SPOT_PAIR,YFII-USDT,exchange,binance,tardis,crypto,2020-09-02T00:00:00.000Z,2023-08-23T00:00:00.000Z,"trades,book_snapshot_5",YFII,USDT,USDT,yfiiusdt,yfiiusdt,False,,,,,0.1,,0.0001,YFII/USDT,binance,,,,
BINANCE-SPOT:SPOT_PAIR:ADAUP-USDT,BINANCE-SPOT,SPOT_PAIR,ADAUP-USDT,exchange,binance,tardis,crypto,2020-07-16T00:00:00.000Z,2023-08-17T00:00:00.000Z,"trades,book_snapshot_5",ADAUP,USDT,USDT,adaupusdt,adaupusdt,False,,,,,0.001,,0.01,ADAUP/USDT,binance,,,,
BINANCE-SPOT:SPOT_PAIR:ADADOWN-USDT,BINANCE-SPOT,SPOT_PAIR,ADADOWN-USDT,exchange,binance,tardis,crypto,2020-07-16T00:00:00.000Z,2023-08-17T00:00:00.000Z,"trades,book_snapshot_5",ADADOWN,USDT,USDT,adadownusdt,adadownusdt,False,,,,,1e-06,,0.01,ADADOWN/USDT,binance,,,,
BINANCE-SPOT:SPOT_PAIR:AUD-USDT,BINANCE-SPOT,SPOT_PAIR,AUD-USDT,exchange,binance,tardis,crypto,2021-03-04T00:00:00.000Z,2023-06-02T00:00:00.000Z,"trades,book_snapshot_5",AUD,USDT,USDT,audusdt,audusdt,False,,,,,0.0001,,1.0,AUD/USDT,binance,,,,
BINANCE-SPOT:SPOT_PAIR:COCOS-USDT,BINANCE-SPOT,SPOT_PAIR,COCOS-USDT,exchange,binance,tardis,crypto,2021-03-04T00:00:00.000Z,2023-05-30T00:00:00.000Z,"trades,book_snapshot_5",COCOS,USDT,USDT,cocosusdt,cocosusdt,False,,,,,0.0001,,1.0,COCOS/USDT,binance,,,,
BINANCE-FUTURES:PERPETUAL:BTC-USDT@LIN,BINANCE-FUTURES,PERPETUAL,BTC-USDT@LIN,exchange,binance-futures,tardis,crypto,2019-11-17T00:00:00.000Z,,"trades,book_snapshot_5,derivative_ticker,liquidations",BTC,USDT,USDT,btcusdt,btcusdt,False,,,,,0.01,BTC-USDT,1e-05,BTC/USDT,binance,,,,
BINANCE-FUTURES:PERPETUAL:ETH-USDT@LIN,BINANCE-FUTURES,PERPETUAL,ETH-USDT@LIN,exchange,binance-futures,tardis,crypto,2019-11-27T00:00:00.000Z,,"trades,book_snapshot_5,derivative_ticker,liquidations",ETH,USDT,USDT,ethusdt,ethusdt,False,,,,,0.01,ETH-USDT,0.0001,ETH/USDT,binance,,,,
BINANCE-FUTURES:PERPETUAL:BCH-USDT@LIN,BINANCE-FUTURES,PERPETUAL,BCH-USDT@LIN,exchange,binance-futures,tardis,crypto,2019-12-19T00:00:00.000Z,,"trades,book_snapshot_5,derivative_ticker,liquidations",BCH,USDT,USDT,bchusdt,bchusdt,False,,,,,0.1,BCH-USDT,0.001,BCH/USDT,binance,,,,
BINANCE-FUTURES:PERPETUAL:XRP-USDT@LIN,BINANCE-FUTURES,PERPETUAL,XRP-USDT@LIN,exchange,binance-futures,tardis,crypto,2020-01-06T00:00:00.000Z,,"trades,book_snapshot_5,derivative_ticker,liquidations",XRP,USDT,USDT,xrpusdt,xrpusdt,False,,,,,0.0001,XRP-USDT,0.1,XRP/USDT,binance,,,,
BINANCE-FUTURES:PERPETUAL:LTC-USDT@LIN,BINANCE-FUTURES,PERPETUAL,LTC-USDT@LIN,exchange,binance-futures,tardis,crypto,2020-01-09T00:00:00.000Z,,"trades,book_snapshot_5,derivative_ticker,liquidations",LTC,USDT,USDT,ltcusdt,ltcusdt,False,,,,,0.01,LTC-USDT,0.001,LTC/USDT,binance,,,,
BINANCE-FUTURES:PERPETUAL:TRX-USDT@LIN,BINANCE-FUTURES,PERPETUAL,TRX-USDT@LIN,exchange,binance-futures,tardis,crypto,2020-01-15T00:00:00.000Z,,"trades,book_snapshot_5,derivative_ticker,liquidations",TRX,USDT,USDT,trxusdt,trxusdt,False,,,,,0.0001,TRX-USDT,0.1,TRX/USDT,binance,,,,
BINANCE-FUTURES:PERPETUAL:ETC-USDT@LIN,BINANCE-FUTURES,PERPETUAL,ETC-USDT@LIN,exchange,binance-futures,tardis,crypto,2020-01-16T00:00:00.000Z,,"trades,book_snapshot_5,derivative_ticker,liquidations",ETC,USDT,USDT,etcusdt,etcusdt,False,,,,,0.01,ETC-USDT,0.01,ETC/USDT,binance,,,,
BINANCE-FUTURES:PERPETUAL:LINK-USDT@LIN,BINANCE-FUTURES,PERPETUAL,LINK-USDT@LIN,exchange,binance-futures,tardis,crypto,2020-01-17T00:00:00.000Z,,"trades,book_snapshot_5,derivative_ticker,liquidations",LINK,USDT,USDT,linkusdt,linkusdt,False,,,,,0.01,LINK-USDT,0.01,LINK/USDT,binance,,,,
BINANCE-FUTURES:PERPETUAL:XLM-USDT@LIN,BINANCE-FUTURES,PERPETUAL,XLM-USDT@LIN,exchange,binance-futures,tardis,crypto,2020-01-20T00:00:00.000Z,,"trades,book_snapshot_5,derivative_ticker,liquidations",XLM,USDT,USDT,xlmusdt,xlmusdt,False,,,,,0.0001,XLM-USDT,1.0,XLM/USDT,binance,,,,
BINANCE-FUTURES:PERPETUAL:ADA-USDT@LIN,BINANCE-FUTURES,PERPETUAL,ADA-USDT@LIN,exchange,binance-futures,tardis,crypto,2020-01-31T00:00:00.000Z,,"trades,book_snapshot_5,derivative_ticker,liquidations",ADA,USDT,USDT,adausdt,adausdt,False,,,,,0.0001,ADA-USDT,0.1,ADA/USDT,binance,,,,
BINANCE-FUTURES:PERPETUAL:XMR-USDT@LIN,BINANCE-FUTURES,PERPETUAL,XMR-USDT@LIN,exchange,binance-futures,tardis,crypto,2020-02-03T00:00:00.000Z,,"trades,book_snapshot_5,derivative_ticker,liquidations",XMR,USDT,USDT,xmrusdt,xmrusdt,False,,,,,0.1,XMR-USDT,0.001,XMR/USDT,binance,,,,
BINANCE-FUTURES:PERPETUAL:DASH-USDT@LIN,BINANCE-FUTURES,PERPETUAL,DASH-USDT@LIN,exchange,binance-futures,tardis,crypto,2020-02-04T00:00:00.000Z,,"trades,book_snapshot_5,derivative_ticker,liquidations",DASH,USDT,USDT,dashusdt,dashusdt,False,,,,,0.01,DASH-USDT,0.001,DASH/USDT,binance,,,,
BINANCE-FUTURES:PERPETUAL:ZEC-USDT@LIN,BINANCE-FUTURES,PERPETUAL,ZEC-USDT@LIN,exchange,binance-futures,tardis,crypto,2020-02-05T00:00:00.000Z,,"trades,book_snapshot_5,derivative_ticker,liquidations",ZEC,USDT,USDT,zecusdt,zecusdt,False,,,,,0.01,ZEC-USDT,0.001,ZEC/USDT,binance,,,,
BINANCE-FUTURES:PERPETUAL:XTZ-USDT@LIN,BINANCE-FUTURES,PERPETUAL,XTZ-USDT@LIN,exchange,binance-futures,tardis,crypto,2020-02-06T00:00:00.000Z,,"trades,book_snapshot_5,derivative_ticker,liquidations",XTZ,USDT,USDT,xtzusdt,xtzusdt,False,,,,,0.0001,XTZ-USDT,0.1,XTZ/USDT,binance,,,,
BINANCE-FUTURES:PERPETUAL:ATOM-USDT@LIN,BINANCE-FUTURES,PERPETUAL,ATOM-USDT@LIN,exchange,binance-futures,tardis,crypto,2020-02-07T00:00:00.000Z,,"trades,book_snapshot_5,derivative_ticker,liquidations",ATOM,USDT,USDT,atomusdt,atomusdt,False,,,,,0.001,ATOM-USDT,0.01,ATOM/USDT,binance,,,,
BINANCE-FUTURES:PERPETUAL:BNB-USDT@LIN,BINANCE-FUTURES,PERPETUAL,BNB-USDT@LIN,exchange,binance-futures,tardis,crypto,2020-02-10T00:00:00.000Z,,"trades,book_snapshot_5,derivative_ticker,liquidations",BNB,USDT,USDT,bnbusdt,bnbusdt,False,,,,,0.01,BNB-USDT,0.001,BNB/USDT,binance,,,,
BINANCE-FUTURES:PERPETUAL:ONT-USDT@LIN,BINANCE-FUTURES,PERPETUAL,ONT-USDT@LIN,exchange,binance-futures,tardis,crypto,2020-02-11T00:00:00.000Z,,"trades,book_snapshot_5,derivative_ticker,liquidations",ONT,USDT,USDT,ontusdt,ontusdt,False,,,,,0.0001,ONT-USDT,1.0,ONT/USDT,binance,,,,
BINANCE-FUTURES:PERPETUAL:IOTA-USDT@LIN,BINANCE-FUTURES,PERPETUAL,IOTA-USDT@LIN,exchange,binance-futures,tardis,crypto,2020-02-12T00:00:00.000Z,,"trades,book_snapshot_5,derivative_ticker,liquidations",IOTA,USDT,USDT,iotausdt,iotausdt,False,,,,,0.0001,IOTA-USDT,1.0,IOTA/USDT,binance,,,,
BINANCE-FUTURES:PERPETUAL:BAT-USDT@LIN,BINANCE-FUTURES,PERPETUAL,BAT-USDT@LIN,exchange,binance-futures,tardis,crypto,2020-02-13T00:00:00.000Z,,"trades,book_snapshot_5,derivative_ticker,liquidations",BAT,USDT,USDT,batusdt,batusdt,False,,,,,0.0001,BAT-USDT,1.0,BAT/USDT,binance,,,,
BINANCE-FUTURES:PERPETUAL:VET-USDT@LIN,BINANCE-FUTURES,PERPETUAL,VET-USDT@LIN,exchange,binance-futures,tardis,crypto,2020-02-14T00:00:00.000Z,,"trades,book_snapshot_5,derivative_ticker,liquidations",VET,USDT,USDT,vetusdt,vetusdt,False,,,,,1e-05,VET-USDT,0.1,VET/USDT,binance,,,,
BINANCE-FUTURES:PERPETUAL:NEO-USDT@LIN,BINANCE-FUTURES,PERPETUAL,NEO-USDT@LIN,exchange,binance-futures,tardis,crypto,2020-02-17T00:00:00.000Z,,"trades,book_snapshot_5,derivative_ticker,liquidations",NEO,USDT,USDT,neousdt,neousdt,False,,,,,0.001,NEO-USDT,0.01,NEO/USDT,binance,,,,
BINANCE-FUTURES:PERPETUAL:QTUM-USDT@LIN,BINANCE-FUTURES,PERPETUAL,QTUM-USDT@LIN,exchange,binance-futures,tardis,crypto,2020-02-20T00:00:00.000Z,,"trades,book_snapshot_5,derivative_ticker,liquidations",QTUM,USDT,USDT,qtumusdt,qtumusdt,False,,,,,0.001,QTUM-USDT,0.1,QTUM/USDT,binance,,,,
BINANCE-FUTURES:PERPETUAL:IOST-USDT@LIN,BINANCE-FUTURES,PERPETUAL,IOST-USDT@LIN,exchange,binance-futures,tardis,crypto,2020-02-21T00:00:00.000Z,,"trades,book_snapshot_5,derivative_ticker,liquidations",IOST,USDT,USDT,iostusdt,iostusdt,False,,,,,1e-06,IOST-USDT,1.0,IOST/USDT,binance,,,,
BINANCE-FUTURES:PERPETUAL:THETA-USDT@LIN,BINANCE-FUTURES,PERPETUAL,THETA-USDT@LIN,exchange,binance-futures,tardis,crypto,2020-05-27T00:00:00.000Z,,"trades,book_snapshot_5,derivative_ticker,liquidations",THETA,USDT,USDT,thetausdt,thetausdt,False,,,,,0.001,THETA-USDT,0.1,THETA/USDT,binance,,,,
BINANCE-FUTURES:PERPETUAL:ALGO-USDT@LIN,BINANCE-FUTURES,PERPETUAL,ALGO-USDT@LIN,exchange,binance-futures,tardis,crypto,2020-06-16T00:00:00.000Z,,"trades,book_snapshot_5,derivative_ticker,liquidations",ALGO,USDT,USDT,algousdt,algousdt,False,,,,,0.0001,ALGO-USDT,1.0,ALGO/USDT,binance,,,,
BINANCE-FUTURES:PERPETUAL:ZIL-USDT@LIN,BINANCE-FUTURES,PERPETUAL,ZIL-USDT@LIN,exchange,binance-futures,tardis,crypto,2020-06-18T00:00:00.000Z,,"trades,book_snapshot_5,derivative_ticker,liquidations",ZIL,USDT,USDT,zilusdt,zilusdt,False,,,,,1e-05,ZIL-USDT,0.1,ZIL/USDT,binance,,,,
BINANCE-FUTURES:PERPETUAL:KNC-USDT@LIN,BINANCE-FUTURES,PERPETUAL,KNC-USDT@LIN,exchange,binance-futures,tardis,crypto,2020-06-22T00:00:00.000Z,,"trades,book_snapshot_5,derivative_ticker,liquidations",KNC,USDT,USDT,kncusdt,kncusdt,False,,,,,0.0001,KNC-USDT,0.1,KNC/USDT,binance,,,,
BINANCE-FUTURES:PERPETUAL:ZRX-USDT@LIN,BINANCE-FUTURES,PERPETUAL,ZRX-USDT@LIN,exchange,binance-futures,tardis,crypto,2020-06-24T00:00:00.000Z,,"trades,book_snapshot_5,derivative_ticker,liquidations",ZRX,USDT,USDT,zrxusdt,zrxusdt,False,,,,,0.0001,ZRX-USDT,1.0,ZRX/USDT,binance,,,,
BINANCE-FUTURES:PERPETUAL:COMP-USDT@LIN,BINANCE-FUTURES,PERPETUAL,COMP-USDT@LIN,exchange,binance-futures,tardis,crypto,2020-06-30T00:00:00.000Z,,"trades,book_snapshot_5,derivative_ticker,liquidations",COMP,USDT,USDT,compusdt,compusdt,False,,,,,0.01,COMP-USDT,0.001,COMP/USDT,binance,,,,
BINANCE-FUTURES:PERPETUAL:DOGE-USDT@LIN,BINANCE-FUTURES,PERPETUAL,DOGE-USDT@LIN,exchange,binance-futures,tardis,crypto,2020-07-10T00:00:00.000Z,,"trades,book_snapshot_5,derivative_ticker,liquidations",DOGE,USDT,USDT,dogeusdt,dogeusdt,False,,,,,1e-05,DOGE-USDT,1.0,DOGE/USDT,binance,,,,
BINANCE-FUTURES:PERPETUAL:SXP-USDT@LIN,BINANCE-FUTURES,PERPETUAL,SXP-USDT@LIN,exchange,binance-futures,tardis,crypto,2020-07-22T00:00:00.000Z,,"trades,book_snapshot_5,derivative_ticker,liquidations",SXP,USDT,USDT,sxpusdt,sxpusdt,False,,,,,0.0001,SXP-USDT,0.1,SXP/USDT,binance,,,,
BINANCE-FUTURES:PERPETUAL:KAVA-USDT@LIN,BINANCE-FUTURES,PERPETUAL,KAVA-USDT@LIN,exchange,binance-futures,tardis,crypto,2020-07-29T00:00:00.000Z,,"trades,book_snapshot_5,derivative_ticker,liquidations",KAVA,USDT,USDT,kavausdt,kavausdt,False,,,,,0.0001,KAVA-USDT,0.1,KAVA/USDT,binance,,,,
BINANCE-FUTURES:PERPETUAL:BAND-USDT@LIN,BINANCE-FUTURES,PERPETUAL,BAND-USDT@LIN,exchange,binance-futures,tardis,crypto,2020-07-29T00:00:00.000Z,,"trades,book_snapshot_5,derivative_ticker,liquidations",BAND,USDT,USDT,bandusdt,bandusdt,False,,,,,0.001,BAND-USDT,0.1,BAND/USDT,binance,,,,
BINANCE-FUTURES:PERPETUAL:RLC-USDT@LIN,BINANCE-FUTURES,PERPETUAL,RLC-USDT@LIN,exchange,binance-futures,tardis,crypto,2020-08-01T00:00:00.000Z,,"trades,book_snapshot_5,derivative_ticker,liquidations",RLC,USDT,USDT,rlcusdt,rlcusdt,False,,,,,0.001,RLC-USDT,0.1,RLC/USDT,binance,,,,
BINANCE-FUTURES:PERPETUAL:SNX-USDT@LIN,BINANCE-FUTURES,PERPETUAL,SNX-USDT@LIN,exchange,binance-futures,tardis,crypto,2020-08-15T00:00:00.000Z,,"trades,book_snapshot_5,derivative_ticker,liquidations",SNX,USDT,USDT,snxusdt,snxusdt,False,,,,,0.001,SNX-USDT,0.1,SNX/USDT,binance,,,,
BINANCE-FUTURES:PERPETUAL:DOT-USDT@LIN,BINANCE-FUTURES,PERPETUAL,DOT-USDT@LIN,exchange,binance-futures,tardis,crypto,2020-08-22T00:00:00.000Z,,"trades,book_snapshot_5,derivative_ticker,liquidations",DOT,USDT,USDT,dotusdt,dotusdt,False,,,,,0.001,DOT-USDT,0.01,DOT/USDT,binance,,,,
BINANCE-FUTURES:PERPETUAL:YFI-USDT@LIN,BINANCE-FUTURES,PERPETUAL,YFI-USDT@LIN,exchange,binance-futures,tardis,crypto,2020-08-31T00:00:00.000Z,,"trades,book_snapshot_5,derivative_ticker,liquidations",YFI,USDT,USDT,yfiusdt,yfiusdt,False,,,,,1.0,YFI-USDT,1e-05,YFI/USDT,binance,,,,
BINANCE-FUTURES:PERPETUAL:CRV-USDT@LIN,BINANCE-FUTURES,PERPETUAL,CRV-USDT@LIN,exchange,binance-futures,tardis,crypto,2020-09-01T00:00:00.000Z,,"trades,book_snapshot_5,derivative_ticker,liquidations",CRV,USDT,USDT,crvusdt,crvusdt,False,,,,,0.0001,CRV-USDT,0.1,CRV/USDT,binance,,,,
BINANCE-FUTURES:PERPETUAL:TRB-USDT@LIN,BINANCE-FUTURES,PERPETUAL,TRB-USDT@LIN,exchange,binance-futures,tardis,crypto,2020-09-03T00:00:00.000Z,,"trades,book_snapshot_5,derivative_ticker,liquidations",TRB,USDT,USDT,trbusdt,trbusdt,False,,,,,0.01,TRB-USDT,0.001,TRB/USDT,binance,,,,
BINANCE-FUTURES:PERPETUAL:SUSHI-USDT@LIN,BINANCE-FUTURES,PERPETUAL,SUSHI-USDT@LIN,exchange,binance-futures,tardis,crypto,2020-09-04T00:00:00.000Z,,"trades,book_snapshot_5,derivative_ticker,liquidations",SUSHI,USDT,USDT,sushiusdt,sushiusdt,False,,,,,0.0001,SUSHI-USDT,0.1,SUSHI/USDT,binance,,,,
BINANCE-FUTURES:PERPETUAL:RUNE-USDT@LIN,BINANCE-FUTURES,PERPETUAL,RUNE-USDT@LIN,exchange,binance-futures,tardis,crypto,2020-09-04T00:00:00.000Z,,"trades,book_snapshot_5,derivative_ticker,liquidations",RUNE,USDT,USDT,runeusdt,runeusdt,False,,,,,0.001,RUNE-USDT,0.1,RUNE/USDT,binance,,,,
BINANCE-FUTURES:PERPETUAL:SOL-USDT@LIN,BINANCE-FUTURES,PERPETUAL,SOL-USDT@LIN,exchange,binance-futures,tardis,crypto,2020-09-14T00:00:00.000Z,,"trades,book_snapshot_5,derivative_ticker,liquidations",SOL,USDT,USDT,solusdt,solusdt,False,,,,,0.01,SOL-USDT,0.001,SOL/USDT,binance,,,,
BINANCE-FUTURES:PERPETUAL:EGLD-USDT@LIN,BINANCE-FUTURES,PERPETUAL,EGLD-USDT@LIN,exchange,binance-futures,tardis,crypto,2020-09-14T00:00:00.000Z,,"trades,book_snapshot_5,derivative_ticker,liquidations",EGLD,USDT,USDT,egldusdt,egldusdt,False,,,,,0.01,EGLD-USDT,0.01,EGLD/USDT,binance,,,,
BINANCE-FUTURES:PERPETUAL:ICX-USDT@LIN,BINANCE-FUTURES,PERPETUAL,ICX-USDT@LIN,exchange,binance-futures,tardis,crypto,2020-09-15T00:00:00.000Z,,"trades,book_snapshot_5,derivative_ticker,liquidations",ICX,USDT,USDT,icxusdt,icxusdt,False,,,,,0.0001,ICX-USDT,0.1,ICX/USDT,binance,,,,
BINANCE-FUTURES:PERPETUAL:STORJ-USDT@LIN,BINANCE-FUTURES,PERPETUAL,STORJ-USDT@LIN,exchange,binance-futures,tardis,crypto,2020-09-16T00:00:00.000Z,,"trades,book_snapshot_5,derivative_ticker,liquidations",STORJ,USDT,USDT,storjusdt,storjusdt,False,,,,,0.0001,STORJ-USDT,1.0,STORJ/USDT,binance,,,,
BINANCE-FUTURES:PERPETUAL:UNI-USDT@LIN,BINANCE-FUTURES,PERPETUAL,UNI-USDT@LIN,exchange,binance-futures,tardis,crypto,2020-09-18T00:00:00.000Z,,"trades,book_snapshot_5,derivative_ticker,liquidations",UNI,USDT,USDT,uniusdt,uniusdt,False,,,,,0.001,UNI-USDT,0.01,UNI/USDT,binance,,,,
BINANCE-FUTURES:PERPETUAL:AVAX-USDT@LIN,BINANCE-FUTURES,PERPETUAL,AVAX-USDT@LIN,exchange,binance-futures,tardis,crypto,2020-09-23T00:00:00.000Z,,"trades,book_snapshot_5,derivative_ticker,liquidations",AVAX,USDT,USDT,avaxusdt,avaxusdt,False,,,,,0.01,AVAX-USDT,0.01,AVAX/USDT,binance,,,,
BINANCE-FUTURES:PERPETUAL:ENJ-USDT@LIN,BINANCE-FUTURES,PERPETUAL,ENJ-USDT@LIN,exchange,binance-futures,tardis,crypto,2020-09-30T00:00:00.000Z,,"trades,book_snapshot_5,derivative_ticker,liquidations",ENJ,USDT,USDT,enjusdt,enjusdt,False,,,,,1e-05,ENJ-USDT,0.1,ENJ/USDT,binance,,,,
BINANCE-FUTURES:PERPETUAL:FLM-USDT@LIN,BINANCE-FUTURES,PERPETUAL,FLM-USDT@LIN,exchange,binance-futures,tardis,crypto,2020-09-30T00:00:00.000Z,,"trades,book_snapshot_5,derivative_ticker,liquidations",FLM,USDT,USDT,flmusdt,flmusdt,False,,,,,0.0001,FLM-USDT,1.0,FLM/USDT,binance,,,,
BINANCE-FUTURES:PERPETUAL:KSM-USDT@LIN,BINANCE-FUTURES,PERPETUAL,KSM-USDT@LIN,exchange,binance-futures,tardis,crypto,2020-10-14T00:00:00.000Z,,"trades,book_snapshot_5,derivative_ticker,liquidations",KSM,USDT,USDT,ksmusdt,ksmusdt,False,,,,,0.01,KSM-USDT,0.001,KSM/USDT,binance,,,,
BINANCE-FUTURES:PERPETUAL:NEAR-USDT@LIN,BINANCE-FUTURES,PERPETUAL,NEAR-USDT@LIN,exchange,binance-futures,tardis,crypto,2020-10-16T00:00:00.000Z,,"trades,book_snapshot_5,derivative_ticker,liquidations",NEAR,USDT,USDT,nearusdt,nearusdt,False,,,,,0.001,NEAR-USDT,0.1,NEAR/USDT,binance,,,,
BINANCE-FUTURES:PERPETUAL:FIL-USDT@LIN,BINANCE-FUTURES,PERPETUAL,FIL-USDT@LIN,exchange,binance-futures,tardis,crypto,2020-10-16T00:00:00.000Z,,"trades,book_snapshot_5,derivative_ticker,liquidations",FIL,USDT,USDT,filusdt,filusdt,False,,,,,0.001,FIL-USDT,0.01,FIL/USDT,binance,,,,
BINANCE-FUTURES:PERPETUAL:AAVE-USDT@LIN,BINANCE-FUTURES,PERPETUAL,AAVE-USDT@LIN,exchange,binance-futures,tardis,crypto,2020-10-16T00:00:00.000Z,,"trades,book_snapshot_5,derivative_ticker,liquidations",AAVE,USDT,USDT,aaveusdt,aaveusdt,False,,,,,0.01,AAVE-USDT,0.001,AAVE/USDT,binance,,,,
BINANCE-FUTURES:PERPETUAL:RSR-USDT@LIN,BINANCE-FUTURES,PERPETUAL,RSR-USDT@LIN,exchange,binance-futures,tardis,crypto,2020-10-19T00:00:00.000Z,,"trades,book_snapshot_5,derivative_ticker,liquidations",RSR,USDT,USDT,rsrusdt,rsrusdt,False,,,,,1e-06,RSR-USDT,0.1,RSR/USDT,binance,,,,
BINANCE-FUTURES:PERPETUAL:LRC-USDT@LIN,BINANCE-FUTURES,PERPETUAL,LRC-USDT@LIN,exchange,binance-futures,tardis,crypto,2020-10-19T00:00:00.000Z,,"trades,book_snapshot_5,derivative_ticker,liquidations",LRC,USDT,USDT,lrcusdt,lrcusdt,False,,,,,0.0001,LRC-USDT,1.0,LRC/USDT,binance,,,,
BINANCE-FUTURES:PERPETUAL:CVC-USDT@LIN,BINANCE-FUTURES,PERPETUAL,CVC-USDT@LIN,exchange,binance-futures,tardis,crypto,2020-11-12T00:00:00.000Z,,"trades,book_snapshot_5,derivative_ticker,liquidations",CVC,USDT,USDT,cvcusdt,cvcusdt,False,,,,,0.0001,CVC-USDT,1.0,CVC/USDT,binance,,,,
BINANCE-FUTURES:PERPETUAL:BEL-USDT@LIN,BINANCE-FUTURES,PERPETUAL,BEL-USDT@LIN,exchange,binance-futures,tardis,crypto,2020-11-18T00:00:00.000Z,,"trades,book_snapshot_5,derivative_ticker,liquidations",BEL,USDT,USDT,belusdt,belusdt,False,,,,,0.0001,BEL-USDT,0.1,BEL/USDT,binance,,,,
BINANCE-FUTURES:PERPETUAL:CTK-USDT@LIN,BINANCE-FUTURES,PERPETUAL,CTK-USDT@LIN,exchange,binance-futures,tardis,crypto,2020-11-19T00:00:00.000Z,,"trades,book_snapshot_5,derivative_ticker,liquidations",CTK,USDT,USDT,ctkusdt,ctkusdt,False,,,,,0.0001,CTK-USDT,0.1,CTK/USDT,binance,,,,
BINANCE-FUTURES:PERPETUAL:AXS-USDT@LIN,BINANCE-FUTURES,PERPETUAL,AXS-USDT@LIN,exchange,binance-futures,tardis,crypto,2020-11-20T00:00:00.000Z,,"trades,book_snapshot_5,derivative_ticker,liquidations",AXS,USDT,USDT,axsusdt,axsusdt,False,,,,,0.001,AXS-USDT,0.01,AXS/USDT,binance,,,,
BINANCE-FUTURES:PERPETUAL:ZEN-USDT@LIN,BINANCE-FUTURES,PERPETUAL,ZEN-USDT@LIN,exchange,binance-futures,tardis,crypto,2020-11-24T00:00:00.000Z,,"trades,book_snapshot_5,derivative_ticker,liquidations",ZEN,USDT,USDT,zenusdt,zenusdt,False,,,,,0.001,ZEN-USDT,0.01,ZEN/USDT,binance,,,,
BINANCE-FUTURES:PERPETUAL:SKL-USDT@LIN,BINANCE-FUTURES,PERPETUAL,SKL-USDT@LIN,exchange,binance-futures,tardis,crypto,2020-12-08T00:00:00.000Z,,"trades,book_snapshot_5,derivative_ticker,liquidations",SKL,USDT,USDT,sklusdt,sklusdt,False,,,,,1e-05,SKL-USDT,1.0,SKL/USDT,binance,,,,
BINANCE-FUTURES:PERPETUAL:GRT-USDT@LIN,BINANCE-FUTURES,PERPETUAL,GRT-USDT@LIN,exchange,binance-futures,tardis,crypto,2020-12-19T00:00:00.000Z,,"trades,book_snapshot_5,derivative_ticker,liquidations",GRT,USDT,USDT,grtusdt,grtusdt,False,,,,,1e-05,GRT-USDT,1.0,GRT/USDT,binance,,,,
BINANCE-FUTURES:PERPETUAL:CHZ-USDT@LIN,BINANCE-FUTURES,PERPETUAL,CHZ-USDT@LIN,exchange,binance-futures,tardis,crypto,2021-01-21T00:00:00.000Z,,"trades,book_snapshot_5,derivative_ticker,liquidations",CHZ,USDT,USDT,chzusdt,chzusdt,False,,,,,1e-05,CHZ-USDT,1.0,CHZ/USDT,binance,,,,
BINANCE-FUTURES:PERPETUAL:SAND-USDT@LIN,BINANCE-FUTURES,PERPETUAL,SAND-USDT@LIN,exchange,binance-futures,tardis,crypto,2021-01-25T00:00:00.000Z,,"trades,book_snapshot_5,derivative_ticker,liquidations",SAND,USDT,USDT,sandusdt,sandusdt,False,,,,,0.0001,SAND-USDT,1.0,SAND/USDT,binance,,,,
BINANCE-FUTURES:PERPETUAL:ANKR-USDT@LIN,BINANCE-FUTURES,PERPETUAL,ANKR-USDT@LIN,exchange,binance-futures,tardis,crypto,2021-01-26T00:00:00.000Z,,"trades,book_snapshot_5,derivative_ticker,liquidations",ANKR,USDT,USDT,ankrusdt,ankrusdt,False,,,,,1e-05,ANKR-USDT,0.1,ANKR/USDT,binance,,,,
BINANCE-FUTURES:PERPETUAL:RVN-USDT@LIN,BINANCE-FUTURES,PERPETUAL,RVN-USDT@LIN,exchange,binance-futures,tardis,crypto,2021-02-23T00:00:00.000Z,,"trades,book_snapshot_5,derivative_ticker,liquidations",RVN,USDT,USDT,rvnusdt,rvnusdt,False,,,,,1e-05,RVN-USDT,0.1,RVN/USDT,binance,,,,
BINANCE-FUTURES:PERPETUAL:SFP-USDT@LIN,BINANCE-FUTURES,PERPETUAL,SFP-USDT@LIN,exchange,binance-futures,tardis,crypto,2021-02-24T00:00:00.000Z,,"trades,book_snapshot_5,derivative_ticker,liquidations",SFP,USDT,USDT,sfpusdt,sfpusdt,False,,,,,0.0001,SFP-USDT,1.0,SFP/USDT,binance,,,,
BINANCE-FUTURES:PERPETUAL:COTI-USDT@LIN,BINANCE-FUTURES,PERPETUAL,COTI-USDT@LIN,exchange,binance-futures,tardis,crypto,2021-03-10T00:00:00.000Z,,"trades,book_snapshot_5,derivative_ticker,liquidations",COTI,USDT,USDT,cotiusdt,cotiusdt,False,,,,,1e-05,COTI-USDT,1.0,COTI/USDT,binance,,,,
BINANCE-FUTURES:PERPETUAL:CHR-USDT@LIN,BINANCE-FUTURES,PERPETUAL,CHR-USDT@LIN,exchange,binance-futures,tardis,crypto,2021-03-12T00:00:00.000Z,,"trades,book_snapshot_5,derivative_ticker,liquidations",CHR,USDT,USDT,chrusdt,chrusdt,False,,,,,0.0001,CHR-USDT,1.0,CHR/USDT,binance,,,,
BINANCE-FUTURES:PERPETUAL:MANA-USDT@LIN,BINANCE-FUTURES,PERPETUAL,MANA-USDT@LIN,exchange,binance-futures,tardis,crypto,2021-03-15T00:00:00.000Z,,"trades,book_snapshot_5,derivative_ticker,liquidations",MANA,USDT,USDT,manausdt,manausdt,False,,,,,0.0001,MANA-USDT,1.0,MANA/USDT,binance,,,,
BINANCE-FUTURES:PERPETUAL:ALICE-USDT@LIN,BINANCE-FUTURES,PERPETUAL,ALICE-USDT@LIN,exchange,binance-futures,tardis,crypto,2021-03-16T00:00:00.000Z,,"trades,book_snapshot_5,derivative_ticker,liquidations",ALICE,USDT,USDT,aliceusdt,aliceusdt,False,,,,,0.0001,ALICE-USDT,0.01,ALICE/USDT,binance,,,,
BINANCE-FUTURES:PERPETUAL:HBAR-USDT@LIN,BINANCE-FUTURES,PERPETUAL,HBAR-USDT@LIN,exchange,binance-futures,tardis,crypto,2021-03-17T00:00:00.000Z,,"trades,book_snapshot_5,derivative_ticker,liquidations",HBAR,USDT,USDT,hbarusdt,hbarusdt,False,,,,,1e-05,HBAR-USDT,1.0,HBAR/USDT,binance,,,,
BINANCE-FUTURES:PERPETUAL:ONE-USDT@LIN,BINANCE-FUTURES,PERPETUAL,ONE-USDT@LIN,exchange,binance-futures,tardis,crypto,2021-03-18T00:00:00.000Z,,"trades,book_snapshot_5,derivative_ticker,liquidations",ONE,USDT,USDT,oneusdt,oneusdt,False,,,,,1e-05,ONE-USDT,0.1,ONE/USDT,binance,,,,
BINANCE-FUTURES:PERPETUAL:DENT-USDT@LIN,BINANCE-FUTURES,PERPETUAL,DENT-USDT@LIN,exchange,binance-futures,tardis,crypto,2021-03-24T00:00:00.000Z,,"trades,book_snapshot_5,derivative_ticker,liquidations",DENT,USDT,USDT,dentusdt,dentusdt,False,,,,,1e-06,DENT-USDT,1.0,DENT/USDT,binance,,,,
BINANCE-FUTURES:PERPETUAL:CELR-USDT@LIN,BINANCE-FUTURES,PERPETUAL,CELR-USDT@LIN,exchange,binance-futures,tardis,crypto,2021-03-29T00:00:00.000Z,,"trades,book_snapshot_5,derivative_ticker,liquidations",CELR,USDT,USDT,celrusdt,celrusdt,False,,,,,1e-06,CELR-USDT,0.1,CELR/USDT,binance,,,,
BINANCE-FUTURES:PERPETUAL:HOT-USDT@LIN,BINANCE-FUTURES,PERPETUAL,HOT-USDT@LIN,exchange,binance-futures,tardis,crypto,2021-03-30T00:00:00.000Z,,"trades,book_snapshot_5,derivative_ticker,liquidations",HOT,USDT,USDT,hotusdt,hotusdt,False,,,,,1e-06,HOT-USDT,1.0,HOT/USDT,binance,,,,
BINANCE-FUTURES:PERPETUAL:MTL-USDT@LIN,BINANCE-FUTURES,PERPETUAL,MTL-USDT@LIN,exchange,binance-futures,tardis,crypto,2021-03-31T00:00:00.000Z,,"trades,book_snapshot_5,derivative_ticker,liquidations",MTL,USDT,USDT,mtlusdt,mtlusdt,False,,,,,0.001,MTL-USDT,0.1,MTL/USDT,binance,,,,
BINANCE-FUTURES:PERPETUAL:OGN-USDT@LIN,BINANCE-FUTURES,PERPETUAL,OGN-USDT@LIN,exchange,binance-futures,tardis,crypto,2021-04-01T00:00:00.000Z,,"trades,book_snapshot_5,derivative_ticker,liquidations",OGN,USDT,USDT,ognusdt,ognusdt,False,,,,,0.0001,OGN-USDT,1.0,OGN/USDT,binance,,,,
BINANCE-FUTURES:PERPETUAL:NKN-USDT@LIN,BINANCE-FUTURES,PERPETUAL,NKN-USDT@LIN,exchange,binance-futures,tardis,crypto,2021-04-09T00:00:00.000Z,,"trades,book_snapshot_5,derivative_ticker,liquidations",NKN,USDT,USDT,nknusdt,nknusdt,False,,,,,0.0001,NKN-USDT,1.0,NKN/USDT,binance,,,,
BINANCE-FUTURES:PERPETUAL:ICP-USDT@LIN,BINANCE-FUTURES,PERPETUAL,ICP-USDT@LIN,exchange,binance-futures,tardis,crypto,2021-05-11T00:00:00.000Z,,"trades,book_snapshot_5,derivative_ticker,liquidations",ICP,USDT,USDT,icpusdt,icpusdt,False,,,,,0.001,ICP-USDT,0.01,ICP/USDT,binance,,,,
BINANCE-FUTURES:PERPETUAL:GTC-USDT@LIN,BINANCE-FUTURES,PERPETUAL,GTC-USDT@LIN,exchange,binance-futures,tardis,crypto,2021-06-11T00:00:00.000Z,,"trades,book_snapshot_5,derivative_ticker,liquidations",GTC,USDT,USDT,gtcusdt,gtcusdt,False,,,,,0.001,GTC-USDT,0.1,GTC/USDT,binance,,,,
BINANCE-FUTURES:PERPETUAL:BTCDOM-USDT@LIN,BINANCE-FUTURES,PERPETUAL,BTCDOM-USDT@LIN,exchange,binance-futures,tardis,crypto,2021-06-21T00:00:00.000Z,,"trades,book_snapshot_5,derivative_ticker,liquidations",BTCDOM,USDT,USDT,btcdomusdt,btcdomusdt,False,,,,,,BTCDOM-USDT,,,,,,,
BINANCE-FUTURES:PERPETUAL:TLM-USDT@LIN,BINANCE-FUTURES,PERPETUAL,TLM-USDT@LIN,exchange,binance-futures,tardis,crypto,2021-07-16T00:00:00.000Z,,"trades,book_snapshot_5,derivative_ticker,liquidations",TLM,USDT,USDT,tlmusdt,tlmusdt,False,,,,,1e-05,TLM-USDT,1.0,TLM/USDT,binance,,,,
BINANCE-FUTURES:PERPETUAL:IOTX-USDT@LIN,BINANCE-FUTURES,PERPETUAL,IOTX-USDT@LIN,exchange,binance-futures,tardis,crypto,2021-08-12T00:00:00.000Z,,"trades,book_snapshot_5,derivative_ticker,liquidations",IOTX,USDT,USDT,iotxusdt,iotxusdt,False,,,,,1e-05,IOTX-USDT,1.0,IOTX/USDT,binance,,,,
BINANCE-FUTURES:PERPETUAL:C98-USDT@LIN,BINANCE-FUTURES,PERPETUAL,C98-USDT@LIN,exchange,binance-futures,tardis,crypto,2021-08-24T00:00:00.000Z,,"trades,book_snapshot_5,derivative_ticker,liquidations",C98,USDT,USDT,c98usdt,c98usdt,False,,,,,0.0001,C98-USDT,0.1,C98/USDT,binance,,,,
BINANCE-FUTURES:PERPETUAL:MASK-USDT@LIN,BINANCE-FUTURES,PERPETUAL,MASK-USDT@LIN,exchange,binance-futures,tardis,crypto,2021-08-27T00:00:00.000Z,,"trades,book_snapshot_5,derivative_ticker,liquidations",MASK,USDT,USDT,maskusdt,maskusdt,False,,,,,0.001,MASK-USDT,0.1,MASK/USDT,binance,,,,
BINANCE-FUTURES:PERPETUAL:ATA-USDT@LIN,BINANCE-FUTURES,PERPETUAL,ATA-USDT@LIN,exchange,binance-futures,tardis,crypto,2021-08-31T00:00:00.000Z,,"trades,book_snapshot_5,derivative_ticker,liquidations",ATA,USDT,USDT,atausdt,atausdt,False,,,,,0.0001,ATA-USDT,1.0,ATA/USDT,binance,,,,
BINANCE-FUTURES:PERPETUAL:DYDX-USDT@LIN,BINANCE-FUTURES,PERPETUAL,DYDX-USDT@LIN,exchange,binance-futures,tardis,crypto,2021-09-10T00:00:00.000Z,,"trades,book_snapshot_5,derivative_ticker,liquidations",DYDX,USDT,USDT,dydxusdt,dydxusdt,False,,,,,0.0001,DYDX-USDT,0.01,DYDX/USDT,binance,,,,
BINANCE-FUTURES:PERPETUAL:GALA-USDT@LIN,BINANCE-FUTURES,PERPETUAL,GALA-USDT@LIN,exchange,binance-futures,tardis,crypto,2021-09-18T00:00:00.000Z,,"trades,book_snapshot_5,derivative_ticker,liquidations",GALA,USDT,USDT,galausdt,galausdt,False,,,,,1e-05,GALA-USDT,1.0,GALA/USDT,binance,,,,
BINANCE-FUTURES:PERPETUAL:CELO-USDT@LIN,BINANCE-FUTURES,PERPETUAL,CELO-USDT@LIN,exchange,binance-futures,tardis,crypto,2021-09-27T00:00:00.000Z,,"trades,book_snapshot_5,derivative_ticker,liquidations",CELO,USDT,USDT,celousdt,celousdt,False,,,,,0.0001,CELO-USDT,0.1,CELO/USDT,binance,,,,
BINANCE-FUTURES:PERPETUAL:AR-USDT@LIN,BINANCE-FUTURES,PERPETUAL,AR-USDT@LIN,exchange,binance-futures,tardis,crypto,2021-09-28T00:00:00.000Z,,"trades,book_snapshot_5,derivative_ticker,liquidations",AR,USDT,USDT,arusdt,arusdt,False,,,,,0.01,AR-USDT,0.01,AR/USDT,binance,,,,
BINANCE-FUTURES:PERPETUAL:ARPA-USDT@LIN,BINANCE-FUTURES,PERPETUAL,ARPA-USDT@LIN,exchange,binance-futures,tardis,crypto,2021-10-19T00:00:00.000Z,,"trades,book_snapshot_5,derivative_ticker,liquidations",ARPA,USDT,USDT,arpausdt,arpausdt,False,,,,,1e-05,ARPA-USDT,0.1,ARPA/USDT,binance,,,,
BINANCE-FUTURES:PERPETUAL:CTSI-USDT@LIN,BINANCE-FUTURES,PERPETUAL,CTSI-USDT@LIN,exchange,binance-futures,tardis,crypto,2021-10-26T00:00:00.000Z,,"trades,book_snapshot_5,derivative_ticker,liquidations",CTSI,USDT,USDT,ctsiusdt,ctsiusdt,False,,,,,0.0001,CTSI-USDT,1.0,CTSI/USDT,binance,,,,
BINANCE-FUTURES:PERPETUAL:LPT-USDT@LIN,BINANCE-FUTURES,PERPETUAL,LPT-USDT@LIN,exchange,binance-futures,tardis,crypto,2021-11-11T00:00:00.000Z,,"trades,book_snapshot_5,derivative_ticker,liquidations",LPT,USDT,USDT,lptusdt,lptusdt,False,,,,,0.001,LPT-USDT,0.01,LPT/USDT,binance,,,,
BINANCE-FUTURES:PERPETUAL:ENS-USDT@LIN,BINANCE-FUTURES,PERPETUAL,ENS-USDT@LIN,exchange,binance-futures,tardis,crypto,2021-11-30T00:00:00.000Z,,"trades,book_snapshot_5,derivative_ticker,liquidations",ENS,USDT,USDT,ensusdt,ensusdt,False,,,,,0.01,ENS-USDT,0.01,ENS/USDT,binance,,,,
BINANCE-FUTURES:PERPETUAL:PEOPLE-USDT@LIN,BINANCE-FUTURES,PERPETUAL,PEOPLE-USDT@LIN,exchange,binance-futures,tardis,crypto,2021-12-24T00:00:00.000Z,,"trades,book_snapshot_5,derivative_ticker,liquidations",PEOPLE,USDT,USDT,peopleusdt,peopleusdt,False,,,,,1e-05,PEOPLE-USDT,0.1,PEOPLE/USDT,binance,,,,
BINANCE-FUTURES:PERPETUAL:ROSE-USDT@LIN,BINANCE-FUTURES,PERPETUAL,ROSE-USDT@LIN,exchange,binance-futures,tardis,crypto,2021-12-31T00:00:00.000Z,,"trades,book_snapshot_5,derivative_ticker,liquidations",ROSE,USDT,USDT,roseusdt,roseusdt,False,,,,,1e-05,ROSE-USDT,0.1,ROSE/USDT,binance,,,,
BINANCE-FUTURES:PERPETUAL:DUSK-USDT@LIN,BINANCE-FUTURES,PERPETUAL,DUSK-USDT@LIN,exchange,binance-futures,tardis,crypto,2022-01-07T00:00:00.000Z,,"trades,book_snapshot_5,derivative_ticker,liquidations",DUSK,USDT,USDT,duskusdt,duskusdt,False,,,,,0.0001,DUSK-USDT,1.0,DUSK/USDT,binance,,,,
BINANCE-FUTURES:PERPETUAL:FLOW-USDT@LIN,BINANCE-FUTURES,PERPETUAL,FLOW-USDT@LIN,exchange,binance-futures,tardis,crypto,2022-02-10T00:00:00.000Z,,"trades,book_snapshot_5,derivative_ticker,liquidations",FLOW,USDT,USDT,flowusdt,flowusdt,False,,,,,0.001,FLOW-USDT,0.01,FLOW/USDT,binance,,,,
BINANCE-FUTURES:PERPETUAL:IMX-USDT@LIN,BINANCE-FUTURES,PERPETUAL,IMX-USDT@LIN,exchange,binance-futures,tardis,crypto,2022-02-11T00:00:00.000Z,,"trades,book_snapshot_5,derivative_ticker,liquidations",IMX,USDT,USDT,imxusdt,imxusdt,False,,,,,0.001,IMX-USDT,0.01,IMX/USDT,binance,,,,
BINANCE-FUTURES:PERPETUAL:API3-USDT@LIN,BINANCE-FUTURES,PERPETUAL,API3-USDT@LIN,exchange,binance-futures,tardis,crypto,2022-02-22T00:00:00.000Z,,"trades,book_snapshot_5,derivative_ticker,liquidations",API3,USDT,USDT,api3usdt,api3usdt,False,,,,,0.0001,API3-USDT,0.01,API3/USDT,binance,,,,
BINANCE-FUTURES:PERPETUAL:GMT-USDT@LIN,BINANCE-FUTURES,PERPETUAL,GMT-USDT@LIN,exchange,binance-futures,tardis,crypto,2022-03-15T00:00:00.000Z,,"trades,book_snapshot_5,derivative_ticker,liquidations",GMT,USDT,USDT,gmtusdt,gmtusdt,False,,,,,1e-05,GMT-USDT,0.1,GMT/USDT,binance,,,,
BINANCE-FUTURES:PERPETUAL:APE-USDT@LIN,BINANCE-FUTURES,PERPETUAL,APE-USDT@LIN,exchange,binance-futures,tardis,crypto,2022-03-17T00:00:00.000Z,,"trades,book_snapshot_5,derivative_ticker,liquidations",APE,USDT,USDT,apeusdt,apeusdt,False,,,,,0.0001,APE-USDT,0.01,APE/USDT,binance,,,,
BINANCE-FUTURES:PERPETUAL:WOO-USDT@LIN,BINANCE-FUTURES,PERPETUAL,WOO-USDT@LIN,exchange,binance-futures,tardis,crypto,2022-04-08T00:00:00.000Z,,"trades,book_snapshot_5,derivative_ticker,liquidations",WOO,USDT,USDT,woousdt,woousdt,False,,,,,0.0001,WOO-USDT,0.1,WOO/USDT,binance,,,,
BINANCE-FUTURES:PERPETUAL:JASMY-USDT@LIN,BINANCE-FUTURES,PERPETUAL,JASMY-USDT@LIN,exchange,binance-futures,tardis,crypto,2022-04-20T00:00:00.000Z,,"trades,book_snapshot_5,derivative_ticker,liquidations",JASMY,USDT,USDT,jasmyusdt,jasmyusdt,False,,,,,1e-05,JASMY-USDT,0.1,JASMY/USDT,binance,,,,
BINANCE-FUTURES:PERPETUAL:OP-USDT@LIN,BINANCE-FUTURES,PERPETUAL,OP-USDT@LIN,exchange,binance-futures,tardis,crypto,2022-06-01T00:00:00.000Z,,"trades,book_snapshot_5,derivative_ticker,liquidations",OP,USDT,USDT,opusdt,opusdt,False,,,,,0.0001,OP-USDT,0.01,OP/USDT,binance,,,,
BINANCE-FUTURES:PERPETUAL:INJ-USDT@LIN,BINANCE-FUTURES,PERPETUAL,INJ-USDT@LIN,exchange,binance-futures,tardis,crypto,2022-08-17T00:00:00.000Z,,"trades,book_snapshot_5,derivative_ticker,liquidations",INJ,USDT,USDT,injusdt,injusdt,False,,,,,0.01,INJ-USDT,0.01,INJ/USDT,binance,,,,
BINANCE-FUTURES:PERPETUAL:STG-USDT@LIN,BINANCE-FUTURES,PERPETUAL,STG-USDT@LIN,exchange,binance-futures,tardis,crypto,2022-08-25T00:00:00.000Z,,"trades,book_snapshot_5,derivative_ticker,liquidations",STG,USDT,USDT,stgusdt,stgusdt,False,,,,,0.0001,STG-USDT,0.1,STG/USDT,binance,,,,
BINANCE-FUTURES:PERPETUAL:SPELL-USDT@LIN,BINANCE-FUTURES,PERPETUAL,SPELL-USDT@LIN,exchange,binance-futures,tardis,crypto,2022-09-06T00:00:00.000Z,,"trades,book_snapshot_5,derivative_ticker,liquidations",SPELL,USDT,USDT,spellusdt,spellusdt,False,,,,,1e-07,SPELL-USDT,1.0,SPELL/USDT,binance,,,,
BINANCE-FUTURES:PERPETUAL:LUNA2-USDT@LIN,BINANCE-FUTURES,PERPETUAL,LUNA2-USDT@LIN,exchange,binance-futures,tardis,crypto,2022-09-10T00:00:00.000Z,,"trades,book_snapshot_5,derivative_ticker,liquidations",LUNA2,USDT,USDT,luna2usdt,luna2usdt,False,,,,,,LUNA2-USDT,,,,,,,
BINANCE-FUTURES:PERPETUAL:LDO-USDT@LIN,BINANCE-FUTURES,PERPETUAL,LDO-USDT@LIN,exchange,binance-futures,tardis,crypto,2022-09-22T00:00:00.000Z,,"trades,book_snapshot_5,derivative_ticker,liquidations",LDO,USDT,USDT,ldousdt,ldousdt,False,,,,,0.0001,LDO-USDT,0.01,LDO/USDT,binance,,,,
BINANCE-FUTURES:PERPETUAL:CVX-USDT@LIN,BINANCE-FUTURES,PERPETUAL,CVX-USDT@LIN,exchange,binance-futures,tardis,crypto,2022-09-22T00:00:00.000Z,,"trades,book_snapshot_5,derivative_ticker,liquidations",CVX,USDT,USDT,cvxusdt,cvxusdt,False,,,,,0.001,CVX-USDT,0.001,CVX/USDT,binance,,,,
BINANCE-FUTURES:PERPETUAL:APT-USDT@LIN,BINANCE-FUTURES,PERPETUAL,APT-USDT@LIN,exchange,binance-futures,tardis,crypto,2022-10-19T00:00:00.000Z,,"trades,book_snapshot_5,derivative_ticker,liquidations",APT,USDT,USDT,aptusdt,aptusdt,False,,,,,0.001,APT-USDT,0.01,APT/USDT,binance,,,,
BINANCE-FUTURES:PERPETUAL:QNT-USDT@LIN,BINANCE-FUTURES,PERPETUAL,QNT-USDT@LIN,exchange,binance-futures,tardis,crypto,2022-10-20T00:00:00.000Z,,"trades,book_snapshot_5,derivative_ticker,liquidations",QNT,USDT,USDT,qntusdt,qntusdt,False,,,,,0.01,QNT-USDT,0.001,QNT/USDT,binance,,,,
BINANCE-FUTURES:PERPETUAL:FET-USDT@LIN,BINANCE-FUTURES,PERPETUAL,FET-USDT@LIN,exchange,binance-futures,tardis,crypto,2023-01-17T00:00:00.000Z,,"trades,book_snapshot_5,derivative_ticker,liquidations",FET,USDT,USDT,fetusdt,fetusdt,False,,,,,0.0001,FET-USDT,0.1,FET/USDT,binance,,,,
BINANCE-FUTURES:PERPETUAL:FXS-USDT@LIN,BINANCE-FUTURES,PERPETUAL,FXS-USDT@LIN,exchange,binance-futures,tardis,crypto,2023-01-20T00:00:00.000Z,,"trades,book_snapshot_5,derivative_ticker,liquidations",FXS,USDT,USDT,fxsusdt,fxsusdt,False,,,,,0.001,FXS-USDT,0.1,FXS/USDT,binance,,,,
BINANCE-FUTURES:PERPETUAL:HOOK-USDT@LIN,BINANCE-FUTURES,PERPETUAL,HOOK-USDT@LIN,exchange,binance-futures,tardis,crypto,2023-01-23T00:00:00.000Z,,"trades,book_snapshot_5,derivative_ticker,liquidations",HOOK,USDT,USDT,hookusdt,hookusdt,False,,,,,0.0001,HOOK-USDT,0.1,HOOK/USDT,binance,,,,
BINANCE-FUTURES:PERPETUAL:MAGIC-USDT@LIN,BINANCE-FUTURES,PERPETUAL,MAGIC-USDT@LIN,exchange,binance-futures,tardis,crypto,2023-01-25T00:00:00.000Z,,"trades,book_snapshot_5,derivative_ticker,liquidations",MAGIC,USDT,USDT,magicusdt,magicusdt,False,,,,,0.0001,MAGIC-USDT,0.1,MAGIC/USDT,binance,,,,
BINANCE-FUTURES:PERPETUAL:T-USDT@LIN,BINANCE-FUTURES,PERPETUAL,T-USDT@LIN,exchange,binance-futures,tardis,crypto,2023-02-01T00:00:00.000Z,,"trades,book_snapshot_5,derivative_ticker,liquidations",T,USDT,USDT,tusdt,tusdt,False,,,,,1e-05,T-USDT,0.1,T/USDT,binance,,,,
BINANCE-FUTURES:PERPETUAL:MINA-USDT@LIN,BINANCE-FUTURES,PERPETUAL,MINA-USDT@LIN,exchange,binance-futures,tardis,crypto,2023-02-06T00:00:00.000Z,,"trades,book_snapshot_5,derivative_ticker,liquidations",MINA,USDT,USDT,minausdt,minausdt,False,,,,,0.0001,MINA-USDT,0.1,MINA/USDT,binance,,,,
BINANCE-FUTURES:PERPETUAL:HIGH-USDT@LIN,BINANCE-FUTURES,PERPETUAL,HIGH-USDT@LIN,exchange,binance-futures,tardis,crypto,2023-02-07T00:00:00.000Z,,"trades,book_snapshot_5,derivative_ticker,liquidations",HIGH,USDT,USDT,highusdt,highusdt,False,,,,,0.001,HIGH-USDT,0.001,HIGH/USDT,binance,,,,
BINANCE-FUTURES:PERPETUAL:ASTR-USDT@LIN,BINANCE-FUTURES,PERPETUAL,ASTR-USDT@LIN,exchange,binance-futures,tardis,crypto,2023-02-14T00:00:00.000Z,,"trades,book_snapshot_5,derivative_ticker,liquidations",ASTR,USDT,USDT,astrusdt,astrusdt,False,,,,,1e-05,ASTR-USDT,0.1,ASTR/USDT,binance,,,,
BINANCE-FUTURES:PERPETUAL:PHB-USDT@LIN,BINANCE-FUTURES,PERPETUAL,PHB-USDT@LIN,exchange,binance-futures,tardis,crypto,2023-02-16T00:00:00.000Z,,"trades,book_snapshot_5,derivative_ticker,liquidations",PHB,USDT,USDT,phbusdt,phbusdt,False,,,,,0.001,PHB-USDT,0.1,PHB/USDT,binance,,,,
BINANCE-FUTURES:PERPETUAL:GMX-USDT@LIN,BINANCE-FUTURES,PERPETUAL,GMX-USDT@LIN,exchange,binance-futures,tardis,crypto,2023-02-17T00:00:00.000Z,,"trades,book_snapshot_5,derivative_ticker,liquidations",GMX,USDT,USDT,gmxusdt,gmxusdt,False,,,,,0.01,GMX-USDT,0.001,GMX/USDT,binance,,,,
BINANCE-FUTURES:PERPETUAL:CFX-USDT@LIN,BINANCE-FUTURES,PERPETUAL,CFX-USDT@LIN,exchange,binance-futures,tardis,crypto,2023-02-20T00:00:00.000Z,,"trades,book_snapshot_5,derivative_ticker,liquidations",CFX,USDT,USDT,cfxusdt,cfxusdt,False,,,,,0.0001,CFX-USDT,1.0,CFX/USDT,binance,,,,
BINANCE-FUTURES:PERPETUAL:STX-USDT@LIN,BINANCE-FUTURES,PERPETUAL,STX-USDT@LIN,exchange,binance-futures,tardis,crypto,2023-02-21T00:00:00.000Z,,"trades,book_snapshot_5,derivative_ticker,liquidations",STX,USDT,USDT,stxusdt,stxusdt,False,,,,,0.0001,STX-USDT,0.1,STX/USDT,binance,,,,
BINANCE-FUTURES:PERPETUAL:ACH-USDT@LIN,BINANCE-FUTURES,PERPETUAL,ACH-USDT@LIN,exchange,binance-futures,tardis,crypto,2023-02-22T00:00:00.000Z,,"trades,book_snapshot_5,derivative_ticker,liquidations",ACH,USDT,USDT,achusdt,achusdt,False,,,,,1e-05,ACH-USDT,1.0,ACH/USDT,binance,,,,
BINANCE-FUTURES:PERPETUAL:SSV-USDT@LIN,BINANCE-FUTURES,PERPETUAL,SSV-USDT@LIN,exchange,binance-futures,tardis,crypto,2023-02-24T00:00:00.000Z,,"trades,book_snapshot_5,derivative_ticker,liquidations",SSV,USDT,USDT,ssvusdt,ssvusdt,False,,,,,0.001,SSV-USDT,0.001,SSV/USDT,binance,,,,
BINANCE-FUTURES:PERPETUAL:CKB-USDT@LIN,BINANCE-FUTURES,PERPETUAL,CKB-USDT@LIN,exchange,binance-futures,tardis,crypto,2023-02-28T00:00:00.000Z,,"trades,book_snapshot_5,derivative_ticker,liquidations",CKB,USDT,USDT,ckbusdt,ckbusdt,False,,,,,1e-06,CKB-USDT,1.0,CKB/USDT,binance,,,,
BINANCE-FUTURES:PERPETUAL:PERP-USDT@LIN,BINANCE-FUTURES,PERPETUAL,PERP-USDT@LIN,exchange,binance-futures,tardis,crypto,2023-03-06T00:00:00.000Z,,"trades,book_snapshot_5,derivative_ticker,liquidations",PERP,USDT,USDT,perpusdt,perpusdt,False,,,,,0.0001,PERP-USDT,0.01,PERP/USDT,binance,,,,
BINANCE-FUTURES:PERPETUAL:TRU-USDT@LIN,BINANCE-FUTURES,PERPETUAL,TRU-USDT@LIN,exchange,binance-futures,tardis,crypto,2023-03-07T00:00:00.000Z,,"trades,book_snapshot_5,derivative_ticker,liquidations",TRU,USDT,USDT,truusdt,truusdt,False,,,,,0.0001,TRU-USDT,1.0,TRU/USDT,binance,,,,
BINANCE-FUTURES:PERPETUAL:LQTY-USDT@LIN,BINANCE-FUTURES,PERPETUAL,LQTY-USDT@LIN,exchange,binance-futures,tardis,crypto,2023-03-10T00:00:00.000Z,,"trades,book_snapshot_5,derivative_ticker,liquidations",LQTY,USDT,USDT,lqtyusdt,lqtyusdt,False,,,,,0.001,LQTY-USDT,0.1,LQTY/USDT,binance,,,,
BINANCE-FUTURES:PERPETUAL:USDC-USDT@LIN,BINANCE-FUTURES,PERPETUAL,USDC-USDT@LIN,exchange,binance-futures,tardis,crypto,2023-03-12T00:00:00.000Z,,"trades,book_snapshot_5,derivative_ticker,liquidations",USDC,USDT,USDT,usdcusdt,usdcusdt,False,,,,,0.0001,USDC-USDT,1.0,USDC/USDT,binance,,,,
BINANCE-FUTURES:PERPETUAL:ID-USDT@LIN,BINANCE-FUTURES,PERPETUAL,ID-USDT@LIN,exchange,binance-futures,tardis,crypto,2023-03-23T00:00:00.000Z,,"trades,book_snapshot_5,derivative_ticker,liquidations",ID,USDT,USDT,idusdt,idusdt,False,,,,,0.0001,ID-USDT,1.0,ID/USDT,binance,,,,
BINANCE-FUTURES:PERPETUAL:ARB-USDT@LIN,BINANCE-FUTURES,PERPETUAL,ARB-USDT@LIN,exchange,binance-futures,tardis,crypto,2023-03-23T00:00:00.000Z,,"trades,book_snapshot_5,derivative_ticker,liquidations",ARB,USDT,USDT,arbusdt,arbusdt,False,,,,,0.0001,ARB-USDT,0.1,ARB/USDT,binance,,,,
BINANCE-FUTURES:PERPETUAL:JOE-USDT@LIN,BINANCE-FUTURES,PERPETUAL,JOE-USDT@LIN,exchange,binance-futures,tardis,crypto,2023-03-29T00:00:00.000Z,,"trades,book_snapshot_5,derivative_ticker,liquidations",JOE,USDT,USDT,joeusdt,joeusdt,False,,,,,0.0001,JOE-USDT,0.01,JOE/USDT,binance,,,,
BINANCE-FUTURES:PERPETUAL:RDNT-USDT@LIN,BINANCE-FUTURES,PERPETUAL,RDNT-USDT@LIN,exchange,binance-futures,tardis,crypto,2023-04-05T00:00:00.000Z,,"trades,book_snapshot_5,derivative_ticker,liquidations",RDNT,USDT,USDT,rdntusdt,rdntusdt,False,,,,,1e-05,RDNT-USDT,1.0,RDNT/USDT,binance,,,,
BINANCE-FUTURES:PERPETUAL:HFT-USDT@LIN,BINANCE-FUTURES,PERPETUAL,HFT-USDT@LIN,exchange,binance-futures,tardis,crypto,2023-04-06T00:00:00.000Z,,"trades,book_snapshot_5,derivative_ticker,liquidations",HFT,USDT,USDT,hftusdt,hftusdt,False,,,,,0.0001,HFT-USDT,0.1,HFT/USDT,binance,,,,
BINANCE-FUTURES:PERPETUAL:XVS-USDT@LIN,BINANCE-FUTURES,PERPETUAL,XVS-USDT@LIN,exchange,binance-futures,tardis,crypto,2023-04-13T00:00:00.000Z,,"trades,book_snapshot_5,derivative_ticker,liquidations",XVS,USDT,USDT,xvsusdt,xvsusdt,False,,,,,0.01,XVS-USDT,0.01,XVS/USDT,binance,,,,
BINANCE-FUTURES:PERPETUAL:BLUR-USDT@LIN,BINANCE-FUTURES,PERPETUAL,BLUR-USDT@LIN,exchange,binance-futures,tardis,crypto,2023-04-28T00:00:00.000Z,,"trades,book_snapshot_5,derivative_ticker,liquidations",BLUR,USDT,USDT,blurusdt,blurusdt,False,,,,,1e-05,BLUR-USDT,0.1,BLUR/USDT,binance,,,,
BINANCE-FUTURES:PERPETUAL:EDU-USDT@LIN,BINANCE-FUTURES,PERPETUAL,EDU-USDT@LIN,exchange,binance-futures,tardis,crypto,2023-04-30T00:00:00.000Z,,"trades,book_snapshot_5,derivative_ticker,liquidations",EDU,USDT,USDT,eduusdt,eduusdt,False,,,,,0.0001,EDU-USDT,1.0,EDU/USDT,binance,,,,
BINANCE-FUTURES:PERPETUAL:SUI-USDT@LIN,BINANCE-FUTURES,PERPETUAL,SUI-USDT@LIN,exchange,binance-futures,tardis,crypto,2023-05-03T00:00:00.000Z,,"trades,book_snapshot_5,derivative_ticker,liquidations",SUI,USDT,USDT,suiusdt,suiusdt,False,,,,,0.0001,SUI-USDT,0.1,SUI/USDT,binance,,,,
BINANCE-FUTURES:PERPETUAL:UMA-USDT@LIN,BINANCE-FUTURES,PERPETUAL,UMA-USDT@LIN,exchange,binance-futures,tardis,crypto,2023-05-10T00:00:00.000Z,,"trades,book_snapshot_5,derivative_ticker,liquidations",UMA,USDT,USDT,umausdt,umausdt,False,,,,,0.001,UMA-USDT,0.1,UMA/USDT,binance,,,,
BINANCE-FUTURES:PERPETUAL:BAKE-USDT@LIN,BINANCE-FUTURES,PERPETUAL,BAKE-USDT@LIN,exchange,binance-futures,tardis,crypto,2021-05-19T00:00:00.000Z,2025-10-04T00:00:00.000Z,"trades,book_snapshot_5,derivative_ticker,liquidations",BAKE,USDT,USDT,bakeusdt,bakeusdt,False,,,,,0.0001,BAKE-USDT,0.1,BAKE/USDT,binance,,,,
BINANCE-FUTURES:PERPETUAL:ALPHA-USDT@LIN,BINANCE-FUTURES,PERPETUAL,ALPHA-USDT@LIN,exchange,binance-futures,tardis,crypto,2020-11-23T00:00:00.000Z,2025-09-24T00:00:00.000Z,"trades,book_snapshot_5,derivative_ticker,liquidations",ALPHA,USDT,USDT,alphausdt,alphausdt,False,,,,,0.0001,ALPHA-USDT,1.0,ALPHA/USDT,binance,,,,
BINANCE-FUTURES:PERPETUAL:MKR-USDT@LIN,BINANCE-FUTURES,PERPETUAL,MKR-USDT@LIN,exchange,binance-futures,tardis,crypto,2020-08-13T00:00:00.000Z,2025-09-09T00:00:00.000Z,"trades,book_snapshot_5,derivative_ticker,liquidations",MKR,USDT,USDT,mkrusdt,mkrusdt,False,,,,,0.1,MKR-USDT,0.0001,MKR/USDT,binance,,,,
BINANCE-FUTURES:PERPETUAL:LEVER-USDT@LIN,BINANCE-FUTURES,PERPETUAL,LEVER-USDT@LIN,exchange,binance-futures,tardis,crypto,2023-03-30T00:00:00.000Z,2025-09-04T00:00:00.000Z,"trades,book_snapshot_5,derivative_ticker,liquidations",LEVER,USDT,USDT,leverusdt,leverusdt,False,,,,,1e-06,LEVER-USDT,1.0,LEVER/USDT,binance,,,,
BINANCE-FUTURES:PERPETUAL:EOS-USDT@LIN,BINANCE-FUTURES,PERPETUAL,EOS-USDT@LIN,exchange,binance-futures,tardis,crypto,2020-01-08T00:00:00.000Z,2025-05-23T00:00:00.000Z,"trades,book_snapshot_5,derivative_ticker,liquidations",EOS,USDT,USDT,eosusdt,eosusdt,False,,,,,0.0001,EOS-USDT,0.1,EOS/USDT,binance,,,,
BINANCE-FUTURES:PERPETUAL:BAL-USDT@LIN,BINANCE-FUTURES,PERPETUAL,BAL-USDT@LIN,exchange,binance-futures,tardis,crypto,2020-09-01T00:00:00.000Z,2025-04-15T00:00:00.000Z,"trades,book_snapshot_5,derivative_ticker,liquidations",BAL,USDT,USDT,balusdt,balusdt,False,,,,,0.001,BAL-USDT,0.01,BAL/USDT,binance,,,,
BINANCE-FUTURES:PERPETUAL:LINA-USDT@LIN,BINANCE-FUTURES,PERPETUAL,LINA-USDT@LIN,exchange,binance-futures,tardis,crypto,2021-03-19T00:00:00.000Z,2025-03-28T00:00:00.000Z,"trades,book_snapshot_5,derivative_ticker,liquidations",LINA,USDT,USDT,linausdt,linausdt,False,,,,,1e-06,LINA-USDT,1.0,LINA/USDT,binance,,,,
BINANCE-FUTURES:PERPETUAL:BNX-USDT@LIN,BINANCE-FUTURES,PERPETUAL,BNX-USDT@LIN,exchange,binance-futures,tardis,crypto,2022-04-01T00:00:00.000Z,2025-03-18T00:00:00.000Z,"trades,book_snapshot_5,derivative_ticker,liquidations",BNX,USDT,USDT,bnxusdt,bnxusdt,False,,,,,0.0001,BNX-USDT,0.1,BNX/USDT,binance,,,,
BINANCE-FUTURES:PERPETUAL:STMX-USDT@LIN,BINANCE-FUTURES,PERPETUAL,STMX-USDT@LIN,exchange,binance-futures,tardis,crypto,2021-03-22T00:00:00.000Z,2025-02-23T00:00:00.000Z,"trades,book_snapshot_5,derivative_ticker,liquidations",STMX,USDT,USDT,stmxusdt,stmxusdt,False,,,,,1e-06,STMX-USDT,1.0,STMX/USDT,binance,,,,
BINANCE-FUTURES:PERPETUAL:AMB-USDT@LIN,BINANCE-FUTURES,PERPETUAL,AMB-USDT@LIN,exchange,binance-futures,tardis,crypto,2023-03-30T00:00:00.000Z,2025-02-23T00:00:00.000Z,"trades,book_snapshot_5,derivative_ticker,liquidations",AMB,USDT,USDT,ambusdt,ambusdt,False,,,,,1e-05,AMB-USDT,1.0,AMB/USDT,binance,,,,
BINANCE-FUTURES:PERPETUAL:OMG-USDT@LIN,BINANCE-FUTURES,PERPETUAL,OMG-USDT@LIN,exchange,binance-futures,tardis,crypto,2020-07-02T00:00:00.000Z,2025-02-02T00:00:00.000Z,"trades,book_snapshot_5,derivative_ticker,liquidations",OMG,USDT,USDT,omgusdt,omgusdt,False,,,,,0.001,OMG-USDT,0.1,OMG/USDT,binance,,,,
BINANCE-FUTURES:PERPETUAL:LIT-USDT@LIN,BINANCE-FUTURES,PERPETUAL,LIT-USDT@LIN,exchange,binance-futures,tardis,crypto,2021-02-18T00:00:00.000Z,2025-02-02T00:00:00.000Z,"trades,book_snapshot_5,derivative_ticker,liquidations",LIT,USDT,USDT,litusdt,litusdt,False,,,,,0.001,LIT-USDT,0.1,LIT/USDT,binance,,,,
BINANCE-FUTURES:PERPETUAL:REEF-USDT@LIN,BINANCE-FUTURES,PERPETUAL,REEF-USDT@LIN,exchange,binance-futures,tardis,crypto,2021-02-22T00:00:00.000Z,2025-01-23T00:00:00.000Z,"trades,book_snapshot_5,derivative_ticker,liquidations",REEF,USDT,USDT,reefusdt,reefusdt,False,,,,,1e-06,REEF-USDT,1.0,REEF/USDT,binance,,,,
BINANCE-FUTURES:PERPETUAL:FTM-USDT@LIN,BINANCE-FUTURES,PERPETUAL,FTM-USDT@LIN,exchange,binance-futures,tardis,crypto,2020-09-24T00:00:00.000Z,2025-01-08T00:00:00.000Z,"trades,book_snapshot_5,derivative_ticker,liquidations",FTM,USDT,USDT,ftmusdt,ftmusdt,False,,,,,0.0001,FTM-USDT,1.0,FTM/USDT,binance,,,,
BINANCE-FUTURES:PERPETUAL:DAR-USDT@LIN,BINANCE-FUTURES,PERPETUAL,DAR-USDT@LIN,exchange,binance-futures,tardis,crypto,2022-04-29T00:00:00.000Z,2024-12-27T00:00:00.000Z,"trades,book_snapshot_5,derivative_ticker,liquidations",DAR,USDT,USDT,darusdt,darusdt,False,,,,,1e-05,DAR-USDT,1.0,DAR/USDT,binance,,,,
BINANCE-FUTURES:PERPETUAL:BLZ-USDT@LIN,BINANCE-FUTURES,PERPETUAL,BLZ-USDT@LIN,exchange,binance-futures,tardis,crypto,2020-09-18T00:00:00.000Z,2024-12-24T00:00:00.000Z,"trades,book_snapshot_5,derivative_ticker,liquidations",BLZ,USDT,USDT,blzusdt,blzusdt,False,,,,,0.0001,BLZ-USDT,1.0,BLZ/USDT,binance,,,,
BINANCE-FUTURES:PERPETUAL:XEM-USDT@LIN,BINANCE-FUTURES,PERPETUAL,XEM-USDT@LIN,exchange,binance-futures,tardis,crypto,2021-03-03T00:00:00.000Z,2024-12-10T00:00:00.000Z,"trades,book_snapshot_5,derivative_ticker,liquidations",XEM,USDT,USDT,xemusdt,xemusdt,False,,,,,1e-05,XEM-USDT,1.0,XEM/USDT,binance,,,,
BINANCE-FUTURES:PERPETUAL:REN-USDT@LIN,BINANCE-FUTURES,PERPETUAL,REN-USDT@LIN,exchange,binance-futures,tardis,crypto,2020-10-13T00:00:00.000Z,2024-12-04T00:00:00.000Z,"trades,book_snapshot_5,derivative_ticker,liquidations",REN,USDT,USDT,renusdt,renusdt,False,,,,,1e-05,REN-USDT,1.0,REN/USDT,binance,,,,
BINANCE-FUTURES:PERPETUAL:UNFI-USDT@LIN,BINANCE-FUTURES,PERPETUAL,UNFI-USDT@LIN,exchange,binance-futures,tardis,crypto,2021-02-19T00:00:00.000Z,2024-11-01T00:00:00.000Z,"trades,book_snapshot_5,derivative_ticker,liquidations",UNFI,USDT,USDT,unfiusdt,unfiusdt,False,,,,,0.001,UNFI-USDT,0.1,UNFI/USDT,binance,,,,
BINANCE-FUTURES:PERPETUAL:KLAY-USDT@LIN,BINANCE-FUTURES,PERPETUAL,KLAY-USDT@LIN,exchange,binance-futures,tardis,crypto,2021-10-12T00:00:00.000Z,2024-10-23T00:00:00.000Z,"trades,book_snapshot_5,derivative_ticker,liquidations",KLAY,USDT,USDT,klayusdt,klayusdt,False,,,,,0.0001,KLAY-USDT,0.1,KLAY/USDT,binance,,,,
BINANCE-FUTURES:PERPETUAL:MATIC-USDT@LIN,BINANCE-FUTURES,PERPETUAL,MATIC-USDT@LIN,exchange,binance-futures,tardis,crypto,2020-10-22T00:00:00.000Z,2024-09-06T00:00:00.000Z,"trades,book_snapshot_5,derivative_ticker,liquidations",MATIC,USDT,USDT,maticusdt,maticusdt,False,,,,,0.0001,MATIC-USDT,0.1,MATIC/USDT,binance,,,,
BINANCE-FUTURES:PERPETUAL:RNDR-USDT@LIN,BINANCE-FUTURES,PERPETUAL,RNDR-USDT@LIN,exchange,binance-futures,tardis,crypto,2023-02-03T00:00:00.000Z,2024-07-18T00:00:00.000Z,"trades,book_snapshot_5,derivative_ticker,liquidations",RNDR,USDT,USDT,rndrusdt,rndrusdt,False,,,,,0.001,RNDR-USDT,0.01,RNDR/USDT,binance,,,,
BINANCE-FUTURES:PERPETUAL:GAL-USDT@LIN,BINANCE-FUTURES,PERPETUAL,GAL-USDT@LIN,exchange,binance-futures,tardis,crypto,2022-05-05T00:00:00.000Z,2024-07-12T00:00:00.000Z,"trades,book_snapshot_5,derivative_ticker,liquidations",GAL,USDT,USDT,galusdt,galusdt,False,,,,,0.001,GAL-USDT,0.001,GAL/USDT,binance,,,,
BINANCE-FUTURES:PERPETUAL:OCEAN-USDT@LIN,BINANCE-FUTURES,PERPETUAL,OCEAN-USDT@LIN,exchange,binance-futures,tardis,crypto,2020-11-04T00:00:00.000Z,2024-06-27T00:00:00.000Z,"trades,book_snapshot_5,derivative_ticker,liquidations",OCEAN,USDT,USDT,oceanusdt,oceanusdt,False,,,,,0.0001,OCEAN-USDT,1.0,OCEAN/USDT,binance,,,,
BINANCE-FUTURES:PERPETUAL:AGIX-USDT@LIN,BINANCE-FUTURES,PERPETUAL,AGIX-USDT@LIN,exchange,binance-futures,tardis,crypto,2023-02-16T00:00:00.000Z,2024-06-27T00:00:00.000Z,"trades,book_snapshot_5,derivative_ticker,liquidations",AGIX,USDT,USDT,agixusdt,agixusdt,False,,,,,0.0001,AGIX-USDT,1.0,AGIX/USDT,binance,,,,
BINANCE-FUTURES:PERPETUAL:WAVES-USDT@LIN,BINANCE-FUTURES,PERPETUAL,WAVES-USDT@LIN,exchange,binance-futures,tardis,crypto,2020-08-12T00:00:00.000Z,2024-06-12T00:00:00.000Z,"trades,book_snapshot_5,derivative_ticker,liquidations",WAVES,USDT,USDT,wavesusdt,wavesusdt,False,,,,,0.001,WAVES-USDT,0.01,WAVES/USDT,binance,,,,
BINANCE-FUTURES:PERPETUAL:AUDIO-USDT@LIN,BINANCE-FUTURES,PERPETUAL,AUDIO-USDT@LIN,exchange,binance-futures,tardis,crypto,2021-08-19T00:00:00.000Z,2024-05-17T00:00:00.000Z,"trades,book_snapshot_5,derivative_ticker,liquidations",AUDIO,USDT,USDT,audiousdt,audiousdt,False,,,,,0.0001,AUDIO-USDT,0.1,AUDIO/USDT,binance,,,,
BINANCE-FUTURES:PERPETUAL:IDEX-USDT@LIN,BINANCE-FUTURES,PERPETUAL,IDEX-USDT@LIN,exchange,binance-futures,tardis,crypto,2023-05-03T00:00:00.000Z,2024-05-16T00:00:00.000Z,"trades,book_snapshot_5,derivative_ticker,liquidations",IDEX,USDT,USDT,idexusdt,idexusdt,False,,,,,1e-05,IDEX-USDT,0.1,IDEX/USDT,binance,,,,
BINANCE-FUTURES:PERPETUAL:RAD-USDT@LIN,BINANCE-FUTURES,PERPETUAL,RAD-USDT@LIN,exchange,binance-futures,tardis,crypto,2023-05-10T00:00:00.000Z,2024-05-15T00:00:00.000Z,"trades,book_snapshot_5,derivative_ticker,liquidations",RAD,USDT,USDT,radusdt,radusdt,False,,,,,0.001,RAD-USDT,0.1,RAD/USDT,binance,,,,
BINANCE-FUTURES:PERPETUAL:DGB-USDT@LIN,BINANCE-FUTURES,PERPETUAL,DGB-USDT@LIN,exchange,binance-futures,tardis,crypto,2021-04-21T00:00:00.000Z,2024-04-02T00:00:00.000Z,"trades,book_snapshot_5,derivative_ticker,liquidations",DGB,USDT,USDT,dgbusdt,dgbusdt,False,,,,,1e-05,DGB-USDT,0.1,DGB/USDT,binance,,,,
BINANCE-FUTURES:PERPETUAL:ANT-USDT@LIN,BINANCE-FUTURES,PERPETUAL,ANT-USDT@LIN,exchange,binance-futures,tardis,crypto,2021-12-27T00:00:00.000Z,2024-04-02T00:00:00.000Z,"trades,book_snapshot_5,derivative_ticker,liquidations",ANT,USDT,USDT,antusdt,antusdt,False,,,,,0.001,ANT-USDT,0.1,ANT/USDT,binance,,,,
BINANCE-FUTURES:PERPETUAL:FOOTBALL-USDT@LIN,BINANCE-FUTURES,PERPETUAL,FOOTBALL-USDT@LIN,exchange,binance-futures,tardis,crypto,2022-09-01T00:00:00.000Z,2024-03-27T00:00:00.000Z,"trades,book_snapshot_5,derivative_ticker,liquidations",FOOTBALL,USDT,USDT,footballusdt,footballusdt,False,,,,,,FOOTBALL-USDT,,,,,,,
BINANCE-FUTURES:PERPETUAL:BLUEBIRD-USDT@LIN,BINANCE-FUTURES,PERPETUAL,BLUEBIRD-USDT@LIN,exchange,binance-futures,tardis,crypto,2022-11-02T00:00:00.000Z,2024-03-27T00:00:00.000Z,"trades,book_snapshot_5,derivative_ticker,liquidations",BLUEBIRD,USDT,USDT,bluebirdusdt,bluebirdusdt,False,,,,,,BLUEBIRD-USDT,,,,,,,
BINANCE-FUTURES:PERPETUAL:TOMO-USDT@LIN,BINANCE-FUTURES,PERPETUAL,TOMO-USDT@LIN,exchange,binance-futures,tardis,crypto,2020-10-12T00:00:00.000Z,2023-11-15T00:00:00.000Z,"trades,book_snapshot_5,derivative_ticker,liquidations",TOMO,USDT,USDT,tomousdt,tomousdt,False,,,,,0.0001,TOMO-USDT,0.1,TOMO/USDT,binance,,,,
BINANCE-FUTURES:PERPETUAL:COCOS-USDT@LIN,BINANCE-FUTURES,PERPETUAL,COCOS-USDT@LIN,exchange,binance-futures,tardis,crypto,2023-02-21T00:00:00.000Z,2023-05-26T00:00:00.000Z,"trades,book_snapshot_5,derivative_ticker,liquidations",COCOS,USDT,USDT,cocosusdt,cocosusdt,False,,,,,0.0001,COCOS-USDT,1.0,COCOS/USDT,binance,,,,
BINANCE-FUTURES:FUTURE:BTC-USDT-230630,BINANCE-FUTURES,FUTURE,BTC-USDT-230630,exchange,binance-futures,tardis,crypto,2023-03-27T00:00:00.000Z,2023-07-01T00:00:00.000Z,"trades,book_snapshot_5,derivative_ticker,liquidations",BTC,USDT,USDT,btcusdt_230630,btcusdt_230630,False,,,2023-06-30T08:00:00Z,,0.01,BTC-USDT,1e-05,BTC/USDT,binance,,,,
BINANCE-FUTURES:FUTURE:ETH-USDT-230630,BINANCE-FUTURES,FUTURE,ETH-USDT-230630,exchange,binance-futures,tardis,crypto,2023-03-27T00:00:00.000Z,2023-07-01T00:00:00.000Z,"trades,book_snapshot_5,derivative_ticker,liquidations",ETH,USDT,USDT,ethusdt_230630,ethusdt_230630,False,,,2023-06-30T08:00:00Z,,0.01,ETH-USDT,0.0001,ETH/USDT,binance,,,,
DERIBIT:PERPETUAL:BTC-USD@INV,DERIBIT,PERPETUAL,BTC-USD@INV,exchange,deribit,tardis,crypto,2019-03-30T00:00:00.000Z,,options_chain,BTC,USD,BTC,BTC-PERPETUAL,btc-perpetual,True,,,,10.0,0.5,BTC-USD,10.0,BTC/USD:BTC,deribit,,,,
DERIBIT:PERPETUAL:BTC-USDC@LIN,DERIBIT,PERPETUAL,BTC-USDC@LIN,exchange,deribit,tardis,crypto,2022-03-09T00:00:00.000Z,,options_chain,BTC,USDC,USDC,BTC_USDC-PERPETUAL,btc_usdc-perpetual,False,,,,0.0001,0.5,BTC-USDC,0.0001,BTC/USDC:USDC,deribit,,,,
DERIBIT:PERPETUAL:ETH-USD@INV,DERIBIT,PERPETUAL,ETH-USD@INV,exchange,deribit,tardis,crypto,2019-03-30T00:00:00.000Z,,options_chain,ETH,USD,ETH,ETH-PERPETUAL,eth-perpetual,True,,,,1.0,0.05,ETH-USD,1.0,ETH/USD:ETH,deribit,,,,
DERIBIT:PERPETUAL:ETH-USDC@LIN,DERIBIT,PERPETUAL,ETH-USDC@LIN,exchange,deribit,tardis,crypto,2022-03-14T00:00:00.000Z,,options_chain,ETH,USDC,USDC,ETH_USDC-PERPETUAL,eth_usdc-perpetual,False,,,,0.001,0.05,ETH-USDC,0.001,ETH/USDC:USDC,deribit,,,,
DERIBIT:PERPETUAL:LTC-USDC@LIN,DERIBIT,PERPETUAL,LTC-USDC@LIN,exchange,deribit,tardis,crypto,2022-04-28T00:00:00.000Z,,options_chain,LTC,USDC,USDC,LTC_USDC-PERPETUAL,ltc_usdc-perpetual,False,,,,0.1,0.01,LTC-USDC,0.1,LTC/USDC:USDC,deribit,,,,
DERIBIT:PERPETUAL:SOL-USDC@LIN,DERIBIT,PERPETUAL,SOL-USDC@LIN,exchange,deribit,tardis,crypto,2022-03-15T00:00:00.000Z,,options_chain,SOL,USDC,USDC,SOL_USDC-PERPETUAL,sol_usdc-perpetual,False,,,,0.1,0.01,SOL-USDC,0.1,SOL/USDC:USDC,deribit,,,,
DERIBIT:PERPETUAL:BCH-USDC@LIN,DERIBIT,PERPETUAL,BCH-USDC@LIN,exchange,deribit,tardis,crypto,2022-04-28T00:00:00.000Z,,options_chain,BCH,USDC,USDC,BCH_USDC-PERPETUAL,bch_usdc-perpetual,False,,,,0.02,0.01,BCH-USDC,0.02,BCH/USDC:USDC,deribit,,,,
DERIBIT:PERPETUAL:XRP-USDC@LIN,DERIBIT,PERPETUAL,XRP-USDC@LIN,exchange,deribit,tardis,crypto,2022-03-16T00:00:00.000Z,,options_chain,XRP,USDC,USDC,XRP_USDC-PERPETUAL,xrp_usdc-perpetual,False,,,,10.0,0.0001,XRP-USDC,10.0,XRP/USDC:USDC,deribit,,,,
DERIBIT:PERPETUAL:AVAX-USDC@LIN,DERIBIT,PERPETUAL,AVAX-USDC@LIN,exchange,deribit,tardis,crypto,2022-03-17T00:00:00.000Z,,options_chain,AVAX,USDC,USDC,AVAX_USDC-PERPETUAL,avax_usdc-perpetual,False,,,,0.1,0.01,AVAX-USDC,0.1,AVAX/USDC:USDC,deribit,,,,
DERIBIT:PERPETUAL:TRX-USDC@LIN,DERIBIT,PERPETUAL,TRX-USDC@LIN,exchange,deribit,tardis,crypto,2022-04-28T00:00:00.000Z,,options_chain,TRX,USDC,USDC,TRX_USDC-PERPETUAL,trx_usdc-perpetual,False,,,,100.0,1e-05,TRX-USDC,100.0,TRX/USDC:USDC,deribit,,,,
DERIBIT:PERPETUAL:DOT-USDC@LIN,DERIBIT,PERPETUAL,DOT-USDC@LIN,exchange,deribit,tardis,crypto,2022-03-22T00:00:00.000Z,,options_chain,DOT,USDC,USDC,DOT_USDC-PERPETUAL,dot_usdc-perpetual,False,,,,1.0,0.001,DOT-USDC,1.0,DOT/USDC:USDC,deribit,,,,
DERIBIT:PERPETUAL:LINK-USDC@LIN,DERIBIT,PERPETUAL,LINK-USDC@LIN,exchange,deribit,tardis,crypto,2022-04-28T00:00:00.000Z,,options_chain,LINK,USDC,USDC,LINK_USDC-PERPETUAL,link_usdc-perpetual,False,,,,1.0,0.001,LINK-USDC,1.0,LINK/USDC:USDC,deribit,,,,
DERIBIT:PERPETUAL:ADA-USDC@LIN,DERIBIT,PERPETUAL,ADA-USDC@LIN,exchange,deribit,tardis,crypto,2022-03-21T00:00:00.000Z,,options_chain,ADA,USDC,USDC,ADA_USDC-PERPETUAL,ada_usdc-perpetual,False,,,,10.0,0.0001,ADA-USDC,10.0,ADA/USDC:USDC,deribit,,,,
DERIBIT:PERPETUAL:DOGE-USDC@LIN,DERIBIT,PERPETUAL,DOGE-USDC@LIN,exchange,deribit,tardis,crypto,2022-04-28T00:00:00.000Z,,options_chain,DOGE,USDC,USDC,DOGE_USDC-PERPETUAL,doge_usdc-perpetual,False,,,,100.0,1e-05,DOGE-USDC,100.0,DOGE/USDC:USDC,deribit,,,,
DERIBIT:PERPETUAL:UNI-USDC@LIN,DERIBIT,PERPETUAL,UNI-USDC@LIN,exchange,deribit,tardis,crypto,2022-04-28T00:00:00.000Z,,options_chain,UNI,USDC,USDC,UNI_USDC-PERPETUAL,uni_usdc-perpetual,False,,,,1.0,0.001,UNI-USDC,1.0,UNI/USDC:USDC,deribit,,,,
DERIBIT:PERPETUAL:ALGO-USDC@LIN,DERIBIT,PERPETUAL,ALGO-USDC@LIN,exchange,deribit,tardis,crypto,2022-04-28T00:00:00.000Z,,options_chain,ALGO,USDC,USDC,ALGO_USDC-PERPETUAL,algo_usdc-perpetual,False,,,,10.0,0.0001,ALGO-USDC,10.0,ALGO/USDC:USDC,deribit,,,,
DERIBIT:PERPETUAL:NEAR-USDC@LIN,DERIBIT,PERPETUAL,NEAR-USDC@LIN,exchange,deribit,tardis,crypto,2022-04-28T00:00:00.000Z,,options_chain,NEAR,USDC,USDC,NEAR_USDC-PERPETUAL,near_usdc-perpetual,False,,,,1.0,0.001,NEAR-USDC,1.0,NEAR/USDC:USDC,deribit,,,,
DERIBIT:PERPETUAL:MATIC-USDC@LIN,DERIBIT,PERPETUAL,MATIC-USDC@LIN,exchange,deribit,tardis,crypto,2022-04-28T00:00:00.000Z,2024-08-31T00:00:00.000Z,options_chain,MATIC,USDC,USDC,MATIC_USDC-PERPETUAL,matic_usdc-perpetual,False,,,,,,MATIC-USDC,,,,,,,
DERIBIT:FUTURE:BTC-USD-240329,DERIBIT,FUTURE,BTC-USD-240329,exchange,deribit,tardis,crypto,2023-03-31T00:00:00.000Z,2024-03-30T00:00:00.000Z,options_chain,BTC,USD,BTC,BTC-29MAR24,btc-29mar24,True,,,2024-03-29T08:00:00Z,,,BTC-USD,,,,,,,
DERIBIT:FUTURE:BTC-USD-231229,DERIBIT,FUTURE,BTC-USD-231229,exchange,deribit,tardis,crypto,2022-12-30T00:00:00.000Z,2023-12-30T00:00:00.000Z,options_chain,BTC,USD,BTC,BTC-29DEC23,btc-29dec23,True,,,2023-12-29T08:00:00Z,,,BTC-USD,,,,,,,
DERIBIT:FUTURE:BTC-USD-230929,DERIBIT,FUTURE,BTC-USD-230929,exchange,deribit,tardis,crypto,2022-09-30T00:00:00.000Z,2023-09-30T00:00:00.000Z,options_chain,BTC,USD,BTC,BTC-29SEP23,btc-29sep23,True,,,2023-09-29T08:00:00Z,,,BTC-USD,,,,,,,
DERIBIT:FUTURE:BTC-USD-230630,DERIBIT,FUTURE,BTC-USD-230630,exchange,deribit,tardis,crypto,2022-06-24T00:00:00.000Z,2023-07-01T00:00:00.000Z,options_chain,BTC,USD,BTC,BTC-30JUN23,btc-30jun23,True,,,2023-06-30T08:00:00Z,,,BTC-USD,,,,,,,
DERIBIT:FUTURE:BTC-USD-230602,DERIBIT,FUTURE,BTC-USD-230602,exchange,deribit,tardis,crypto,2023-05-19T00:00:00.000Z,2023-06-03T00:00:00.000Z,options_chain,BTC,USD,BTC,BTC-2JUN23,btc-2jun23,True,,,2023-06-02T08:00:00Z,,,BTC-USD,,,,,,,
DERIBIT:FUTURE:BTCDVOL-USDC-230531,DERIBIT,FUTURE,BTCDVOL-USDC-230531,exchange,deribit,tardis,crypto,2023-04-19T00:00:00.000Z,2023-06-01T00:00:00.000Z,options_chain,BTCDVOL,USDC,USDC,BTCDVOL_USDC-31MAY23,btcdvol_usdc-31may23,False,,,2023-05-31T08:00:00Z,,,BTCDVOL-USDC,,,,,,,
DERIBIT:FUTURE:BTC-USD-230526,DERIBIT,FUTURE,BTC-USD-230526,exchange,deribit,tardis,crypto,2023-03-31T00:00:00.000Z,2023-05-27T00:00:00.000Z,options_chain,BTC,USD,BTC,BTC-26MAY23,btc-26may23,True,,,2023-05-26T08:00:00Z,,,BTC-USD,,,,,,,
DERIBIT:FUTURE:ETH-USD-240329,DERIBIT,FUTURE,ETH-USD-240329,exchange,deribit,tardis,crypto,2023-03-31T00:00:00.000Z,2024-03-30T00:00:00.000Z,options_chain,ETH,USD,ETH,ETH-29MAR24,eth-29mar24,True,,,2024-03-29T08:00:00Z,,,ETH-USD,,,,,,,
DERIBIT:FUTURE:ETH-USD-231229,DERIBIT,FUTURE,ETH-USD-231229,exchange,deribit,tardis,crypto,2022-12-30T00:00:00.000Z,2023-12-30T00:00:00.000Z,options_chain,ETH,USD,ETH,ETH-29DEC23,eth-29dec23,True,,,2023-12-29T08:00:00Z,,,ETH-USD,,,,,,,
DERIBIT:FUTURE:ETH-USD-230929,DERIBIT,FUTURE,ETH-USD-230929,exchange,deribit,tardis,crypto,2022-09-30T00:00:00.000Z,2023-09-30T00:00:00.000Z,options_chain,ETH,USD,ETH,ETH-29SEP23,eth-29sep23,True,,,2023-09-29T08:00:00Z,,,ETH-USD,,,,,,,
DERIBIT:FUTURE:ETH-USD-230630,DERIBIT,FUTURE,ETH-USD-230630,exchange,deribit,tardis,crypto,2022-06-24T00:00:00.000Z,2023-07-01T00:00:00.000Z,options_chain,ETH,USD,ETH,ETH-30JUN23,eth-30jun23,True,,,2023-06-30T08:00:00Z,,,ETH-USD,,,,,,,
DERIBIT:FUTURE:ETH-USD-230602,DERIBIT,FUTURE,ETH-USD-230602,exchange,deribit,tardis,crypto,2023-05-19T00:00:00.000Z,2023-06-03T00:00:00.000Z,options_chain,ETH,USD,ETH,ETH-2JUN23,eth-2jun23,True,,,2023-06-02T08:00:00Z,,,ETH-USD,,,,,,,
DERIBIT:FUTURE:ETH-USD-230526,DERIBIT,FUTURE,ETH-USD-230526,exchange,deribit,tardis,crypto,2023-03-31T00:00:00.000Z,2023-05-27T00:00:00.000Z,options_chain,ETH,USD,ETH,ETH-26MAY23,eth-26may23,True,,,2023-05-26T08:00:00Z,,,ETH-USD,,,,,,,
DERIBIT:OPTION:BTC-USD-240329-24000-PUT,DERIBIT,OPTION,BTC-USD-240329-24000-PUT,exchange,deribit,tardis,crypto,2023-03-30T00:00:00.000Z,2024-03-30T00:00:00.000Z,options_chain,BTC,USD,BTC,BTC-29MAR24-24000-P,btc-29mar24-24000-p,True,24000,PUT,2024-03-29T08:00:00Z,,,BTC-USD,,,,,,,
DERIBIT:OPTION:BTC-USD-240329-20000-PUT,DERIBIT,OPTION,BTC-USD-240329-20000-PUT,exchange,deribit,tardis,crypto,2023-03-30T00:00:00.000Z,2024-03-30T00:00:00.000Z,options_chain,BTC,USD,BTC,BTC-29MAR24-20000-P,btc-29mar24-20000-p,True,20000,PUT,2024-03-29T08:00:00Z,,,BTC-USD,,,,,,,
DERIBIT:OPTION:BTC-USD-240329-25000-PUT,DERIBIT,OPTION,BTC-USD-240329-25000-PUT,exchange,deribit,tardis,crypto,2023-03-30T00:00:00.000Z,2024-03-30T00:00:00.000Z,options_chain,BTC,USD,BTC,BTC-29MAR24-25000-P,btc-29mar24-25000-p,True,25000,PUT,2024-03-29T08:00:00Z,,,BTC-USD,,,,,,,
DERIBIT:OPTION:BTC-USD-240329-30000-CALL,DERIBIT,OPTION,BTC-USD-240329-30000-CALL,exchange,deribit,tardis,crypto,2023-03-30T00:00:00.000Z,2024-03-30T00:00:00.000Z,options_chain,BTC,USD,BTC,BTC-29MAR24-30000-C,btc-29mar24-30000-c,True,30000,CALL,2024-03-29T08:00:00Z,,,BTC-USD,,,,,,,
DERIBIT:OPTION:BTC-USD-240329-45000-CALL,DERIBIT,OPTION,BTC-USD-240329-45000-CALL,exchange,deribit,tardis,crypto,2023-03-30T00:00:00.000Z,2024-03-30T00:00:00.000Z,options_chain,BTC,USD,BTC,BTC-29MAR24-45000-C,btc-29mar24-45000-c,True,45000,CALL,2024-03-29T08:00:00Z,,,BTC-USD,,,,,,,
DERIBIT:OPTION:BTC-USD-240329-120000-CALL,DERIBIT,OPTION,BTC-USD-240329-120000-CALL,exchange,deribit,tardis,crypto,2023-03-30T00:00:00.000Z,2024-03-30T00:00:00.000Z,options_chain,BTC,USD,BTC,BTC-29MAR24-120000-C,btc-29mar24-120000-c,True,120000,CALL,2024-03-29T08:00:00Z,,,BTC-USD,,,,,,,
DERIBIT:OPTION:BTC-USD-240329-21000-PUT,DERIBIT,OPTION,BTC-USD-240329-21000-PUT,exchange,deribit,tardis,crypto,2023-03-30T00:00:00.000Z,2024-03-30T00:00:00.000Z,options_chain,BTC,USD,BTC,BTC-29MAR24-21000-P,btc-29mar24-21000-p,True,21000,PUT,2024-03-29T08:00:00Z,,,BTC-USD,,,,,,,
DERIBIT:OPTION:BTC-USD-240329-100000-CALL,DERIBIT,OPTION,BTC-USD-240329-100000-CALL,exchange,deribit,tardis,crypto,2023-03-30T00:00:00.000Z,2024-03-30T00:00:00.000Z,options_chain,BTC,USD,BTC,BTC-29MAR24-100000-C,btc-29mar24-100000-c,True,100000,CALL,2024-03-29T08:00:00Z,,,BTC-USD,,,,,,,
DERIBIT:OPTION:BTC-USD-240329-15000-PUT,DERIBIT,OPTION,BTC-USD-240329-15000-PUT,exchange,deribit,tardis,crypto,2023-03-30T00:00:00.000Z,2024-03-30T00:00:00.000Z,options_chain,BTC,USD,BTC,BTC-29MAR24-15000-P,btc-29mar24-15000-p,True,15000,PUT,2024-03-29T08:00:00Z,,,BTC-USD,,,,,,,
DERIBIT:OPTION:BTC-USD-240329-80000-CALL,DERIBIT,OPTION,BTC-USD-240329-80000-CALL,exchange,deribit,tardis,crypto,2023-03-30T00:00:00.000Z,2024-03-30T00:00:00.000Z,options_chain,BTC,USD,BTC,BTC-29MAR24-80000-C,btc-29mar24-80000-c,True,80000,CALL,2024-03-29T08:00:00Z,,,BTC-USD,,,,,,,
DERIBIT:OPTION:BTC-USD-240329-50000-CALL,DERIBIT,OPTION,BTC-USD-240329-50000-CALL,exchange,deribit,tardis,crypto,2023-03-30T00:00:00.000Z,2024-03-30T00:00:00.000Z,options_chain,BTC,USD,BTC,BTC-29MAR24-50000-C,btc-29mar24-50000-c,True,50000,CALL,2024-03-29T08:00:00Z,,,BTC-USD,,,,,,,
DERIBIT:OPTION:BTC-USD-240329-65000-CALL,DERIBIT,OPTION,BTC-USD-240329-65000-CALL,exchange,deribit,tardis,crypto,2023-03-30T00:00:00.000Z,2024-03-30T00:00:00.000Z,options_chain,BTC,USD,BTC,BTC-29MAR24-65000-C,btc-29mar24-65000-c,True,65000,CALL,2024-03-29T08:00:00Z,,,BTC-USD,,,,,,,
DERIBIT:OPTION:BTC-USD-240329-23000-PUT,DERIBIT,OPTION,BTC-USD-240329-23000-PUT,exchange,deribit,tardis,crypto,2023-03-30T00:00:00.000Z,2024-03-30T00:00:00.000Z,options_chain,BTC,USD,BTC,BTC-29MAR24-23000-P,btc-29mar24-23000-p,True,23000,PUT,2024-03-29T08:00:00Z,,,BTC-USD,,,,,,,
DERIBIT:OPTION:BTC-USD-240329-60000-CALL,DERIBIT,OPTION,BTC-USD-240329-60000-CALL,exchange,deribit,tardis,crypto,2023-03-30T00:00:00.000Z,2024-03-30T00:00:00.000Z,options_chain,BTC,USD,BTC,BTC-29MAR24-60000-C,btc-29mar24-60000-c,True,60000,CALL,2024-03-29T08:00:00Z,,,BTC-USD,,,,,,,
DERIBIT:OPTION:BTC-USD-240329-29000-CALL,DERIBIT,OPTION,BTC-USD-240329-29000-CALL,exchange,deribit,tardis,crypto,2023-03-30T00:00:00.000Z,2024-03-30T00:00:00.000Z,options_chain,BTC,USD,BTC,BTC-29MAR24-29000-C,btc-29mar24-29000-c,True,29000,CALL,2024-03-29T08:00:00Z,,,BTC-USD,,,,,,,
DERIBIT:OPTION:BTC-USD-240329-10000-PUT,DERIBIT,OPTION,BTC-USD-240329-10000-PUT,exchange,deribit,tardis,crypto,2023-03-30T00:00:00.000Z,2024-03-30T00:00:00.000Z,options_chain,BTC,USD,BTC,BTC-29MAR24-10000-P,btc-29mar24-10000-p,True,10000,PUT,2024-03-29T08:00:00Z,,,BTC-USD,,,,,,,
DERIBIT:OPTION:BTC-USD-240329-40000-CALL,DERIBIT,OPTION,BTC-USD-240329-40000-CALL,exchange,deribit,tardis,crypto,2023-03-30T00:00:00.000Z,2024-03-30T00:00:00.000Z,options_chain,BTC,USD,BTC,BTC-29MAR24-40000-C,btc-29mar24-40000-c,True,40000,CALL,2024-03-29T08:00:00Z,,,BTC-USD,,,,,,,
DERIBIT:OPTION:BTC-USD-240329-85000-CALL,DERIBIT,OPTION,BTC-USD-240329-85000-CALL,exchange,deribit,tardis,crypto,2023-03-30T00:00:00.000Z,2024-03-30T00:00:00.000Z,options_chain,BTC,USD,BTC,BTC-29MAR24-85000-C,btc-29mar24-85000-c,True,85000,CALL,2024-03-29T08:00:00Z,,,BTC-USD,,,,,,,
DERIBIT:OPTION:BTC-USD-240329-75000-CALL,DERIBIT,OPTION,BTC-USD-240329-75000-CALL,exchange,deribit,tardis,crypto,2023-03-30T00:00:00.000Z,2024-03-30T00:00:00.000Z,options_chain,BTC,USD,BTC,BTC-29MAR24-75000-C,btc-29mar24-75000-c,True,75000,CALL,2024-03-29T08:00:00Z,,,BTC-USD,,,,,,,
DERIBIT:OPTION:BTC-USD-240329-70000-CALL,DERIBIT,OPTION,BTC-USD-240329-70000-CALL,exchange,deribit,tardis,crypto,2023-03-30T00:00:00.000Z,2024-03-30T00:00:00.000Z,options_chain,BTC,USD,BTC,BTC-29MAR24-70000-C,btc-29mar24-70000-c,True,70000,CALL,2024-03-29T08:00:00Z,,,BTC-USD,,,,,,,
DERIBIT:OPTION:BTC-USD-240329-55000-CALL,DERIBIT,OPTION,BTC-USD-240329-55000-CALL,exchange,deribit,tardis,crypto,2023-03-30T00:00:00.000Z,2024-03-30T00:00:00.000Z,options_chain,BTC,USD,BTC,BTC-29MAR24-55000-C,btc-29mar24-55000-c,True,55000,CALL,2024-03-29T08:00:00Z,,,BTC-USD,,,,,,,
DERIBIT:OPTION:BTC-USD-240329-22000-PUT,DERIBIT,OPTION,BTC-USD-240329-22000-PUT,exchange,deribit,tardis,crypto,2023-03-30T00:00:00.000Z,2024-03-30T00:00:00.000Z,options_chain,BTC,USD,BTC,BTC-29MAR24-22000-P,btc-29mar24-22000-p,True,22000,PUT,2024-03-29T08:00:00Z,,,BTC-USD,,,,,,,
DERIBIT:OPTION:BTC-USD-240329-19000-PUT,DERIBIT,OPTION,BTC-USD-240329-19000-PUT,exchange,deribit,tardis,crypto,2023-03-30T00:00:00.000Z,2024-03-30T00:00:00.000Z,options_chain,BTC,USD,BTC,BTC-29MAR24-19000-P,btc-29mar24-19000-p,True,19000,PUT,2024-03-29T08:00:00Z,,,BTC-USD,,,,,,,
DERIBIT:OPTION:BTC-USD-240329-35000-CALL,DERIBIT,OPTION,BTC-USD-240329-35000-CALL,exchange,deribit,tardis,crypto,2023-03-30T00:00:00.000Z,2024-03-30T00:00:00.000Z,options_chain,BTC,USD,BTC,BTC-29MAR24-35000-C,btc-29mar24-35000-c,True,35000,CALL,2024-03-29T08:00:00Z,,,BTC-USD,,,,,,,
DERIBIT:OPTION:BTC-USD-240329-29000-PUT,DERIBIT,OPTION,BTC-USD-240329-29000-PUT,exchange,deribit,tardis,crypto,2023-03-30T00:00:00.000Z,2024-03-30T00:00:00.000Z,options_chain,BTC,USD,BTC,BTC-29MAR24-29000-P,btc-29mar24-29000-p,True,29000,PUT,2024-03-29T08:00:00Z,,,BTC-USD,,,,,,,
DERIBIT:OPTION:BTC-USD-240329-28000-PUT,DERIBIT,OPTION,BTC-USD-240329-28000-PUT,exchange,deribit,tardis,crypto,2023-03-30T00:00:00.000Z,2024-03-30T00:00:00.000Z,options_chain,BTC,USD,BTC,BTC-29MAR24-28000-P,btc-29mar24-28000-p,True,28000,PUT,2024-03-29T08:00:00Z,,,BTC-USD,,,,,,,
DERIBIT:OPTION:BTC-USD-240329-26000-PUT,DERIBIT,OPTION,BTC-USD-240329-26000-PUT,exchange,deribit,tardis,crypto,2023-03-30T00:00:00.000Z,2024-03-30T00:00:00.000Z,options_chain,BTC,USD,BTC,BTC-29MAR24-26000-P,btc-29mar24-26000-p,True,26000,PUT,2024-03-29T08:00:00Z,,,BTC-USD,,,,,,,
DERIBIT:OPTION:BTC-USD-240329-27000-PUT,DERIBIT,OPTION,BTC-USD-240329-27000-PUT,exchange,deribit,tardis,crypto,2023-03-30T00:00:00.000Z,2024-03-30T00:00:00.000Z,options_chain,BTC,USD,BTC,BTC-29MAR24-27000-P,btc-29mar24-27000-p,True,27000,PUT,2024-03-29T08:00:00Z,,,BTC-USD,,,,,,,
DERIBIT:OPTION:BTC-USD-240329-31000-CALL,DERIBIT,OPTION,BTC-USD-240329-31000-CALL,exchange,deribit,tardis,crypto,2023-03-30T00:00:00.000Z,2024-03-30T00:00:00.000Z,options_chain,BTC,USD,BTC,BTC-29MAR24-31000-C,btc-29mar24-31000-c,True,31000,CALL,2024-03-29T08:00:00Z,,,BTC-USD,,,,,,,
DERIBIT:OPTION:BTC-USD-240329-32000-CALL,DERIBIT,OPTION,BTC-USD-240329-32000-CALL,exchange,deribit,tardis,crypto,2023-03-30T00:00:00.000Z,2024-03-30T00:00:00.000Z,options_chain,BTC,USD,BTC,BTC-29MAR24-32000-C,btc-29mar24-32000-c,True,32000,CALL,2024-03-29T08:00:00Z,,,BTC-USD,,,,,,,
DERIBIT:OPTION:BTC-USD-240329-34000-CALL,DERIBIT,OPTION,BTC-USD-240329-34000-CALL,exchange,deribit,tardis,crypto,2023-03-30T00:00:00.000Z,2024-03-30T00:00:00.000Z,options_chain,BTC,USD,BTC,BTC-29MAR24-34000-C,btc-29mar24-34000-c,True,34000,CALL,2024-03-29T08:00:00Z,,,BTC-USD,,,,,,,
DERIBIT:OPTION:BTC-USD-240329-33000-CALL,DERIBIT,OPTION,BTC-USD-240329-33000-CALL,exchange,deribit,tardis,crypto,2023-03-30T00:00:00.000Z,2024-03-30T00:00:00.000Z,options_chain,BTC,USD,BTC,BTC-29MAR24-33000-C,btc-29mar24-33000-c,True,33000,CALL,2024-03-29T08:00:00Z,,,BTC-USD,,,,,,,
DERIBIT:OPTION:BTC-USD-240329-36000-CALL,DERIBIT,OPTION,BTC-USD-240329-36000-CALL,exchange,deribit,tardis,crypto,2023-03-30T00:00:00.000Z,2024-03-30T00:00:00.000Z,options_chain,BTC,USD,BTC,BTC-29MAR24-36000-C,btc-29mar24-36000-c,True,36000,CALL,2024-03-29T08:00:00Z,,,BTC-USD,,,,,,,
DERIBIT:OPTION:BTC-USD-240329-37000-CALL,DERIBIT,OPTION,BTC-USD-240329-37000-CALL,exchange,deribit,tardis,crypto,2023-03-30T00:00:00.000Z,2024-03-30T00:00:00.000Z,options_chain,BTC,USD,BTC,BTC-29MAR24-37000-C,btc-29mar24-37000-c,True,37000,CALL,2024-03-29T08:00:00Z,,,BTC-USD,,,,,,,
DERIBIT:OPTION:BTC-USD-240329-38000-CALL,DERIBIT,OPTION,BTC-USD-240329-38000-CALL,exchange,deribit,tardis,crypto,2023-03-30T00:00:00.000Z,2024-03-30T00:00:00.000Z,options_chain,BTC,USD,BTC,BTC-29MAR24-38000-C,btc-29mar24-38000-c,True,38000,CALL,2024-03-29T08:00:00Z,,,BTC-USD,,,,,,,
DERIBIT:OPTION:BTC-USD-240329-28000-CALL,DERIBIT,OPTION,BTC-USD-240329-28000-CALL,exchange,deribit,tardis,crypto,2023-03-30T00:00:00.000Z,2024-03-30T00:00:00.000Z,options_chain,BTC,USD,BTC,BTC-29MAR24-28000-C,btc-29mar24-28000-c,True,28000,CALL,2024-03-29T08:00:00Z,,,BTC-USD,,,,,,,
DERIBIT:OPTION:BTC-USD-240329-38000-PUT,DERIBIT,OPTION,BTC-USD-240329-38000-PUT,exchange,deribit,tardis,crypto,2023-03-30T00:00:00.000Z,2024-03-30T00:00:00.000Z,options_chain,BTC,USD,BTC,BTC-29MAR24-38000-P,btc-29mar24-38000-p,True,38000,PUT,2024-03-29T08:00:00Z,,,BTC-USD,,,,,,,
DERIBIT:OPTION:BTC-USD-240329-33000-PUT,DERIBIT,OPTION,BTC-USD-240329-33000-PUT,exchange,deribit,tardis,crypto,2023-03-30T00:00:00.000Z,2024-03-30T00:00:00.000Z,options_chain,BTC,USD,BTC,BTC-29MAR24-33000-P,btc-29mar24-33000-p,True,33000,PUT,2024-03-29T08:00:00Z,,,BTC-USD,,,,,,,
DERIBIT:OPTION:BTC-USD-240329-32000-PUT,DERIBIT,OPTION,BTC-USD-240329-32000-PUT,exchange,deribit,tardis,crypto,2023-03-30T00:00:00.000Z,2024-03-30T00:00:00.000Z,options_chain,BTC,USD,BTC,BTC-29MAR24-32000-P,btc-29mar24-32000-p,True,32000,PUT,2024-03-29T08:00:00Z,,,BTC-USD,,,,,,,
DERIBIT:OPTION:BTC-USD-240329-40000-PUT,DERIBIT,OPTION,BTC-USD-240329-40000-PUT,exchange,deribit,tardis,crypto,2023-03-30T00:00:00.000Z,2024-03-30T00:00:00.000Z,options_chain,BTC,USD,BTC,BTC-29MAR24-40000-P,btc-29mar24-40000-p,True,40000,PUT,2024-03-29T08:00:00Z,,,BTC-USD,,,,,,,
DERIBIT:OPTION:BTC-USD-240329-36000-PUT,DERIBIT,OPTION,BTC-USD-240329-36000-PUT,exchange,deribit,tardis,crypto,2023-03-30T00:00:00.000Z,2024-03-30T00:00:00.000Z,options_chain,BTC,USD,BTC,BTC-29MAR24-36000-P,btc-29mar24-36000-p,True,36000,PUT,2024-03-29T08:00:00Z,,,BTC-USD,,,,,,,
DERIBIT:OPTION:BTC-USD-240329-37000-PUT,DERIBIT,OPTION,BTC-USD-240329-37000-PUT,exchange,deribit,tardis,crypto,2023-03-30T00:00:00.000Z,2024-03-30T00:00:00.000Z,options_chain,BTC,USD,BTC,BTC-29MAR24-37000-P,btc-29mar24-37000-p,True,37000,PUT,2024-03-29T08:00:00Z,,,BTC-USD,,,,,,,
DERIBIT:OPTION:BTC-USD-240329-30000-PUT,DERIBIT,OPTION,BTC-USD-240329-30000-PUT,exchange,deribit,tardis,crypto,2023-03-30T00:00:00.000Z,2024-03-30T00:00:00.000Z,options_chain,BTC,USD,BTC,BTC-29MAR24-30000-P,btc-29mar24-30000-p,True,30000,PUT,2024-03-29T08:00:00Z,,,BTC-USD,,,,,,,
DERIBIT:OPTION:BTC-USD-240329-31000-PUT,DERIBIT,OPTION,BTC-USD-240329-31000-PUT,exchange,deribit,tardis,crypto,2023-03-30T00:00:00.000Z,2024-03-30T00:00:00.000Z,options_chain,BTC,USD,BTC,BTC-29MAR24-31000-P,btc-29mar24-31000-p,True,31000,PUT,2024-03-29T08:00:00Z,,,BTC-USD,,,,,,,
DERIBIT:OPTION:BTC-USD-240329-35000-PUT,DERIBIT,OPTION,BTC-USD-240329-35000-PUT,exchange,deribit,tardis,crypto,2023-03-30T00:00:00.000Z,2024-03-30T00:00:00.000Z,options_chain,BTC,USD,BTC,BTC-29MAR24-35000-P,btc-29mar24-35000-p,True,35000,PUT,2024-03-29T08:00:00Z,,,BTC-USD,,,,,,,
DERIBIT:OPTION:BTC-USD-240329-34000-PUT,DERIBIT,OPTION,BTC-USD-240329-34000-PUT,exchange,deribit,tardis,crypto,2023-03-30T00:00:00.000Z,2024-03-30T00:00:00.000Z,options_chain,BTC,USD,BTC,BTC-29MAR24-34000-P,btc-29mar24-34000-p,True,34000,PUT,2024-03-29T08:00:00Z,,,BTC-USD,,,,,,,
DERIBIT:OPTION:BTC-USD-240329-21000-CALL,DERIBIT,OPTION,BTC-USD-240329-21000-CALL,exchange,deribit,tardis,crypto,2023-03-30T00:00:00.000Z,2024-03-30T00:00:00.000Z,options_chain,BTC,USD,BTC,BTC-29MAR24-21000-C,btc-29mar24-21000-c,True,21000,CALL,2024-03-29T08:00:00Z,,,BTC-USD,,,,,,,
DERIBIT:OPTION:BTC-USD-240329-22000-CALL,DERIBIT,OPTION,BTC-USD-240329-22000-CALL,exchange,deribit,tardis,crypto,2023-03-30T00:00:00.000Z,2024-03-30T00:00:00.000Z,options_chain,BTC,USD,BTC,BTC-29MAR24-22000-C,btc-29mar24-22000-c,True,22000,CALL,2024-03-29T08:00:00Z,,,BTC-USD,,,,,,,
DERIBIT:OPTION:BTC-USD-240329-23000-CALL,DERIBIT,OPTION,BTC-USD-240329-23000-CALL,exchange,deribit,tardis,crypto,2023-03-30T00:00:00.000Z,2024-03-30T00:00:00.000Z,options_chain,BTC,USD,BTC,BTC-29MAR24-23000-C,btc-29mar24-23000-c,True,23000,CALL,2024-03-29T08:00:00Z,,,BTC-USD,,,,,,,
DERIBIT:OPTION:BTC-USD-240329-24000-CALL,DERIBIT,OPTION,BTC-USD-240329-24000-CALL,exchange,deribit,tardis,crypto,2023-03-30T00:00:00.000Z,2024-03-30T00:00:00.000Z,options_chain,BTC,USD,BTC,BTC-29MAR24-24000-C,btc-29mar24-24000-c,True,24000,CALL,2024-03-29T08:00:00Z,,,BTC-USD,,,,,,,
DERIBIT:OPTION:BTC-USD-240329-27000-CALL,DERIBIT,OPTION,BTC-USD-240329-27000-CALL,exchange,deribit,tardis,crypto,2023-03-30T00:00:00.000Z,2024-03-30T00:00:00.000Z,options_chain,BTC,USD,BTC,BTC-29MAR24-27000-C,btc-29mar24-27000-c,True,27000,CALL,2024-03-29T08:00:00Z,,,BTC-USD,,,,,,,
DERIBIT:OPTION:BTC-USD-240329-26000-CALL,DERIBIT,OPTION,BTC-USD-240329-26000-CALL,exchange,deribit,tardis,crypto,2023-03-30T00:00:00.000Z,2024-03-30T00:00:00.000Z,options_chain,BTC,USD,BTC,BTC-29MAR24-26000-C,btc-29mar24-26000-c,True,26000,CALL,2024-03-29T08:00:00Z,,,BTC-USD,,,,,,,
DERIBIT:OPTION:BTC-USD-240329-20000-CALL,DERIBIT,OPTION,BTC-USD-240329-20000-CALL,exchange,deribit,tardis,crypto,2023-03-31T00:00:00.000Z,2024-03-30T00:00:00.000Z,options_chain,BTC,USD,BTC,BTC-29MAR24-20000-C,btc-29mar24-20000-c,True,20000,CALL,2024-03-29T08:00:00Z,,,BTC-USD,,,,,,,
DERIBIT:OPTION:BTC-USD-240329-25000-CALL,DERIBIT,OPTION,BTC-USD-240329-25000-CALL,exchange,deribit,tardis,crypto,2023-03-31T00:00:00.000Z,2024-03-30T00:00:00.000Z,options_chain,BTC,USD,BTC,BTC-29MAR24-25000-C,btc-29mar24-25000-c,True,25000,CALL,2024-03-29T08:00:00Z,,,BTC-USD,,,,,,,
DERIBIT:OPTION:BTC-USD-240329-15000-CALL,DERIBIT,OPTION,BTC-USD-240329-15000-CALL,exchange,deribit,tardis,crypto,2023-03-31T00:00:00.000Z,2024-03-30T00:00:00.000Z,options_chain,BTC,USD,BTC,BTC-29MAR24-15000-C,btc-29mar24-15000-c,True,15000,CALL,2024-03-29T08:00:00Z,,,BTC-USD,,,,,,,
DERIBIT:OPTION:BTC-USD-240329-10000-CALL,DERIBIT,OPTION,BTC-USD-240329-10000-CALL,exchange,deribit,tardis,crypto,2023-03-31T00:00:00.000Z,2024-03-30T00:00:00.000Z,options_chain,BTC,USD,BTC,BTC-29MAR24-10000-C,btc-29mar24-10000-c,True,10000,CALL,2024-03-29T08:00:00Z,,,BTC-USD,,,,,,,
DERIBIT:OPTION:BTC-USD-240329-55000-PUT,DERIBIT,OPTION,BTC-USD-240329-55000-PUT,exchange,deribit,tardis,crypto,2023-04-04T00:00:00.000Z,2024-03-30T00:00:00.000Z,options_chain,BTC,USD,BTC,BTC-29MAR24-55000-P,btc-29mar24-55000-p,True,55000,PUT,2024-03-29T08:00:00Z,,,BTC-USD,,,,,,,
DERIBIT:OPTION:BTC-USD-240329-45000-PUT,DERIBIT,OPTION,BTC-USD-240329-45000-PUT,exchange,deribit,tardis,crypto,2023-04-04T00:00:00.000Z,2024-03-30T00:00:00.000Z,options_chain,BTC,USD,BTC,BTC-29MAR24-45000-P,btc-29mar24-45000-p,True,45000,PUT,2024-03-29T08:00:00Z,,,BTC-USD,,,,,,,
DERIBIT:OPTION:BTC-USD-240329-50000-PUT,DERIBIT,OPTION,BTC-USD-240329-50000-PUT,exchange,deribit,tardis,crypto,2023-04-04T00:00:00.000Z,2024-03-30T00:00:00.000Z,options_chain,BTC,USD,BTC,BTC-29MAR24-50000-P,btc-29mar24-50000-p,True,50000,PUT,2024-03-29T08:00:00Z,,,BTC-USD,,,,,,,
DERIBIT:OPTION:BTC-USD-240329-19000-CALL,DERIBIT,OPTION,BTC-USD-240329-19000-CALL,exchange,deribit,tardis,crypto,2023-04-04T00:00:00.000Z,2024-03-30T00:00:00.000Z,options_chain,BTC,USD,BTC,BTC-29MAR24-19000-C,btc-29mar24-19000-c,True,19000,CALL,2024-03-29T08:00:00Z,,,BTC-USD,,,,,,,
DERIBIT:OPTION:BTC-USD-240329-39000-CALL,DERIBIT,OPTION,BTC-USD-240329-39000-CALL,exchange,deribit,tardis,crypto,2023-04-11T00:00:00.000Z,2024-03-30T00:00:00.000Z,options_chain,BTC,USD,BTC,BTC-29MAR24-39000-C,btc-29mar24-39000-c,True,39000,CALL,2024-03-29T08:00:00Z,,,BTC-USD,,,,,,,
DERIBIT:OPTION:BTC-USD-240329-39000-PUT,DERIBIT,OPTION,BTC-USD-240329-39000-PUT,exchange,deribit,tardis,crypto,2023-04-11T00:00:00.000Z,2024-03-30T00:00:00.000Z,options_chain,BTC,USD,BTC,BTC-29MAR24-39000-P,btc-29mar24-39000-p,True,39000,PUT,2024-03-29T08:00:00Z,,,BTC-USD,,,,,,,
DERIBIT:OPTION:BTC-USD-240329-90000-CALL,DERIBIT,OPTION,BTC-USD-240329-90000-CALL,exchange,deribit,tardis,crypto,2023-04-11T00:00:00.000Z,2024-03-30T00:00:00.000Z,options_chain,BTC,USD,BTC,BTC-29MAR24-90000-C,btc-29mar24-90000-c,True,90000,CALL,2024-03-29T08:00:00Z,,,BTC-USD,,,,,,,
DERIBIT:OPTION:BTC-USD-240329-41000-CALL,DERIBIT,OPTION,BTC-USD-240329-41000-CALL,exchange,deribit,tardis,crypto,2023-04-14T00:00:00.000Z,2024-03-30T00:00:00.000Z,options_chain,BTC,USD,BTC,BTC-29MAR24-41000-C,btc-29mar24-41000-c,True,41000,CALL,2024-03-29T08:00:00Z,,,BTC-USD,,,,,,,
DERIBIT:OPTION:BTC-USD-240329-41000-PUT,DERIBIT,OPTION,BTC-USD-240329-41000-PUT,exchange,deribit,tardis,crypto,2023-04-14T00:00:00.000Z,2024-03-30T00:00:00.000Z,options_chain,BTC,USD,BTC,BTC-29MAR24-41000-P,btc-29mar24-41000-p,True,41000,PUT,2024-03-29T08:00:00Z,,,BTC-USD,,,,,,,
DERIBIT:OPTION:BTC-USD-240329-18000-CALL,DERIBIT,OPTION,BTC-USD-240329-18000-CALL,exchange,deribit,tardis,crypto,2023-05-12T00:00:00.000Z,2024-03-30T00:00:00.000Z,options_chain,BTC,USD,BTC,BTC-29MAR24-18000-C,btc-29mar24-18000-c,True,18000,CALL,2024-03-29T08:00:00Z,,,BTC-USD,,,,,,,
DERIBIT:OPTION:BTC-USD-240329-18000-PUT,DERIBIT,OPTION,BTC-USD-240329-18000-PUT,exchange,deribit,tardis,crypto,2023-05-12T00:00:00.000Z,2024-03-30T00:00:00.000Z,options_chain,BTC,USD,BTC,BTC-29MAR24-18000-P,btc-29mar24-18000-p,True,18000,PUT,2024-03-29T08:00:00Z,,,BTC-USD,,,,,,,
DERIBIT:OPTION:BTC-USD-231229-25000-PUT,DERIBIT,OPTION,BTC-USD-231229-25000-PUT,exchange,deribit,tardis,crypto,2022-12-29T00:00:00.000Z,2023-12-30T00:00:00.000Z,options_chain,BTC,USD,BTC,BTC-29DEC23-25000-P,btc-29dec23-25000-p,True,25000,PUT,2023-12-29T08:00:00Z,,,BTC-USD,,,,,,,
DERIBIT:OPTION:BTC-USD-231229-40000-CALL,DERIBIT,OPTION,BTC-USD-231229-40000-CALL,exchange,deribit,tardis,crypto,2022-12-29T00:00:00.000Z,2023-12-30T00:00:00.000Z,options_chain,BTC,USD,BTC,BTC-29DEC23-40000-C,btc-29dec23-40000-c,True,40000,CALL,2023-12-29T08:00:00Z,,,BTC-USD,,,,,,,
DERIBIT:OPTION:BTC-USD-231229-30000-PUT,DERIBIT,OPTION,BTC-USD-231229-30000-PUT,exchange,deribit,tardis,crypto,2022-12-29T00:00:00.000Z,2023-12-30T00:00:00.000Z,options_chain,BTC,USD,BTC,BTC-29DEC23-30000-P,btc-29dec23-30000-p,True,30000,PUT,2023-12-29T08:00:00Z,,,BTC-USD,,,,,,,
DERIBIT:OPTION:BTC-USD-231229-15000-PUT,DERIBIT,OPTION,BTC-USD-231229-15000-PUT,exchange,deribit,tardis,crypto,2022-12-29T00:00:00.000Z,2023-12-30T00:00:00.000Z,options_chain,BTC,USD,BTC,BTC-29DEC23-15000-P,btc-29dec23-15000-p,True,15000,PUT,2023-12-29T08:00:00Z,,,BTC-USD,,,,,,,
DERIBIT:OPTION:BTC-USD-231229-25000-CALL,DERIBIT,OPTION,BTC-USD-231229-25000-CALL,exchange,deribit,tardis,crypto,2022-12-29T00:00:00.000Z,2023-12-30T00:00:00.000Z,options_chain,BTC,USD,BTC,BTC-29DEC23-25000-C,btc-29dec23-25000-c,True,25000,CALL,2023-12-29T08:00:00Z,,,BTC-USD,,,,,,,
DERIBIT:OPTION:BTC-USD-231229-16000-PUT,DERIBIT,OPTION,BTC-USD-231229-16000-PUT,exchange,deribit,tardis,crypto,2022-12-29T00:00:00.000Z,2023-12-30T00:00:00.000Z,options_chain,BTC,USD,BTC,BTC-29DEC23-16000-P,btc-29dec23-16000-p,True,16000,PUT,2023-12-29T08:00:00Z,,,BTC-USD,,,,,,,
DERIBIT:OPTION:BTC-USD-231229-5000-PUT,DERIBIT,OPTION,BTC-USD-231229-5000-PUT,exchange,deribit,tardis,crypto,2022-12-29T00:00:00.000Z,2023-12-30T00:00:00.000Z,options_chain,BTC,USD,BTC,BTC-29DEC23-5000-P,btc-29dec23-5000-p,True,5000,PUT,2023-12-29T08:00:00Z,,,BTC-USD,,,,,,,
DERIBIT:OPTION:BTC-USD-231229-60000-CALL,DERIBIT,OPTION,BTC-USD-231229-60000-CALL,exchange,deribit,tardis,crypto,2022-12-29T00:00:00.000Z,2023-12-30T00:00:00.000Z,options_chain,BTC,USD,BTC,BTC-29DEC23-60000-C,btc-29dec23-60000-c,True,60000,CALL,2023-12-29T08:00:00Z,,,BTC-USD,,,,,,,
DERIBIT:OPTION:BTC-USD-231229-10000-PUT,DERIBIT,OPTION,BTC-USD-231229-10000-PUT,exchange,deribit,tardis,crypto,2022-12-29T00:00:00.000Z,2023-12-30T00:00:00.000Z,options_chain,BTC,USD,BTC,BTC-29DEC23-10000-P,btc-29dec23-10000-p,True,10000,PUT,2023-12-29T08:00:00Z,,,BTC-USD,,,,,,,
DERIBIT:OPTION:BTC-USD-231229-12000-PUT,DERIBIT,OPTION,BTC-USD-231229-12000-PUT,exchange,deribit,tardis,crypto,2022-12-29T00:00:00.000Z,2023-12-30T00:00:00.000Z,options_chain,BTC,USD,BTC,BTC-29DEC23-12000-P,btc-29dec23-12000-p,True,12000,PUT,2023-12-29T08:00:00Z,,,BTC-USD,,,,,,,
DERIBIT:OPTION:BTC-USD-231229-11000-PUT,DERIBIT,OPTION,BTC-USD-231229-11000-PUT,exchange,deribit,tardis,crypto,2022-12-29T00:00:00.000Z,2023-12-30T00:00:00.000Z,options_chain,BTC,USD,BTC,BTC-29DEC23-11000-P,btc-29dec23-11000-p,True,11000,PUT,2023-12-29T08:00:00Z,,,BTC-USD,,,,,,,
DERIBIT:OPTION:BTC-USD-231229-13000-PUT,DERIBIT,OPTION,BTC-USD-231229-13000-PUT,exchange,deribit,tardis,crypto,2022-12-29T00:00:00.000Z,2023-12-30T00:00:00.000Z,options_chain,BTC,USD,BTC,BTC-29DEC23-13000-P,btc-29dec23-13000-p,True,13000,PUT,2023-12-29T08:00:00Z,,,BTC-USD,,,,,,,
DERIBIT:OPTION:BTC-USD-231229-35000-CALL,DERIBIT,OPTION,BTC-USD-231229-35000-CALL,exchange,deribit,tardis,crypto,2022-12-29T00:00:00.000Z,2023-12-30T00:00:00.000Z,options_chain,BTC,USD,BTC,BTC-29DEC23-35000-C,btc-29dec23-35000-c,True,35000,CALL,2023-12-29T08:00:00Z,,,BTC-USD,,,,,,,
DERIBIT:OPTION:BTC-USD-231229-30000-CALL,DERIBIT,OPTION,BTC-USD-231229-30000-CALL,exchange,deribit,tardis,crypto,2022-12-29T00:00:00.000Z,2023-12-30T00:00:00.000Z,options_chain,BTC,USD,BTC,BTC-29DEC23-30000-C,btc-29dec23-30000-c,True,30000,CALL,2023-12-29T08:00:00Z,,,BTC-USD,,,,,,,
DERIBIT:OPTION:BTC-USD-231229-16000-CALL,DERIBIT,OPTION,BTC-USD-231229-16000-CALL,exchange,deribit,tardis,crypto,2022-12-29T00:00:00.000Z,2023-12-30T00:00:00.000Z,options_chain,BTC,USD,BTC,BTC-29DEC23-16000-C,btc-29dec23-16000-c,True,16000,CALL,2023-12-29T08:00:00Z,,,BTC-USD,,,,,,,
DERIBIT:OPTION:BTC-USD-231229-15000-CALL,DERIBIT,OPTION,BTC-USD-231229-15000-CALL,exchange,deribit,tardis,crypto,2022-12-29T00:00:00.000Z,2023-12-30T00:00:00.000Z,options_chain,BTC,USD,BTC,BTC-29DEC23-15000-C,btc-29dec23-15000-c,True,15000,CALL,2023-12-29T08:00:00Z,,,BTC-USD,,,,,,,
DERIBIT:OPTION:BTC-USD-231229-17000-CALL,DERIBIT,OPTION,BTC-USD-231229-17000-CALL,exchange,deribit,tardis,crypto,2022-12-29T00:00:00.000Z,2023-12-30T00:00:00.000Z,options_chain,BTC,USD,BTC,BTC-29DEC23-17000-C,btc-29dec23-17000-c,True,17000,CALL,2023-12-29T08:00:00Z,,,BTC-USD,,,,,,,
DERIBIT:OPTION:BTC-USD-231229-18000-CALL,DERIBIT,OPTION,BTC-USD-231229-18000-CALL,exchange,deribit,tardis,crypto,2022-12-29T00:00:00.000Z,2023-12-30T00:00:00.000Z,options_chain,BTC,USD,BTC,BTC-29DEC23-18000-C,btc-29dec23-18000-c,True,18000,CALL,2023-12-29T08:00:00Z,,,BTC-USD,,,,,,,
DERIBIT:OPTION:BTC-USD-231229-19000-CALL,DERIBIT,OPTION,BTC-USD-231229-19000-CALL,exchange,deribit,tardis,crypto,2022-12-29T00:00:00.000Z,2023-12-30T00:00:00.000Z,options_chain,BTC,USD,BTC,BTC-29DEC23-19000-C,btc-29dec23-19000-c,True,19000,CALL,2023-12-29T08:00:00Z,,,BTC-USD,,,,,,,
DERIBIT:OPTION:BTC-USD-231229-20000-CALL,DERIBIT,OPTION,BTC-USD-231229-20000-CALL,exchange,deribit,tardis,crypto,2022-12-29T00:00:00.000Z,2023-12-30T00:00:00.000Z,options_chain,BTC,USD,BTC,BTC-29DEC23-20000-C,btc-29dec23-20000-c,True,20000,CALL,2023-12-29T08:00:00Z,,,BTC-USD,,,,,,,
DERIBIT:OPTION:BTC-USD-231229-17000-PUT,DERIBIT,OPTION,BTC-USD-231229-17000-PUT,exchange,deribit,tardis,crypto,2022-12-29T00:00:00.000Z,2023-12-30T00:00:00.000Z,options_chain,BTC,USD,BTC,BTC-29DEC23-17000-P,btc-29dec23-17000-p,True,17000,PUT,2023-12-29T08:00:00Z,,,BTC-USD,,,,,,,
DERIBIT:OPTION:BTC-USD-231229-14000-PUT,DERIBIT,OPTION,BTC-USD-231229-14000-PUT,exchange,deribit,tardis,crypto,2022-12-29T00:00:00.000Z,2023-12-30T00:00:00.000Z,options_chain,BTC,USD,BTC,BTC-29DEC23-14000-P,btc-29dec23-14000-p,True,14000,PUT,2023-12-29T08:00:00Z,,,BTC-USD,,,,,,,
DERIBIT:OPTION:BTC-USD-231229-10000-CALL,DERIBIT,OPTION,BTC-USD-231229-10000-CALL,exchange,deribit,tardis,crypto,2022-12-29T00:00:00.000Z,2023-12-30T00:00:00.000Z,options_chain,BTC,USD,BTC,BTC-29DEC23-10000-C,btc-29dec23-10000-c,True,10000,CALL,2023-12-29T08:00:00Z,,,BTC-USD,,,,,,,
DERIBIT:OPTION:BTC-USD-231229-18000-PUT,DERIBIT,OPTION,BTC-USD-231229-18000-PUT,exchange,deribit,tardis,crypto,2022-12-30T00:00:00.000Z,2023-12-30T00:00:00.000Z,options_chain,BTC,USD,BTC,BTC-29DEC23-18000-P,btc-29dec23-18000-p,True,18000,PUT,2023-12-29T08:00:00Z,,,BTC-USD,,,,,,,
DERIBIT:OPTION:BTC-USD-231229-20000-PUT,DERIBIT,OPTION,BTC-USD-231229-20000-PUT,exchange,deribit,tardis,crypto,2022-12-30T00:00:00.000Z,2023-12-30T00:00:00.000Z,options_chain,BTC,USD,BTC,BTC-29DEC23-20000-P,btc-29dec23-20000-p,True,20000,PUT,2023-12-29T08:00:00Z,,,BTC-USD,,,,,,,
DERIBIT:OPTION:BTC-USD-231229-19000-PUT,DERIBIT,OPTION,BTC-USD-231229-19000-PUT,exchange,deribit,tardis,crypto,2022-12-30T00:00:00.000Z,2023-12-30T00:00:00.000Z,options_chain,BTC,USD,BTC,BTC-29DEC23-19000-P,btc-29dec23-19000-p,True,19000,PUT,2023-12-29T08:00:00Z,,,BTC-USD,,,,,,,
DERIBIT:OPTION:BTC-USD-231229-11000-CALL,DERIBIT,OPTION,BTC-USD-231229-11000-CALL,exchange,deribit,tardis,crypto,2023-01-02T00:00:00.000Z,2023-12-30T00:00:00.000Z,options_chain,BTC,USD,BTC,BTC-29DEC23-11000-C,btc-29dec23-11000-c,True,11000,CALL,2023-12-29T08:00:00Z,,,BTC-USD,,,,,,,
DERIBIT:OPTION:BTC-USD-231229-12000-CALL,DERIBIT,OPTION,BTC-USD-231229-12000-CALL,exchange,deribit,tardis,crypto,2023-01-02T00:00:00.000Z,2023-12-30T00:00:00.000Z,options_chain,BTC,USD,BTC,BTC-29DEC23-12000-C,btc-29dec23-12000-c,True,12000,CALL,2023-12-29T08:00:00Z,,,BTC-USD,,,,,,,
DERIBIT:OPTION:BTC-USD-231229-13000-CALL,DERIBIT,OPTION,BTC-USD-231229-13000-CALL,exchange,deribit,tardis,crypto,2023-01-02T00:00:00.000Z,2023-12-30T00:00:00.000Z,options_chain,BTC,USD,BTC,BTC-29DEC23-13000-C,btc-29dec23-13000-c,True,13000,CALL,2023-12-29T08:00:00Z,,,BTC-USD,,,,,,,
DERIBIT:OPTION:BTC-USD-231229-5000-CALL,DERIBIT,OPTION,BTC-USD-231229-5000-CALL,exchange,deribit,tardis,crypto,2023-01-03T00:00:00.000Z,2023-12-30T00:00:00.000Z,options_chain,BTC,USD,BTC,BTC-29DEC23-5000-C,btc-29dec23-5000-c,True,5000,CALL,2023-12-29T08:00:00Z,,,BTC-USD,,,,,,,
DERIBIT:OPTION:BTC-USD-231229-60000-PUT,DERIBIT,OPTION,BTC-USD-231229-60000-PUT,exchange,deribit,tardis,crypto,2023-01-06T00:00:00.000Z,2023-12-30T00:00:00.000Z,options_chain,BTC,USD,BTC,BTC-29DEC23-60000-P,btc-29dec23-60000-p,True,60000,PUT,2023-12-29T08:00:00Z,,,BTC-USD,,,,,,,
DERIBIT:OPTION:BTC-USD-231229-35000-PUT,DERIBIT,OPTION,BTC-USD-231229-35000-PUT,exchange,deribit,tardis,crypto,2023-01-06T00:00:00.000Z,2023-12-30T00:00:00.000Z,options_chain,BTC,USD,BTC,BTC-29DEC23-35000-P,btc-29dec23-35000-p,True,35000,PUT,2023-12-29T08:00:00Z,,,BTC-USD,,,,,,,
DERIBIT:OPTION:BTC-USD-231229-14000-CALL,DERIBIT,OPTION,BTC-USD-231229-14000-CALL,exchange,deribit,tardis,crypto,2023-01-06T00:00:00.000Z,2023-12-30T00:00:00.000Z,options_chain,BTC,USD,BTC,BTC-29DEC23-14000-C,btc-29dec23-14000-c,True,14000,CALL,2023-12-29T08:00:00Z,,,BTC-USD,,,,,,,
DERIBIT:OPTION:BTC-USD-231229-40000-PUT,DERIBIT,OPTION,BTC-USD-231229-40000-PUT,exchange,deribit,tardis,crypto,2023-01-09T00:00:00.000Z,2023-12-30T00:00:00.000Z,options_chain,BTC,USD,BTC,BTC-29DEC23-40000-P,btc-29dec23-40000-p,True,40000,PUT,2023-12-29T08:00:00Z,,,BTC-USD,,,,,,,
DERIBIT:OPTION:BTC-USD-231229-21000-CALL,DERIBIT,OPTION,BTC-USD-231229-21000-CALL,exchange,deribit,tardis,crypto,2023-01-09T00:00:00.000Z,2023-12-30T00:00:00.000Z,options_chain,BTC,USD,BTC,BTC-29DEC23-21000-C,btc-29dec23-21000-c,True,21000,CALL,2023-12-29T08:00:00Z,,,BTC-USD,,,,,,,
DERIBIT:OPTION:BTC-USD-231229-21000-PUT,DERIBIT,OPTION,BTC-USD-231229-21000-PUT,exchange,deribit,tardis,crypto,2023-01-09T00:00:00.000Z,2023-12-30T00:00:00.000Z,options_chain,BTC,USD,BTC,BTC-29DEC23-21000-P,btc-29dec23-21000-p,True,21000,PUT,2023-12-29T08:00:00Z,,,BTC-USD,,,,,,,
DERIBIT:OPTION:BTC-USD-231229-22000-PUT,DERIBIT,OPTION,BTC-USD-231229-22000-PUT,exchange,deribit,tardis,crypto,2023-01-12T00:00:00.000Z,2023-12-30T00:00:00.000Z,options_chain,BTC,USD,BTC,BTC-29DEC23-22000-P,btc-29dec23-22000-p,True,22000,PUT,2023-12-29T08:00:00Z,,,BTC-USD,,,,,,,
DERIBIT:OPTION:BTC-USD-231229-22000-CALL,DERIBIT,OPTION,BTC-USD-231229-22000-CALL,exchange,deribit,tardis,crypto,2023-01-12T00:00:00.000Z,2023-12-30T00:00:00.000Z,options_chain,BTC,USD,BTC,BTC-29DEC23-22000-C,btc-29dec23-22000-c,True,22000,CALL,2023-12-29T08:00:00Z,,,BTC-USD,,,,,,,
DERIBIT:OPTION:BTC-USD-231229-45000-CALL,DERIBIT,OPTION,BTC-USD-231229-45000-CALL,exchange,deribit,tardis,crypto,2023-01-13T00:00:00.000Z,2023-12-30T00:00:00.000Z,options_chain,BTC,USD,BTC,BTC-29DEC23-45000-C,btc-29dec23-45000-c,True,45000,CALL,2023-12-29T08:00:00Z,,,BTC-USD,,,,,,,
DERIBIT:OPTION:BTC-USD-231229-23000-CALL,DERIBIT,OPTION,BTC-USD-231229-23000-CALL,exchange,deribit,tardis,crypto,2023-01-13T00:00:00.000Z,2023-12-30T00:00:00.000Z,options_chain,BTC,USD,BTC,BTC-29DEC23-23000-C,btc-29dec23-23000-c,True,23000,CALL,2023-12-29T08:00:00Z,,,BTC-USD,,,,,,,
DERIBIT:OPTION:BTC-USD-231229-50000-CALL,DERIBIT,OPTION,BTC-USD-231229-50000-CALL,exchange,deribit,tardis,crypto,2023-01-13T00:00:00.000Z,2023-12-30T00:00:00.000Z,options_chain,BTC,USD,BTC,BTC-29DEC23-50000-C,btc-29dec23-50000-c,True,50000,CALL,2023-12-29T08:00:00Z,,,BTC-USD,,,,,,,
DERIBIT:OPTION:BTC-USD-231229-55000-CALL,DERIBIT,OPTION,BTC-USD-231229-55000-CALL,exchange,deribit,tardis,crypto,2023-01-13T00:00:00.000Z,2023-12-30T00:00:00.000Z,options_chain,BTC,USD,BTC,BTC-29DEC23-55000-C,btc-29dec23-55000-c,True,55000,CALL,2023-12-29T08:00:00Z,,,BTC-USD,,,,,,,
DERIBIT:OPTION:BTC-USD-231229-80000-CALL,DERIBIT,OPTION,BTC-USD-231229-80000-CALL,exchange,deribit,tardis,crypto,2023-01-13T00:00:00.000Z,2023-12-30T00:00:00.000Z,options_chain,BTC,USD,BTC,BTC-29DEC23-80000-C,btc-29dec23-80000-c,True,80000,CALL,2023-12-29T08:00:00Z,,,BTC-USD,,,,,,,
DERIBIT:OPTION:BTC-USD-231229-23000-PUT,DERIBIT,OPTION,BTC-USD-231229-23000-PUT,exchange,deribit,tardis,crypto,2023-01-13T00:00:00.000Z,2023-12-30T00:00:00.000Z,options_chain,BTC,USD,BTC,BTC-29DEC23-23000-P,btc-29dec23-23000-p,True,23000,PUT,2023-12-29T08:00:00Z,,,BTC-USD,,,,,,,
DERIBIT:OPTION:BTC-USD-231229-24000-CALL,DERIBIT,OPTION,BTC-USD-231229-24000-CALL,exchange,deribit,tardis,crypto,2023-01-14T00:00:00.000Z,2023-12-30T00:00:00.000Z,options_chain,BTC,USD,BTC,BTC-29DEC23-24000-C,btc-29dec23-24000-c,True,24000,CALL,2023-12-29T08:00:00Z,,,BTC-USD,,,,,,,
DERIBIT:OPTION:BTC-USD-231229-24000-PUT,DERIBIT,OPTION,BTC-USD-231229-24000-PUT,exchange,deribit,tardis,crypto,2023-01-14T00:00:00.000Z,2023-12-30T00:00:00.000Z,options_chain,BTC,USD,BTC,BTC-29DEC23-24000-P,btc-29dec23-24000-p,True,24000,PUT,2023-12-29T08:00:00Z,,,BTC-USD,,,,,,,
DERIBIT:OPTION:BTC-USD-231229-65000-CALL,DERIBIT,OPTION,BTC-USD-231229-65000-CALL,exchange,deribit,tardis,crypto,2023-01-20T00:00:00.000Z,2023-12-30T00:00:00.000Z,options_chain,BTC,USD,BTC,BTC-29DEC23-65000-C,btc-29dec23-65000-c,True,65000,CALL,2023-12-29T08:00:00Z,,,BTC-USD,,,,,,,
DERIBIT:OPTION:BTC-USD-231229-26000-PUT,DERIBIT,OPTION,BTC-USD-231229-26000-PUT,exchange,deribit,tardis,crypto,2023-01-20T00:00:00.000Z,2023-12-30T00:00:00.000Z,options_chain,BTC,USD,BTC,BTC-29DEC23-26000-P,btc-29dec23-26000-p,True,26000,PUT,2023-12-29T08:00:00Z,,,BTC-USD,,,,,,,
DERIBIT:OPTION:BTC-USD-231229-26000-CALL,DERIBIT,OPTION,BTC-USD-231229-26000-CALL,exchange,deribit,tardis,crypto,2023-01-21T00:00:00.000Z,2023-12-30T00:00:00.000Z,options_chain,BTC,USD,BTC,BTC-29DEC23-26000-C,btc-29dec23-26000-c,True,26000,CALL,2023-12-29T08:00:00Z,,,BTC-USD,,,,,,,
DERIBIT:OPTION:BTC-USD-231229-27000-CALL,DERIBIT,OPTION,BTC-USD-231229-27000-CALL,exchange,deribit,tardis,crypto,2023-01-21T00:00:00.000Z,2023-12-30T00:00:00.000Z,options_chain,BTC,USD,BTC,BTC-29DEC23-27000-C,btc-29dec23-27000-c,True,27000,CALL,2023-12-29T08:00:00Z,,,BTC-USD,,,,,,,
DERIBIT:OPTION:BTC-USD-231229-27000-PUT,DERIBIT,OPTION,BTC-USD-231229-27000-PUT,exchange,deribit,tardis,crypto,2023-01-21T00:00:00.000Z,2023-12-30T00:00:00.000Z,options_chain,BTC,USD,BTC,BTC-29DEC23-27000-P,btc-29dec23-27000-p,True,27000,PUT,2023-12-29T08:00:00Z,,,BTC-USD,,,,,,,
DERIBIT:OPTION:BTC-USD-231229-28000-CALL,DERIBIT,OPTION,BTC-USD-231229-28000-CALL,exchange,deribit,tardis,crypto,2023-01-21T00:00:00.000Z,2023-12-30T00:00:00.000Z,options_chain,BTC,USD,BTC,BTC-29DEC23-28000-C,btc-29dec23-28000-c,True,28000,CALL,2023-12-29T08:00:00Z,,,BTC-USD,,,,,,,
DERIBIT:OPTION:BTC-USD-231229-28000-PUT,DERIBIT,OPTION,BTC-USD-231229-28000-PUT,exchange,deribit,tardis,crypto,2023-01-22T00:00:00.000Z,2023-12-30T00:00:00.000Z,options_chain,BTC,USD,BTC,BTC-29DEC23-28000-P,btc-29dec23-28000-p,True,28000,PUT,2023-12-29T08:00:00Z,,,BTC-USD,,,,,,,
DERIBIT:OPTION:BTC-USD-231229-70000-CALL,DERIBIT,OPTION,BTC-USD-231229-70000-CALL,exchange,deribit,tardis,crypto,2023-01-29T00:00:00.000Z,2023-12-30T00:00:00.000Z,options_chain,BTC,USD,BTC,BTC-29DEC23-70000-C,btc-29dec23-70000-c,True,70000,CALL,2023-12-29T08:00:00Z,,,BTC-USD,,,,,,,
DERIBIT:OPTION:BTC-USD-231229-50000-PUT,DERIBIT,OPTION,BTC-USD-231229-50000-PUT,exchange,deribit,tardis,crypto,2023-01-31T00:00:00.000Z,2023-12-30T00:00:00.000Z,options_chain,BTC,USD,BTC,BTC-29DEC23-50000-P,btc-29dec23-50000-p,True,50000,PUT,2023-12-29T08:00:00Z,,,BTC-USD,,,,,,,
DERIBIT:OPTION:BTC-USD-231229-45000-PUT,DERIBIT,OPTION,BTC-USD-231229-45000-PUT,exchange,deribit,tardis,crypto,2023-02-01T00:00:00.000Z,2023-12-30T00:00:00.000Z,options_chain,BTC,USD,BTC,BTC-29DEC23-45000-P,btc-29dec23-45000-p,True,45000,PUT,2023-12-29T08:00:00Z,,,BTC-USD,,,,,,,
DERIBIT:OPTION:BTC-USD-231229-55000-PUT,DERIBIT,OPTION,BTC-USD-231229-55000-PUT,exchange,deribit,tardis,crypto,2023-02-01T00:00:00.000Z,2023-12-30T00:00:00.000Z,options_chain,BTC,USD,BTC,BTC-29DEC23-55000-P,btc-29dec23-55000-p,True,55000,PUT,2023-12-29T08:00:00Z,,,BTC-USD,,,,,,,
DERIBIT:OPTION:BTC-USD-231229-29000-CALL,DERIBIT,OPTION,BTC-USD-231229-29000-CALL,exchange,deribit,tardis,crypto,2023-02-16T00:00:00.000Z,2023-12-30T00:00:00.000Z,options_chain,BTC,USD,BTC,BTC-29DEC23-29000-C,btc-29dec23-29000-c,True,29000,CALL,2023-12-29T08:00:00Z,,,BTC-USD,,,,,,,
DERIBIT:OPTION:BTC-USD-231229-100000-CALL,DERIBIT,OPTION,BTC-USD-231229-100000-CALL,exchange,deribit,tardis,crypto,2023-02-16T00:00:00.000Z,2023-12-30T00:00:00.000Z,options_chain,BTC,USD,BTC,BTC-29DEC23-100000-C,btc-29dec23-100000-c,True,100000,CALL,2023-12-29T08:00:00Z,,,BTC-USD,,,,,,,
DERIBIT:OPTION:BTC-USD-231229-29000-PUT,DERIBIT,OPTION,BTC-USD-231229-29000-PUT,exchange,deribit,tardis,crypto,2023-02-16T00:00:00.000Z,2023-12-30T00:00:00.000Z,options_chain,BTC,USD,BTC,BTC-29DEC23-29000-P,btc-29dec23-29000-p,True,29000,PUT,2023-12-29T08:00:00Z,,,BTC-USD,,,,,,,
DERIBIT:OPTION:BTC-USD-231229-31000-CALL,DERIBIT,OPTION,BTC-USD-231229-31000-CALL,exchange,deribit,tardis,crypto,2023-03-14T00:00:00.000Z,2023-12-30T00:00:00.000Z,options_chain,BTC,USD,BTC,BTC-29DEC23-31000-C,btc-29dec23-31000-c,True,31000,CALL,2023-12-29T08:00:00Z,,,BTC-USD,,,,,,,
DERIBIT:OPTION:BTC-USD-231229-31000-PUT,DERIBIT,OPTION,BTC-USD-231229-31000-PUT,exchange,deribit,tardis,crypto,2023-03-14T00:00:00.000Z,2023-12-30T00:00:00.000Z,options_chain,BTC,USD,BTC,BTC-29DEC23-31000-P,btc-29dec23-31000-p,True,31000,PUT,2023-12-29T08:00:00Z,,,BTC-USD,,,,,,,
DERIBIT:OPTION:BTC-USD-231229-75000-CALL,DERIBIT,OPTION,BTC-USD-231229-75000-CALL,exchange,deribit,tardis,crypto,2023-03-17T00:00:00.000Z,2023-12-30T00:00:00.000Z,options_chain,BTC,USD,BTC,BTC-29DEC23-75000-C,btc-29dec23-75000-c,True,75000,CALL,2023-12-29T08:00:00Z,,,BTC-USD,,,,,,,
DERIBIT:OPTION:BTC-USD-231229-100000-PUT,DERIBIT,OPTION,BTC-USD-231229-100000-PUT,exchange,deribit,tardis,crypto,2023-03-17T00:00:00.000Z,2023-12-30T00:00:00.000Z,options_chain,BTC,USD,BTC,BTC-29DEC23-100000-P,btc-29dec23-100000-p,True,100000,PUT,2023-12-29T08:00:00Z,,,BTC-USD,,,,,,,
DERIBIT:OPTION:BTC-USD-231229-32000-CALL,DERIBIT,OPTION,BTC-USD-231229-32000-CALL,exchange,deribit,tardis,crypto,2023-03-17T00:00:00.000Z,2023-12-30T00:00:00.000Z,options_chain,BTC,USD,BTC,BTC-29DEC23-32000-C,btc-29dec23-32000-c,True,32000,CALL,2023-12-29T08:00:00Z,,,BTC-USD,,,,,,,
DERIBIT:OPTION:BTC-USD-231229-32000-PUT,DERIBIT,OPTION,BTC-USD-231229-32000-PUT,exchange,deribit,tardis,crypto,2023-03-17T00:00:00.000Z,2023-12-30T00:00:00.000Z,options_chain,BTC,USD,BTC,BTC-29DEC23-32000-P,btc-29dec23-32000-p,True,32000,PUT,2023-12-29T08:00:00Z,,,BTC-USD,,,,,,,
DERIBIT:OPTION:BTC-USD-231229-33000-CALL,DERIBIT,OPTION,BTC-USD-231229-33000-CALL,exchange,deribit,tardis,crypto,2023-03-19T00:00:00.000Z,2023-12-30T00:00:00.000Z,options_chain,BTC,USD,BTC,BTC-29DEC23-33000-C,btc-29dec23-33000-c,True,33000,CALL,2023-12-29T08:00:00Z,,,BTC-USD,,,,,,,
DERIBIT:OPTION:BTC-USD-231229-33000-PUT,DERIBIT,OPTION,BTC-USD-231229-33000-PUT,exchange,deribit,tardis,crypto,2023-03-19T00:00:00.000Z,2023-12-30T00:00:00.000Z,options_chain,BTC,USD,BTC,BTC-29DEC23-33000-P,btc-29dec23-33000-p,True,33000,PUT,2023-12-29T08:00:00Z,,,BTC-USD,,,,,,,
DERIBIT:OPTION:BTC-USD-231229-34000-CALL,DERIBIT,OPTION,BTC-USD-231229-34000-CALL,exchange,deribit,tardis,crypto,2023-03-22T00:00:00.000Z,2023-12-30T00:00:00.000Z,options_chain,BTC,USD,BTC,BTC-29DEC23-34000-C,btc-29dec23-34000-c,True,34000,CALL,2023-12-29T08:00:00Z,,,BTC-USD,,,,,,,
DERIBIT:OPTION:BTC-USD-231229-34000-PUT,DERIBIT,OPTION,BTC-USD-231229-34000-PUT,exchange,deribit,tardis,crypto,2023-03-22T00:00:00.000Z,2023-12-30T00:00:00.000Z,options_chain,BTC,USD,BTC,BTC-29DEC23-34000-P,btc-29dec23-34000-p,True,34000,PUT,2023-12-29T08:00:00Z,,,BTC-USD,,,,,,,
DERIBIT:OPTION:BTC-USD-231229-65000-PUT,DERIBIT,OPTION,BTC-USD-231229-65000-PUT,exchange,deribit,tardis,crypto,2023-03-23T00:00:00.000Z,2023-12-30T00:00:00.000Z,options_chain,BTC,USD,BTC,BTC-29DEC23-65000-P,btc-29dec23-65000-p,True,65000,PUT,2023-12-29T08:00:00Z,,,BTC-USD,,,,,,,
DERIBIT:OPTION:BTC-USD-231229-70000-PUT,DERIBIT,OPTION,BTC-USD-231229-70000-PUT,exchange,deribit,tardis,crypto,2023-03-23T00:00:00.000Z,2023-12-30T00:00:00.000Z,options_chain,BTC,USD,BTC,BTC-29DEC23-70000-P,btc-29dec23-70000-p,True,70000,PUT,2023-12-29T08:00:00Z,,,BTC-USD,,,,,,,
DERIBIT:OPTION:BTC-USD-231229-75000-PUT,DERIBIT,OPTION,BTC-USD-231229-75000-PUT,exchange,deribit,tardis,crypto,2023-03-23T00:00:00.000Z,2023-12-30T00:00:00.000Z,options_chain,BTC,USD,BTC,BTC-29DEC23-75000-P,btc-29dec23-75000-p,True,75000,PUT,2023-12-29T08:00:00Z,,,BTC-USD,,,,,,,
DERIBIT:OPTION:BTC-USD-231229-80000-PUT,DERIBIT,OPTION,BTC-USD-231229-80000-PUT,exchange,deribit,tardis,crypto,2023-03-23T00:00:00.000Z,2023-12-30T00:00:00.000Z,options_chain,BTC,USD,BTC,BTC-29DEC23-80000-P,btc-29dec23-80000-p,True,80000,PUT,2023-12-29T08:00:00Z,,,BTC-USD,,,,,,,
DERIBIT:OPTION:BTC-USD-231229-36000-CALL,DERIBIT,OPTION,BTC-USD-231229-36000-CALL,exchange,deribit,tardis,crypto,2023-03-29T00:00:00.000Z,2023-12-30T00:00:00.000Z,options_chain,BTC,USD,BTC,BTC-29DEC23-36000-C,btc-29dec23-36000-c,True,36000,CALL,2023-12-29T08:00:00Z,,,BTC-USD,,,,,,,
DERIBIT:OPTION:BTC-USD-231229-36000-PUT,DERIBIT,OPTION,BTC-USD-231229-36000-PUT,exchange,deribit,tardis,crypto,2023-03-29T00:00:00.000Z,2023-12-30T00:00:00.000Z,options_chain,BTC,USD,BTC,BTC-29DEC23-36000-P,btc-29dec23-36000-p,True,36000,PUT,2023-12-29T08:00:00Z,,,BTC-USD,,,,,,,
DERIBIT:OPTION:BTC-USD-231229-37000-CALL,DERIBIT,OPTION,BTC-USD-231229-37000-CALL,exchange,deribit,tardis,crypto,2023-03-30T00:00:00.000Z,2023-12-30T00:00:00.000Z,options_chain,BTC,USD,BTC,BTC-29DEC23-37000-C,btc-29dec23-37000-c,True,37000,CALL,2023-12-29T08:00:00Z,,,BTC-USD,,,,,,,
DERIBIT:OPTION:BTC-USD-231229-37000-PUT,DERIBIT,OPTION,BTC-USD-231229-37000-PUT,exchange,deribit,tardis,crypto,2023-03-30T00:00:00.000Z,2023-12-30T00:00:00.000Z,options_chain,BTC,USD,BTC,BTC-29DEC23-37000-P,btc-29dec23-37000-p,True,37000,PUT,2023-12-29T08:00:00Z,,,BTC-USD,,,,,,,
DERIBIT:OPTION:BTC-USD-231229-38000-CALL,DERIBIT,OPTION,BTC-USD-231229-38000-CALL,exchange,deribit,tardis,crypto,2023-04-11T00:00:00.000Z,2023-12-30T00:00:00.000Z,options_chain,BTC,USD,BTC,BTC-29DEC23-38000-C,btc-29dec23-38000-c,True,38000,CALL,2023-12-29T08:00:00Z,,,BTC-USD,,,,,,,
DERIBIT:OPTION:BTC-USD-231229-38000-PUT,DERIBIT,OPTION,BTC-USD-231229-38000-PUT,exchange,deribit,tardis,crypto,2023-04-11T00:00:00.000Z,2023-12-30T00:00:00.000Z,options_chain,BTC,USD,BTC,BTC-29DEC23-38000-P,btc-29dec23-38000-p,True,38000,PUT,2023-12-29T08:00:00Z,,,BTC-USD,,,,,,,
DERIBIT:OPTION:BTC-USD-231229-39000-CALL,DERIBIT,OPTION,BTC-USD-231229-39000-CALL,exchange,deribit,tardis,crypto,2023-04-11T00:00:00.000Z,2023-12-30T00:00:00.000Z,options_chain,BTC,USD,BTC,BTC-29DEC23-39000-C,btc-29dec23-39000-c,True,39000,CALL,2023-12-29T08:00:00Z,,,BTC-USD,,,,,,,
DERIBIT:OPTION:BTC-USD-231229-39000-PUT,DERIBIT,OPTION,BTC-USD-231229-39000-PUT,exchange,deribit,tardis,crypto,2023-04-11T00:00:00.000Z,2023-12-30T00:00:00.000Z,options_chain,BTC,USD,BTC,BTC-29DEC23-39000-P,btc-29dec23-39000-p,True,39000,PUT,2023-12-29T08:00:00Z,,,BTC-USD,,,,,,,
DERIBIT:OPTION:BTC-USD-230929-25000-CALL,DERIBIT,OPTION,BTC-USD-230929-25000-CALL,exchange,deribit,tardis,crypto,2022-09-29T00:00:00.000Z,2023-09-30T00:00:00.000Z,options_chain,BTC,USD,BTC,BTC-29SEP23-25000-C,btc-29sep23-25000-c,True,25000,CALL,2023-09-29T08:00:00Z,,,BTC-USD,,,,,,,
DERIBIT:OPTION:BTC-USD-230929-60000-CALL,DERIBIT,OPTION,BTC-USD-230929-60000-CALL,exchange,deribit,tardis,crypto,2022-09-29T00:00:00.000Z,2023-09-30T00:00:00.000Z,options_chain,BTC,USD,BTC,BTC-29SEP23-60000-C,btc-29sep23-60000-c,True,60000,CALL,2023-09-29T08:00:00Z,,,BTC-USD,,,,,,,
DERIBIT:OPTION:BTC-USD-230929-18000-PUT,DERIBIT,OPTION,BTC-USD-230929-18000-PUT,exchange,deribit,tardis,crypto,2022-09-29T00:00:00.000Z,2023-09-30T00:00:00.000Z,options_chain,BTC,USD,BTC,BTC-29SEP23-18000-P,btc-29sep23-18000-p,True,18000,PUT,2023-09-29T08:00:00Z,,,BTC-USD,,,,,,,
DERIBIT:OPTION:BTC-USD-230929-19000-PUT,DERIBIT,OPTION,BTC-USD-230929-19000-PUT,exchange,deribit,tardis,crypto,2022-09-29T00:00:00.000Z,2023-09-30T00:00:00.000Z,options_chain,BTC,USD,BTC,BTC-29SEP23-19000-P,btc-29sep23-19000-p,True,19000,PUT,2023-09-29T08:00:00Z,,,BTC-USD,,,,,,,
DERIBIT:OPTION:BTC-USD-230929-19000-CALL,DERIBIT,OPTION,BTC-USD-230929-19000-CALL,exchange,deribit,tardis,crypto,2022-09-29T00:00:00.000Z,2023-09-30T00:00:00.000Z,options_chain,BTC,USD,BTC,BTC-29SEP23-19000-C,btc-29sep23-19000-c,True,19000,CALL,2023-09-29T08:00:00Z,,,BTC-USD,,,,,,,
DERIBIT:OPTION:BTC-USD-230929-80000-CALL,DERIBIT,OPTION,BTC-USD-230929-80000-CALL,exchange,deribit,tardis,crypto,2022-09-29T00:00:00.000Z,2023-09-30T00:00:00.000Z,options_chain,BTC,USD,BTC,BTC-29SEP23-80000-C,btc-29sep23-80000-c,True,80000,CALL,2023-09-29T08:00:00Z,,,BTC-USD,,,,,,,
DERIBIT:OPTION:BTC-USD-230929-35000-CALL,DERIBIT,OPTION,BTC-USD-230929-35000-CALL,exchange,deribit,tardis,crypto,2022-09-29T00:00:00.000Z,2023-09-30T00:00:00.000Z,options_chain,BTC,USD,BTC,BTC-29SEP23-35000-C,btc-29sep23-35000-c,True,35000,CALL,2023-09-29T08:00:00Z,,,BTC-USD,,,,,,,
DERIBIT:OPTION:BTC-USD-230929-13000-PUT,DERIBIT,OPTION,BTC-USD-230929-13000-PUT,exchange,deribit,tardis,crypto,2022-09-29T00:00:00.000Z,2023-09-30T00:00:00.000Z,options_chain,BTC,USD,BTC,BTC-29SEP23-13000-P,btc-29sep23-13000-p,True,13000,PUT,2023-09-29T08:00:00Z,,,BTC-USD,,,,,,,
DERIBIT:OPTION:BTC-USD-230929-14000-PUT,DERIBIT,OPTION,BTC-USD-230929-14000-PUT,exchange,deribit,tardis,crypto,2022-09-29T00:00:00.000Z,2023-09-30T00:00:00.000Z,options_chain,BTC,USD,BTC,BTC-29SEP23-14000-P,btc-29sep23-14000-p,True,14000,PUT,2023-09-29T08:00:00Z,,,BTC-USD,,,,,,,
DERIBIT:OPTION:BTC-USD-230929-22000-PUT,DERIBIT,OPTION,BTC-USD-230929-22000-PUT,exchange,deribit,tardis,crypto,2022-09-29T00:00:00.000Z,2023-09-30T00:00:00.000Z,options_chain,BTC,USD,BTC,BTC-29SEP23-22000-P,btc-29sep23-22000-p,True,22000,PUT,2023-09-29T08:00:00Z,,,BTC-USD,,,,,,,
DERIBIT:OPTION:BTC-USD-230929-21000-PUT,DERIBIT,OPTION,BTC-USD-230929-21000-PUT,exchange,deribit,tardis,crypto,2022-09-29T00:00:00.000Z,2023-09-30T00:00:00.000Z,options_chain,BTC,USD,BTC,BTC-29SEP23-21000-P,btc-29sep23-21000-p,True,21000,PUT,2023-09-29T08:00:00Z,,,BTC-USD,,,,,,,
DERIBIT:OPTION:BTC-USD-230929-40000-CALL,DERIBIT,OPTION,BTC-USD-230929-40000-CALL,exchange,deribit,tardis,crypto,2022-09-29T00:00:00.000Z,2023-09-30T00:00:00.000Z,options_chain,BTC,USD,BTC,BTC-29SEP23-40000-C,btc-29sep23-40000-c,True,40000,CALL,2023-09-29T08:00:00Z,,,BTC-USD,,,,,,,
DERIBIT:OPTION:BTC-USD-230929-23000-CALL,DERIBIT,OPTION,BTC-USD-230929-23000-CALL,exchange,deribit,tardis,crypto,2022-09-29T00:00:00.000Z,2023-09-30T00:00:00.000Z,options_chain,BTC,USD,BTC,BTC-29SEP23-23000-C,btc-29sep23-23000-c,True,23000,CALL,2023-09-29T08:00:00Z,,,BTC-USD,,,,,,,
DERIBIT:OPTION:BTC-USD-230929-15000-PUT,DERIBIT,OPTION,BTC-USD-230929-15000-PUT,exchange,deribit,tardis,crypto,2022-09-29T00:00:00.000Z,2023-09-30T00:00:00.000Z,options_chain,BTC,USD,BTC,BTC-29SEP23-15000-P,btc-29sep23-15000-p,True,15000,PUT,2023-09-29T08:00:00Z,,,BTC-USD,,,,,,,
DERIBIT:OPTION:BTC-USD-230929-30000-CALL,DERIBIT,OPTION,BTC-USD-230929-30000-CALL,exchange,deribit,tardis,crypto,2022-09-29T00:00:00.000Z,2023-09-30T00:00:00.000Z,options_chain,BTC,USD,BTC,BTC-29SEP23-30000-C,btc-29sep23-30000-c,True,30000,CALL,2023-09-29T08:00:00Z,,,BTC-USD,,,,,,,
DERIBIT:OPTION:BTC-USD-230929-16000-PUT,DERIBIT,OPTION,BTC-USD-230929-16000-PUT,exchange,deribit,tardis,crypto,2022-09-29T00:00:00.000Z,2023-09-30T00:00:00.000Z,options_chain,BTC,USD,BTC,BTC-29SEP23-16000-P,btc-29sep23-16000-p,True,16000,PUT,2023-09-29T08:00:00Z,,,BTC-USD,,,,,,,
DERIBIT:OPTION:BTC-USD-230929-5000-PUT,DERIBIT,OPTION,BTC-USD-230929-5000-PUT,exchange,deribit,tardis,crypto,2022-09-29T00:00:00.000Z,2023-09-30T00:00:00.000Z,options_chain,BTC,USD,BTC,BTC-29SEP23-5000-P,btc-29sep23-5000-p,True,5000,PUT,2023-09-29T08:00:00Z,,,BTC-USD,,,,,,,
DERIBIT:OPTION:BTC-USD-230929-10000-PUT,DERIBIT,OPTION,BTC-USD-230929-10000-PUT,exchange,deribit,tardis,crypto,2022-09-29T00:00:00.000Z,2023-09-30T00:00:00.000Z,options_chain,BTC,USD,BTC,BTC-29SEP23-10000-P,btc-29sep23-10000-p,True,10000,PUT,2023-09-29T08:00:00Z,,,BTC-USD,,,,,,,
DERIBIT:OPTION:BTC-USD-230929-17000-PUT,DERIBIT,OPTION,BTC-USD-230929-17000-PUT,exchange,deribit,tardis,crypto,2022-09-29T00:00:00.000Z,2023-09-30T00:00:00.000Z,options_chain,BTC,USD,BTC,BTC-29SEP23-17000-P,btc-29sep23-17000-p,True,17000,PUT,2023-09-29T08:00:00Z,,,BTC-USD,,,,,,,
DERIBIT:OPTION:BTC-USD-230929-16000-CALL,DERIBIT,OPTION,BTC-USD-230929-16000-CALL,exchange,deribit,tardis,crypto,2022-09-29T00:00:00.000Z,2023-09-30T00:00:00.000Z,options_chain,BTC,USD,BTC,BTC-29SEP23-16000-C,btc-29sep23-16000-c,True,16000,CALL,2023-09-29T08:00:00Z,,,BTC-USD,,,,,,,
DERIBIT:OPTION:BTC-USD-230929-20000-CALL,DERIBIT,OPTION,BTC-USD-230929-20000-CALL,exchange,deribit,tardis,crypto,2022-09-29T00:00:00.000Z,2023-09-30T00:00:00.000Z,options_chain,BTC,USD,BTC,BTC-29SEP23-20000-C,btc-29sep23-20000-c,True,20000,CALL,2023-09-29T08:00:00Z,,,BTC-USD,,,,,,,
DERIBIT:OPTION:BTC-USD-230929-15000-CALL,DERIBIT,OPTION,BTC-USD-230929-15000-CALL,exchange,deribit,tardis,crypto,2022-09-29T00:00:00.000Z,2023-09-30T00:00:00.000Z,options_chain,BTC,USD,BTC,BTC-29SEP23-15000-C,btc-29sep23-15000-c,True,15000,CALL,2023-09-29T08:00:00Z,,,BTC-USD,,,,,,,
DERIBIT:OPTION:BTC-USD-230929-30000-PUT,DERIBIT,OPTION,BTC-USD-230929-30000-PUT,exchange,deribit,tardis,crypto,2022-09-29T00:00:00.000Z,2023-09-30T00:00:00.000Z,options_chain,BTC,USD,BTC,BTC-29SEP23-30000-P,btc-29sep23-30000-p,True,30000,PUT,2023-09-29T08:00:00Z,,,BTC-USD,,,,,,,
DERIBIT:OPTION:BTC-USD-230929-18000-CALL,DERIBIT,OPTION,BTC-USD-230929-18000-CALL,exchange,deribit,tardis,crypto,2022-09-29T00:00:00.000Z,2023-09-30T00:00:00.000Z,options_chain,BTC,USD,BTC,BTC-29SEP23-18000-C,btc-29sep23-18000-c,True,18000,CALL,2023-09-29T08:00:00Z,,,BTC-USD,,,,,,,
DERIBIT:OPTION:BTC-USD-230929-25000-PUT,DERIBIT,OPTION,BTC-USD-230929-25000-PUT,exchange,deribit,tardis,crypto,2022-09-29T00:00:00.000Z,2023-09-30T00:00:00.000Z,options_chain,BTC,USD,BTC,BTC-29SEP23-25000-P,btc-29sep23-25000-p,True,25000,PUT,2023-09-29T08:00:00Z,,,BTC-USD,,,,,,,
DERIBIT:OPTION:BTC-USD-230929-17000-CALL,DERIBIT,OPTION,BTC-USD-230929-17000-CALL,exchange,deribit,tardis,crypto,2022-09-29T00:00:00.000Z,2023-09-30T00:00:00.000Z,options_chain,BTC,USD,BTC,BTC-29SEP23-17000-C,btc-29sep23-17000-c,True,17000,CALL,2023-09-29T08:00:00Z,,,BTC-USD,,,,,,,
DERIBIT:OPTION:BTC-USD-230929-13000-CALL,DERIBIT,OPTION,BTC-USD-230929-13000-CALL,exchange,deribit,tardis,crypto,2022-09-29T00:00:00.000Z,2023-09-30T00:00:00.000Z,options_chain,BTC,USD,BTC,BTC-29SEP23-13000-C,btc-29sep23-13000-c,True,13000,CALL,2023-09-29T08:00:00Z,,,BTC-USD,,,,,,,
DERIBIT:OPTION:BTC-USD-230929-35000-PUT,DERIBIT,OPTION,BTC-USD-230929-35000-PUT,exchange,deribit,tardis,crypto,2022-09-29T00:00:00.000Z,2023-09-30T00:00:00.000Z,options_chain,BTC,USD,BTC,BTC-29SEP23-35000-P,btc-29sep23-35000-p,True,35000,PUT,2023-09-29T08:00:00Z,,,BTC-USD,,,,,,,
DERIBIT:OPTION:BTC-USD-230929-22000-CALL,DERIBIT,OPTION,BTC-USD-230929-22000-CALL,exchange,deribit,tardis,crypto,2022-09-29T00:00:00.000Z,2023-09-30T00:00:00.000Z,options_chain,BTC,USD,BTC,BTC-29SEP23-22000-C,btc-29sep23-22000-c,True,22000,CALL,2023-09-29T08:00:00Z,,,BTC-USD,,,,,,,
DERIBIT:OPTION:BTC-USD-230929-10000-CALL,DERIBIT,OPTION,BTC-USD-230929-10000-CALL,exchange,deribit,tardis,crypto,2022-09-29T00:00:00.000Z,2023-09-30T00:00:00.000Z,options_chain,BTC,USD,BTC,BTC-29SEP23-10000-C,btc-29sep23-10000-c,True,10000,CALL,2023-09-29T08:00:00Z,,,BTC-USD,,,,,,,
DERIBIT:OPTION:BTC-USD-230929-20000-PUT,DERIBIT,OPTION,BTC-USD-230929-20000-PUT,exchange,deribit,tardis,crypto,2022-09-29T00:00:00.000Z,2023-09-30T00:00:00.000Z,options_chain,BTC,USD,BTC,BTC-29SEP23-20000-P,btc-29sep23-20000-p,True,20000,PUT,2023-09-29T08:00:00Z,,,BTC-USD,,,,,,,
DERIBIT:OPTION:BTC-USD-230929-14000-CALL,DERIBIT,OPTION,BTC-USD-230929-14000-CALL,exchange,deribit,tardis,crypto,2022-09-29T00:00:00.000Z,2023-09-30T00:00:00.000Z,options_chain,BTC,USD,BTC,BTC-29SEP23-14000-C,btc-29sep23-14000-c,True,14000,CALL,2023-09-29T08:00:00Z,,,BTC-USD,,,,,,,
DERIBIT:OPTION:BTC-USD-230929-23000-PUT,DERIBIT,OPTION,BTC-USD-230929-23000-PUT,exchange,deribit,tardis,crypto,2022-09-29T00:00:00.000Z,2023-09-30T00:00:00.000Z,options_chain,BTC,USD,BTC,BTC-29SEP23-23000-P,btc-29sep23-23000-p,True,23000,PUT,2023-09-29T08:00:00Z,,,BTC-USD,,,,,,,
DERIBIT:OPTION:BTC-USD-230929-40000-PUT,DERIBIT,OPTION,BTC-USD-230929-40000-PUT,exchange,deribit,tardis,crypto,2022-09-29T00:00:00.000Z,2023-09-30T00:00:00.000Z,options_chain,BTC,USD,BTC,BTC-29SEP23-40000-P,btc-29sep23-40000-p,True,40000,PUT,2023-09-29T08:00:00Z,,,BTC-USD,,,,,,,
DERIBIT:OPTION:BTC-USD-230929-21000-CALL,DERIBIT,OPTION,BTC-USD-230929-21000-CALL,exchange,deribit,tardis,crypto,2022-09-29T00:00:00.000Z,2023-09-30T00:00:00.000Z,options_chain,BTC,USD,BTC,BTC-29SEP23-21000-C,btc-29sep23-21000-c,True,21000,CALL,2023-09-29T08:00:00Z,,,BTC-USD,,,,,,,
DERIBIT:OPTION:BTC-USD-230929-5000-CALL,DERIBIT,OPTION,BTC-USD-230929-5000-CALL,exchange,deribit,tardis,crypto,2022-09-29T00:00:00.000Z,2023-09-30T00:00:00.000Z,options_chain,BTC,USD,BTC,BTC-29SEP23-5000-C,btc-29sep23-5000-c,True,5000,CALL,2023-09-29T08:00:00Z,,,BTC-USD,,,,,,,
DERIBIT:OPTION:BTC-USD-230929-60000-PUT,DERIBIT,OPTION,BTC-USD-230929-60000-PUT,exchange,deribit,tardis,crypto,2022-09-29T00:00:00.000Z,2023-09-30T00:00:00.000Z,options_chain,BTC,USD,BTC,BTC-29SEP23-60000-P,btc-29sep23-60000-p,True,60000,PUT,2023-09-29T08:00:00Z,,,BTC-USD,,,,,,,
DERIBIT:OPTION:BTC-USD-230929-24000-CALL,DERIBIT,OPTION,BTC-USD-230929-24000-CALL,exchange,deribit,tardis,crypto,2022-09-30T00:00:00.000Z,2023-09-30T00:00:00.000Z,options_chain,BTC,USD,BTC,BTC-29SEP23-24000-C,btc-29sep23-24000-c,True,24000,CALL,2023-09-29T08:00:00Z,,,BTC-USD,,,,,,,
DERIBIT:OPTION:BTC-USD-230929-24000-PUT,DERIBIT,OPTION,BTC-USD-230929-24000-PUT,exchange,deribit,tardis,crypto,2022-09-30T00:00:00.000Z,2023-09-30T00:00:00.000Z,options_chain,BTC,USD,BTC,BTC-29SEP23-24000-P,btc-29sep23-24000-p,True,24000,PUT,2023-09-29T08:00:00Z,,,BTC-USD,,,,,,,
DERIBIT:OPTION:BTC-USD-230929-80000-PUT,DERIBIT,OPTION,BTC-USD-230929-80000-PUT,exchange,deribit,tardis,crypto,2022-10-04T00:00:00.000Z,2023-09-30T00:00:00.000Z,options_chain,BTC,USD,BTC,BTC-29SEP23-80000-P,btc-29sep23-80000-p,True,80000,PUT,2023-09-29T08:00:00Z,,,BTC-USD,,,,,,,
DERIBIT:OPTION:BTC-USD-230929-45000-CALL,DERIBIT,OPTION,BTC-USD-230929-45000-CALL,exchange,deribit,tardis,crypto,2022-10-26T00:00:00.000Z,2023-09-30T00:00:00.000Z,options_chain,BTC,USD,BTC,BTC-29SEP23-45000-C,btc-29sep23-45000-c,True,45000,CALL,2023-09-29T08:00:00Z,,,BTC-USD,,,,,,,
DERIBIT:OPTION:BTC-USD-230929-45000-PUT,DERIBIT,OPTION,BTC-USD-230929-45000-PUT,exchange,deribit,tardis,crypto,2022-11-07T00:00:00.000Z,2023-09-30T00:00:00.000Z,options_chain,BTC,USD,BTC,BTC-29SEP23-45000-P,btc-29sep23-45000-p,True,45000,PUT,2023-09-29T08:00:00Z,,,BTC-USD,,,,,,,
DERIBIT:OPTION:BTC-USD-230929-12000-PUT,DERIBIT,OPTION,BTC-USD-230929-12000-PUT,exchange,deribit,tardis,crypto,2022-11-09T00:00:00.000Z,2023-09-30T00:00:00.000Z,options_chain,BTC,USD,BTC,BTC-29SEP23-12000-P,btc-29sep23-12000-p,True,12000,PUT,2023-09-29T08:00:00Z,,,BTC-USD,,,,,,,
DERIBIT:OPTION:BTC-USD-230929-11000-PUT,DERIBIT,OPTION,BTC-USD-230929-11000-PUT,exchange,deribit,tardis,crypto,2022-11-09T00:00:00.000Z,2023-09-30T00:00:00.000Z,options_chain,BTC,USD,BTC,BTC-29SEP23-11000-P,btc-29sep23-11000-p,True,11000,PUT,2023-09-29T08:00:00Z,,,BTC-USD,,,,,,,
DERIBIT:OPTION:BTC-USD-230929-12000-CALL,DERIBIT,OPTION,BTC-USD-230929-12000-CALL,exchange,deribit,tardis,crypto,2022-11-09T00:00:00.000Z,2023-09-30T00:00:00.000Z,options_chain,BTC,USD,BTC,BTC-29SEP23-12000-C,btc-29sep23-12000-c,True,12000,CALL,2023-09-29T08:00:00Z,,,BTC-USD,,,,,,,
DERIBIT:OPTION:BTC-USD-230929-11000-CALL,DERIBIT,OPTION,BTC-USD-230929-11000-CALL,exchange,deribit,tardis,crypto,2022-11-10T00:00:00.000Z,2023-09-30T00:00:00.000Z,options_chain,BTC,USD,BTC,BTC-29SEP23-11000-C,btc-29sep23-11000-c,True,11000,CALL,2023-09-29T08:00:00Z,,,BTC-USD,,,,,,,
DERIBIT:OPTION:BTC-USD-230929-8000-PUT,DERIBIT,OPTION,BTC-USD-230929-8000-PUT,exchange,deribit,tardis,crypto,2022-11-17T00:00:00.000Z,2023-09-30T00:00:00.000Z,options_chain,BTC,USD,BTC,BTC-29SEP23-8000-P,btc-29sep23-8000-p,True,8000,PUT,2023-09-29T08:00:00Z,,,BTC-USD,,,,,,,
DERIBIT:OPTION:BTC-USD-230929-8000-CALL,DERIBIT,OPTION,BTC-USD-230929-8000-CALL,exchange,deribit,tardis,crypto,2022-11-17T00:00:00.000Z,2023-09-30T00:00:00.000Z,options_chain,BTC,USD,BTC,BTC-29SEP23-8000-C,btc-29sep23-8000-c,True,8000,CALL,2023-09-29T08:00:00Z,,,BTC-USD,,,,,,,
DERIBIT:OPTION:BTC-USD-230929-50000-CALL,DERIBIT,OPTION,BTC-USD-230929-50000-CALL,exchange,deribit,tardis,crypto,2023-01-13T00:00:00.000Z,2023-09-30T00:00:00.000Z,options_chain,BTC,USD,BTC,BTC-29SEP23-50000-C,btc-29sep23-50000-c,True,50000,CALL,2023-09-29T08:00:00Z,,,BTC-USD,,,,,,,
DERIBIT:OPTION:BTC-USD-230929-55000-CALL,DERIBIT,OPTION,BTC-USD-230929-55000-CALL,exchange,deribit,tardis,crypto,2023-01-14T00:00:00.000Z,2023-09-30T00:00:00.000Z,options_chain,BTC,USD,BTC,BTC-29SEP23-55000-C,btc-29sep23-55000-c,True,55000,CALL,2023-09-29T08:00:00Z,,,BTC-USD,,,,,,,
DERIBIT:OPTION:BTC-USD-230929-26000-CALL,DERIBIT,OPTION,BTC-USD-230929-26000-CALL,exchange,deribit,tardis,crypto,2023-01-21T00:00:00.000Z,2023-09-30T00:00:00.000Z,options_chain,BTC,USD,BTC,BTC-29SEP23-26000-C,btc-29sep23-26000-c,True,26000,CALL,2023-09-29T08:00:00Z,,,BTC-USD,,,,,,,
DERIBIT:OPTION:BTC-USD-230929-27000-CALL,DERIBIT,OPTION,BTC-USD-230929-27000-CALL,exchange,deribit,tardis,crypto,2023-01-21T00:00:00.000Z,2023-09-30T00:00:00.000Z,options_chain,BTC,USD,BTC,BTC-29SEP23-27000-C,btc-29sep23-27000-c,True,27000,CALL,2023-09-29T08:00:00Z,,,BTC-USD,,,,,,,
DERIBIT:OPTION:BTC-USD-230929-26000-PUT,DERIBIT,OPTION,BTC-USD-230929-26000-PUT,exchange,deribit,tardis,crypto,2023-01-21T00:00:00.000Z,2023-09-30T00:00:00.000Z,options_chain,BTC,USD,BTC,BTC-29SEP23-26000-P,btc-29sep23-26000-p,True,26000,PUT,2023-09-29T08:00:00Z,,,BTC-USD,,,,,,,
DERIBIT:OPTION:BTC-USD-230929-27000-PUT,DERIBIT,OPTION,BTC-USD-230929-27000-PUT,exchange,deribit,tardis,crypto,2023-01-22T00:00:00.000Z,2023-09-30T00:00:00.000Z,options_chain,BTC,USD,BTC,BTC-29SEP23-27000-P,btc-29sep23-27000-p,True,27000,PUT,2023-09-29T08:00:00Z,,,BTC-USD,,,,,,,
DERIBIT:OPTION:BTC-USD-230929-28000-CALL,DERIBIT,OPTION,BTC-USD-230929-28000-CALL,exchange,deribit,tardis,crypto,2023-01-29T00:00:00.000Z,2023-09-30T00:00:00.000Z,options_chain,BTC,USD,BTC,BTC-29SEP23-28000-C,btc-29sep23-28000-c,True,28000,CALL,2023-09-29T08:00:00Z,,,BTC-USD,,,,,,,
DERIBIT:OPTION:BTC-USD-230929-28000-PUT,DERIBIT,OPTION,BTC-USD-230929-28000-PUT,exchange,deribit,tardis,crypto,2023-01-29T00:00:00.000Z,2023-09-30T00:00:00.000Z,options_chain,BTC,USD,BTC,BTC-29SEP23-28000-P,btc-29sep23-28000-p,True,28000,PUT,2023-09-29T08:00:00Z,,,BTC-USD,,,,,,,
DERIBIT:OPTION:BTC-USD-230929-55000-PUT,DERIBIT,OPTION,BTC-USD-230929-55000-PUT,exchange,deribit,tardis,crypto,2023-02-01T00:00:00.000Z,2023-09-30T00:00:00.000Z,options_chain,BTC,USD,BTC,BTC-29SEP23-55000-P,btc-29sep23-55000-p,True,55000,PUT,2023-09-29T08:00:00Z,,,BTC-USD,,,,,,,
DERIBIT:OPTION:BTC-USD-230929-50000-PUT,DERIBIT,OPTION,BTC-USD-230929-50000-PUT,exchange,deribit,tardis,crypto,2023-02-01T00:00:00.000Z,2023-09-30T00:00:00.000Z,options_chain,BTC,USD,BTC,BTC-29SEP23-50000-P,btc-29sep23-50000-p,True,50000,PUT,2023-09-29T08:00:00Z,,,BTC-USD,,,,,,,
DERIBIT:OPTION:BTC-USD-230929-29000-CALL,DERIBIT,OPTION,BTC-USD-230929-29000-CALL,exchange,deribit,tardis,crypto,2023-02-16T00:00:00.000Z,2023-09-30T00:00:00.000Z,options_chain,BTC,USD,BTC,BTC-29SEP23-29000-C,btc-29sep23-29000-c,True,29000,CALL,2023-09-29T08:00:00Z,,,BTC-USD,,,,,,,
DERIBIT:OPTION:BTC-USD-230929-29000-PUT,DERIBIT,OPTION,BTC-USD-230929-29000-PUT,exchange,deribit,tardis,crypto,2023-02-16T00:00:00.000Z,2023-09-30T00:00:00.000Z,options_chain,BTC,USD,BTC,BTC-29SEP23-29000-P,btc-29sep23-29000-p,True,29000,PUT,2023-09-29T08:00:00Z,,,BTC-USD,,,,,,,
DERIBIT:OPTION:BTC-USD-230929-65000-CALL,DERIBIT,OPTION,BTC-USD-230929-65000-CALL,exchange,deribit,tardis,crypto,2023-03-14T00:00:00.000Z,2023-09-30T00:00:00.000Z,options_chain,BTC,USD,BTC,BTC-29SEP23-65000-C,btc-29sep23-65000-c,True,65000,CALL,2023-09-29T08:00:00Z,,,BTC-USD,,,,,,,
DERIBIT:OPTION:BTC-USD-230929-31000-CALL,DERIBIT,OPTION,BTC-USD-230929-31000-CALL,exchange,deribit,tardis,crypto,2023-03-17T00:00:00.000Z,2023-09-30T00:00:00.000Z,options_chain,BTC,USD,BTC,BTC-29SEP23-31000-C,btc-29sep23-31000-c,True,31000,CALL,2023-09-29T08:00:00Z,,,BTC-USD,,,,,,,
DERIBIT:OPTION:BTC-USD-230929-31000-PUT,DERIBIT,OPTION,BTC-USD-230929-31000-PUT,exchange,deribit,tardis,crypto,2023-03-18T00:00:00.000Z,2023-09-30T00:00:00.000Z,options_chain,BTC,USD,BTC,BTC-29SEP23-31000-P,btc-29sep23-31000-p,True,31000,PUT,2023-09-29T08:00:00Z,,,BTC-USD,,,,,,,
DERIBIT:OPTION:BTC-USD-230929-32000-CALL,DERIBIT,OPTION,BTC-USD-230929-32000-CALL,exchange,deribit,tardis,crypto,2023-03-18T00:00:00.000Z,2023-09-30T00:00:00.000Z,options_chain,BTC,USD,BTC,BTC-29SEP23-32000-C,btc-29sep23-32000-c,True,32000,CALL,2023-09-29T08:00:00Z,,,BTC-USD,,,,,,,
DERIBIT:OPTION:BTC-USD-230929-32000-PUT,DERIBIT,OPTION,BTC-USD-230929-32000-PUT,exchange,deribit,tardis,crypto,2023-03-18T00:00:00.000Z,2023-09-30T00:00:00.000Z,options_chain,BTC,USD,BTC,BTC-29SEP23-32000-P,btc-29sep23-32000-p,True,32000,PUT,2023-09-29T08:00:00Z,,,BTC-USD,,,,,,,
DERIBIT:OPTION:BTC-USD-230929-70000-CALL,DERIBIT,OPTION,BTC-USD-230929-70000-CALL,exchange,deribit,tardis,crypto,2023-03-19T00:00:00.000Z,2023-09-30T00:00:00.000Z,options_chain,BTC,USD,BTC,BTC-29SEP23-70000-C,btc-29sep23-70000-c,True,70000,CALL,2023-09-29T08:00:00Z,,,BTC-USD,,,,,,,
DERIBIT:OPTION:BTC-USD-230929-33000-CALL,DERIBIT,OPTION,BTC-USD-230929-33000-CALL,exchange,deribit,tardis,crypto,2023-03-22T00:00:00.000Z,2023-09-30T00:00:00.000Z,options_chain,BTC,USD,BTC,BTC-29SEP23-33000-C,btc-29sep23-33000-c,True,33000,CALL,2023-09-29T08:00:00Z,,,BTC-USD,,,,,,,
DERIBIT:OPTION:BTC-USD-230929-33000-PUT,DERIBIT,OPTION,BTC-USD-230929-33000-PUT,exchange,deribit,tardis,crypto,2023-03-22T00:00:00.000Z,2023-09-30T00:00:00.000Z,options_chain,BTC,USD,BTC,BTC-29SEP23-33000-P,btc-29sep23-33000-p,True,33000,PUT,2023-09-29T08:00:00Z,,,BTC-USD,,,,,,,
DERIBIT:OPTION:BTC-USD-230929-70000-PUT,DERIBIT,OPTION,BTC-USD-230929-70000-PUT,exchange,deribit,tardis,crypto,2023-03-24T00:00:00.000Z,2023-09-30T00:00:00.000Z,options_chain,BTC,USD,BTC,BTC-29SEP23-70000-P,btc-29sep23-70000-p,True,70000,PUT,2023-09-29T08:00:00Z,,,BTC-USD,,,,,,,
DERIBIT:OPTION:BTC-USD-230929-65000-PUT,DERIBIT,OPTION,BTC-USD-230929-65000-PUT,exchange,deribit,tardis,crypto,2023-03-24T00:00:00.000Z,2023-09-30T00:00:00.000Z,options_chain,BTC,USD,BTC,BTC-29SEP23-65000-P,btc-29sep23-65000-p,True,65000,PUT,2023-09-29T08:00:00Z,,,BTC-USD,,,,,,,
DERIBIT:OPTION:BTC-USD-230929-34000-CALL,DERIBIT,OPTION,BTC-USD-230929-34000-CALL,exchange,deribit,tardis,crypto,2023-03-29T00:00:00.000Z,2023-09-30T00:00:00.000Z,options_chain,BTC,USD,BTC,BTC-29SEP23-34000-C,btc-29sep23-34000-c,True,34000,CALL,2023-09-29T08:00:00Z,,,BTC-USD,,,,,,,
DERIBIT:OPTION:BTC-USD-230929-34000-PUT,DERIBIT,OPTION,BTC-USD-230929-34000-PUT,exchange,deribit,tardis,crypto,2023-03-29T00:00:00.000Z,2023-09-30T00:00:00.000Z,options_chain,BTC,USD,BTC,BTC-29SEP23-34000-P,btc-29sep23-34000-p,True,34000,PUT,2023-09-29T08:00:00Z,,,BTC-USD,,,,,,,
DERIBIT:OPTION:BTC-USD-230929-36000-CALL,DERIBIT,OPTION,BTC-USD-230929-36000-CALL,exchange,deribit,tardis,crypto,2023-03-29T00:00:00.000Z,2023-09-30T00:00:00.000Z,options_chain,BTC,USD,BTC,BTC-29SEP23-36000-C,btc-29sep23-36000-c,True,36000,CALL,2023-09-29T08:00:00Z,,,BTC-USD,,,,,,,
DERIBIT:OPTION:BTC-USD-230929-38000-CALL,DERIBIT,OPTION,BTC-USD-230929-38000-CALL,exchange,deribit,tardis,crypto,2023-03-29T00:00:00.000Z,2023-09-30T00:00:00.000Z,options_chain,BTC,USD,BTC,BTC-29SEP23-38000-C,btc-29sep23-38000-c,True,38000,CALL,2023-09-29T08:00:00Z,,,BTC-USD,,,,,,,
DERIBIT:OPTION:BTC-USD-230929-36000-PUT,DERIBIT,OPTION,BTC-USD-230929-36000-PUT,exchange,deribit,tardis,crypto,2023-03-29T00:00:00.000Z,2023-09-30T00:00:00.000Z,options_chain,BTC,USD,BTC,BTC-29SEP23-36000-P,btc-29sep23-36000-p,True,36000,PUT,2023-09-29T08:00:00Z,,,BTC-USD,,,,,,,
DERIBIT:OPTION:BTC-USD-230929-38000-PUT,DERIBIT,OPTION,BTC-USD-230929-38000-PUT,exchange,deribit,tardis,crypto,2023-03-29T00:00:00.000Z,2023-09-30T00:00:00.000Z,options_chain,BTC,USD,BTC,BTC-29SEP23-38000-P,btc-29sep23-38000-p,True,38000,PUT,2023-09-29T08:00:00Z,,,BTC-USD,,,,,,,
DERIBIT:OPTION:BTC-USD-230929-37000-CALL,DERIBIT,OPTION,BTC-USD-230929-37000-CALL,exchange,deribit,tardis,crypto,2023-04-11T00:00:00.000Z,2023-09-30T00:00:00.000Z,options_chain,BTC,USD,BTC,BTC-29SEP23-37000-C,btc-29sep23-37000-c,True,37000,CALL,2023-09-29T08:00:00Z,,,BTC-USD,,,,,,,
DERIBIT:OPTION:BTC-USD-230929-37000-PUT,DERIBIT,OPTION,BTC-USD-230929-37000-PUT,exchange,deribit,tardis,crypto,2023-04-11T00:00:00.000Z,2023-09-30T00:00:00.000Z,options_chain,BTC,USD,BTC,BTC-29SEP23-37000-P,btc-29sep23-37000-p,True,37000,PUT,2023-09-29T08:00:00Z,,,BTC-USD,,,,,,,
DERIBIT:OPTION:BTC-USD-230728-34000-CALL,DERIBIT,OPTION,BTC-USD-230728-34000-CALL,exchange,deribit,tardis,crypto,2023-04-27T00:00:00.000Z,2023-07-29T00:00:00.000Z,options_chain,BTC,USD,BTC,BTC-28JUL23-34000-C,btc-28jul23-34000-c,True,34000,CALL,2023-07-28T08:00:00Z,,,BTC-USD,,,,,,,
DERIBIT:OPTION:BTC-USD-230728-27000-PUT,DERIBIT,OPTION,BTC-USD-230728-27000-PUT,exchange,deribit,tardis,crypto,2023-04-27T00:00:00.000Z,2023-07-29T00:00:00.000Z,options_chain,BTC,USD,BTC,BTC-28JUL23-27000-P,btc-28jul23-27000-p,True,27000,PUT,2023-07-28T08:00:00Z,,,BTC-USD,,,,,,,
DERIBIT:OPTION:BTC-USD-230728-38000-CALL,DERIBIT,OPTION,BTC-USD-230728-38000-CALL,exchange,deribit,tardis,crypto,2023-04-27T00:00:00.000Z,2023-07-29T00:00:00.000Z,options_chain,BTC,USD,BTC,BTC-28JUL23-38000-C,btc-28jul23-38000-c,True,38000,CALL,2023-07-28T08:00:00Z,,,BTC-USD,,,,,,,
DERIBIT:OPTION:BTC-USD-230728-40000-CALL,DERIBIT,OPTION,BTC-USD-230728-40000-CALL,exchange,deribit,tardis,crypto,2023-04-27T00:00:00.000Z,2023-07-29T00:00:00.000Z,options_chain,BTC,USD,BTC,BTC-28JUL23-40000-C,btc-28jul23-40000-c,True,40000,CALL,2023-07-28T08:00:00Z,,,BTC-USD,,,,,,,
DERIBIT:OPTION:BTC-USD-230728-30000-CALL,DERIBIT,OPTION,BTC-USD-230728-30000-CALL,exchange,deribit,tardis,crypto,2023-04-27T00:00:00.000Z,2023-07-29T00:00:00.000Z,options_chain,BTC,USD,BTC,BTC-28JUL23-30000-C,btc-28jul23-30000-c,True,30000,CALL,2023-07-28T08:00:00Z,,,BTC-USD,,,,,,,
DERIBIT:OPTION:BTC-USD-230728-25000-PUT,DERIBIT,OPTION,BTC-USD-230728-25000-PUT,exchange,deribit,tardis,crypto,2023-04-27T00:00:00.000Z,2023-07-29T00:00:00.000Z,options_chain,BTC,USD,BTC,BTC-28JUL23-25000-P,btc-28jul23-25000-p,True,25000,PUT,2023-07-28T08:00:00Z,,,BTC-USD,,,,,,,
DERIBIT:OPTION:BTC-USD-230728-33000-CALL,DERIBIT,OPTION,BTC-USD-230728-33000-CALL,exchange,deribit,tardis,crypto,2023-04-27T00:00:00.000Z,2023-07-29T00:00:00.000Z,options_chain,BTC,USD,BTC,BTC-28JUL23-33000-C,btc-28jul23-33000-c,True,33000,CALL,2023-07-28T08:00:00Z,,,BTC-USD,,,,,,,
DERIBIT:OPTION:BTC-USD-230728-32000-CALL,DERIBIT,OPTION,BTC-USD-230728-32000-CALL,exchange,deribit,tardis,crypto,2023-04-27T00:00:00.000Z,2023-07-29T00:00:00.000Z,options_chain,BTC,USD,BTC,BTC-28JUL23-32000-C,btc-28jul23-32000-c,True,32000,CALL,2023-07-28T08:00:00Z,,,BTC-USD,,,,,,,
DERIBIT:OPTION:BTC-USD-230728-29000-PUT,DERIBIT,OPTION,BTC-USD-230728-29000-PUT,exchange,deribit,tardis,crypto,2023-04-27T00:00:00.000Z,2023-07-29T00:00:00.000Z,options_chain,BTC,USD,BTC,BTC-28JUL23-29000-P,btc-28jul23-29000-p,True,29000,PUT,2023-07-28T08:00:00Z,,,BTC-USD,,,,,,,
DERIBIT:OPTION:BTC-USD-230728-28000-PUT,DERIBIT,OPTION,BTC-USD-230728-28000-PUT,exchange,deribit,tardis,crypto,2023-04-27T00:00:00.000Z,2023-07-29T00:00:00.000Z,options_chain,BTC,USD,BTC,BTC-28JUL23-28000-P,btc-28jul23-28000-p,True,28000,PUT,2023-07-28T08:00:00Z,,,BTC-USD,,,,,,,
DERIBIT:OPTION:BTC-USD-230728-46000-CALL,DERIBIT,OPTION,BTC-USD-230728-46000-CALL,exchange,deribit,tardis,crypto,2023-04-27T00:00:00.000Z,2023-07-29T00:00:00.000Z,options_chain,BTC,USD,BTC,BTC-28JUL23-46000-C,btc-28jul23-46000-c,True,46000,CALL,2023-07-28T08:00:00Z,,,BTC-USD,,,,,,,
DERIBIT:OPTION:BTC-USD-230728-29000-CALL,DERIBIT,OPTION,BTC-USD-230728-29000-CALL,exchange,deribit,tardis,crypto,2023-04-27T00:00:00.000Z,2023-07-29T00:00:00.000Z,options_chain,BTC,USD,BTC,BTC-28JUL23-29000-C,btc-28jul23-29000-c,True,29000,CALL,2023-07-28T08:00:00Z,,,BTC-USD,,,,,,,
DERIBIT:OPTION:BTC-USD-230728-36000-CALL,DERIBIT,OPTION,BTC-USD-230728-36000-CALL,exchange,deribit,tardis,crypto,2023-04-27T00:00:00.000Z,2023-07-29T00:00:00.000Z,options_chain,BTC,USD,BTC,BTC-28JUL23-36000-C,btc-28jul23-36000-c,True,36000,CALL,2023-07-28T08:00:00Z,,,BTC-USD,,,,,,,
DERIBIT:OPTION:BTC-USD-230728-42000-CALL,DERIBIT,OPTION,BTC-USD-230728-42000-CALL,exchange,deribit,tardis,crypto,2023-04-27T00:00:00.000Z,2023-07-29T00:00:00.000Z,options_chain,BTC,USD,BTC,BTC-28JUL23-42000-C,btc-28jul23-42000-c,True,42000,CALL,2023-07-28T08:00:00Z,,,BTC-USD,,,,,,,
DERIBIT:OPTION:BTC-USD-230728-20000-PUT,DERIBIT,OPTION,BTC-USD-230728-20000-PUT,exchange,deribit,tardis,crypto,2023-04-27T00:00:00.000Z,2023-07-29T00:00:00.000Z,options_chain,BTC,USD,BTC,BTC-28JUL23-20000-P,btc-28jul23-20000-p,True,20000,PUT,2023-07-28T08:00:00Z,,,BTC-USD,,,,,,,
DERIBIT:OPTION:BTC-USD-230728-31000-CALL,DERIBIT,OPTION,BTC-USD-230728-31000-CALL,exchange,deribit,tardis,crypto,2023-04-27T00:00:00.000Z,2023-07-29T00:00:00.000Z,options_chain,BTC,USD,BTC,BTC-28JUL23-31000-C,btc-28jul23-31000-c,True,31000,CALL,2023-07-28T08:00:00Z,,,BTC-USD,,,,,,,
DERIBIT:OPTION:BTC-USD-230728-22000-PUT,DERIBIT,OPTION,BTC-USD-230728-22000-PUT,exchange,deribit,tardis,crypto,2023-04-27T00:00:00.000Z,2023-07-29T00:00:00.000Z,options_chain,BTC,USD,BTC,BTC-28JUL23-22000-P,btc-28jul23-22000-p,True,22000,PUT,2023-07-28T08:00:00Z,,,BTC-USD,,,,,,,
DERIBIT:OPTION:BTC-USD-230728-21000-PUT,DERIBIT,OPTION,BTC-USD-230728-21000-PUT,exchange,deribit,tardis,crypto,2023-04-27T00:00:00.000Z,2023-07-29T00:00:00.000Z,options_chain,BTC,USD,BTC,BTC-28JUL23-21000-P,btc-28jul23-21000-p,True,21000,PUT,2023-07-28T08:00:00Z,,,BTC-USD,,,,,,,
DERIBIT:OPTION:BTC-USD-230728-35000-CALL,DERIBIT,OPTION,BTC-USD-230728-35000-CALL,exchange,deribit,tardis,crypto,2023-04-27T00:00:00.000Z,2023-07-29T00:00:00.000Z,options_chain,BTC,USD,BTC,BTC-28JUL23-35000-C,btc-28jul23-35000-c,True,35000,CALL,2023-07-28T08:00:00Z,,,BTC-USD,,,,,,,
DERIBIT:OPTION:BTC-USD-230728-23000-PUT,DERIBIT,OPTION,BTC-USD-230728-23000-PUT,exchange,deribit,tardis,crypto,2023-04-27T00:00:00.000Z,2023-07-29T00:00:00.000Z,options_chain,BTC,USD,BTC,BTC-28JUL23-23000-P,btc-28jul23-23000-p,True,23000,PUT,2023-07-28T08:00:00Z,,,BTC-USD,,,,,,,
DERIBIT:OPTION:BTC-USD-230728-26000-PUT,DERIBIT,OPTION,BTC-USD-230728-26000-PUT,exchange,deribit,tardis,crypto,2023-04-27T00:00:00.000Z,2023-07-29T00:00:00.000Z,options_chain,BTC,USD,BTC,BTC-28JUL23-26000-P,btc-28jul23-26000-p,True,26000,PUT,2023-07-28T08:00:00Z,,,BTC-USD,,,,,,,
DERIBIT:OPTION:BTC-USD-230728-44000-CALL,DERIBIT,OPTION,BTC-USD-230728-44000-CALL,exchange,deribit,tardis,crypto,2023-04-27T00:00:00.000Z,2023-07-29T00:00:00.000Z,options_chain,BTC,USD,BTC,BTC-28JUL23-44000-C,btc-28jul23-44000-c,True,44000,CALL,2023-07-28T08:00:00Z,,,BTC-USD,,,,,,,
DERIBIT:OPTION:BTC-USD-230728-31000-PUT,DERIBIT,OPTION,BTC-USD-230728-31000-PUT,exchange,deribit,tardis,crypto,2023-04-27T00:00:00.000Z,2023-07-29T00:00:00.000Z,options_chain,BTC,USD,BTC,BTC-28JUL23-31000-P,btc-28jul23-31000-p,True,31000,PUT,2023-07-28T08:00:00Z,,,BTC-USD,,,,,,,
DERIBIT:OPTION:BTC-USD-230728-30000-PUT,DERIBIT,OPTION,BTC-USD-230728-30000-PUT,exchange,deribit,tardis,crypto,2023-04-27T00:00:00.000Z,2023-07-29T00:00:00.000Z,options_chain,BTC,USD,BTC,BTC-28JUL23-30000-P,btc-28jul23-30000-p,True,30000,PUT,2023-07-28T08:00:00Z,,,BTC-USD,,,,,,,
DERIBIT:OPTION:BTC-USD-230728-65000-CALL,DERIBIT,OPTION,BTC-USD-230728-65000-CALL,exchange,deribit,tardis,crypto,2023-04-27T00:00:00.000Z,2023-07-29T00:00:00.000Z,options_chain,BTC,USD,BTC,BTC-28JUL23-65000-C,btc-28jul23-65000-c,True,65000,CALL,2023-07-28T08:00:00Z,,,BTC-USD,,,,,,,
DERIBIT:OPTION:BTC-USD-230728-50000-CALL,DERIBIT,OPTION,BTC-USD-230728-50000-CALL,exchange,deribit,tardis,crypto,2023-04-27T00:00:00.000Z,2023-07-29T00:00:00.000Z,options_chain,BTC,USD,BTC,BTC-28JUL23-50000-C,btc-28jul23-50000-c,True,50000,CALL,2023-07-28T08:00:00Z,,,BTC-USD,,,,,,,
DERIBIT:OPTION:BTC-USD-230728-55000-CALL,DERIBIT,OPTION,BTC-USD-230728-55000-CALL,exchange,deribit,tardis,crypto,2023-04-27T00:00:00.000Z,2023-07-29T00:00:00.000Z,options_chain,BTC,USD,BTC,BTC-28JUL23-55000-C,btc-28jul23-55000-c,True,55000,CALL,2023-07-28T08:00:00Z,,,BTC-USD,,,,,,,
DERIBIT:OPTION:BTC-USD-230728-60000-CALL,DERIBIT,OPTION,BTC-USD-230728-60000-CALL,exchange,deribit,tardis,crypto,2023-04-27T00:00:00.000Z,2023-07-29T00:00:00.000Z,options_chain,BTC,USD,BTC,BTC-28JUL23-60000-C,btc-28jul23-60000-c,True,60000,CALL,2023-07-28T08:00:00Z,,,BTC-USD,,,,,,,
DERIBIT:OPTION:BTC-USD-230728-14000-PUT,DERIBIT,OPTION,BTC-USD-230728-14000-PUT,exchange,deribit,tardis,crypto,2023-04-27T00:00:00.000Z,2023-07-29T00:00:00.000Z,options_chain,BTC,USD,BTC,BTC-28JUL23-14000-P,btc-28jul23-14000-p,True,14000,PUT,2023-07-28T08:00:00Z,,,BTC-USD,,,,,,,
DERIBIT:OPTION:BTC-USD-230728-24000-PUT,DERIBIT,OPTION,BTC-USD-230728-24000-PUT,exchange,deribit,tardis,crypto,2023-04-27T00:00:00.000Z,2023-07-29T00:00:00.000Z,options_chain,BTC,USD,BTC,BTC-28JUL23-24000-P,btc-28jul23-24000-p,True,24000,PUT,2023-07-28T08:00:00Z,,,BTC-USD,,,,,,,
DERIBIT:OPTION:BTC-USD-230728-48000-CALL,DERIBIT,OPTION,BTC-USD-230728-48000-CALL,exchange,deribit,tardis,crypto,2023-04-27T00:00:00.000Z,2023-07-29T00:00:00.000Z,options_chain,BTC,USD,BTC,BTC-28JUL23-48000-C,btc-28jul23-48000-c,True,48000,CALL,2023-07-28T08:00:00Z,,,BTC-USD,,,,,,,
DERIBIT:OPTION:BTC-USD-230728-18000-PUT,DERIBIT,OPTION,BTC-USD-230728-18000-PUT,exchange,deribit,tardis,crypto,2023-04-27T00:00:00.000Z,2023-07-29T00:00:00.000Z,options_chain,BTC,USD,BTC,BTC-28JUL23-18000-P,btc-28jul23-18000-p,True,18000,PUT,2023-07-28T08:00:00Z,,,BTC-USD,,,,,,,
DERIBIT:OPTION:BTC-USD-230728-16000-PUT,DERIBIT,OPTION,BTC-USD-230728-16000-PUT,exchange,deribit,tardis,crypto,2023-04-27T00:00:00.000Z,2023-07-29T00:00:00.000Z,options_chain,BTC,USD,BTC,BTC-28JUL23-16000-P,btc-28jul23-16000-p,True,16000,PUT,2023-07-28T08:00:00Z,,,BTC-USD,,,,,,,
DERIBIT:OPTION:BTC-USD-230728-10000-PUT,DERIBIT,OPTION,BTC-USD-230728-10000-PUT,exchange,deribit,tardis,crypto,2023-04-27T00:00:00.000Z,2023-07-29T00:00:00.000Z,options_chain,BTC,USD,BTC,BTC-28JUL23-10000-P,btc-28jul23-10000-p,True,10000,PUT,2023-07-28T08:00:00Z,,,BTC-USD,,,,,,,
DERIBIT:OPTION:BTC-USD-230728-12000-PUT,DERIBIT,OPTION,BTC-USD-230728-12000-PUT,exchange,deribit,tardis,crypto,2023-04-27T00:00:00.000Z,2023-07-29T00:00:00.000Z,options_chain,BTC,USD,BTC,BTC-28JUL23-12000-P,btc-28jul23-12000-p,True,12000,PUT,2023-07-28T08:00:00Z,,,BTC-USD,,,,,,,
DERIBIT:OPTION:BTC-USD-230728-23000-CALL,DERIBIT,OPTION,BTC-USD-230728-23000-CALL,exchange,deribit,tardis,crypto,2023-04-27T00:00:00.000Z,2023-07-29T00:00:00.000Z,options_chain,BTC,USD,BTC,BTC-28JUL23-23000-C,btc-28jul23-23000-c,True,23000,CALL,2023-07-28T08:00:00Z,,,BTC-USD,,,,,,,
DERIBIT:OPTION:BTC-USD-230728-22000-CALL,DERIBIT,OPTION,BTC-USD-230728-22000-CALL,exchange,deribit,tardis,crypto,2023-04-27T00:00:00.000Z,2023-07-29T00:00:00.000Z,options_chain,BTC,USD,BTC,BTC-28JUL23-22000-C,btc-28jul23-22000-c,True,22000,CALL,2023-07-28T08:00:00Z,,,BTC-USD,,,,,,,
DERIBIT:OPTION:BTC-USD-230728-20000-CALL,DERIBIT,OPTION,BTC-USD-230728-20000-CALL,exchange,deribit,tardis,crypto,2023-04-27T00:00:00.000Z,2023-07-29T00:00:00.000Z,options_chain,BTC,USD,BTC,BTC-28JUL23-20000-C,btc-28jul23-20000-c,True,20000,CALL,2023-07-28T08:00:00Z,,,BTC-USD,,,,,,,
DERIBIT:OPTION:BTC-USD-230728-50000-PUT,DERIBIT,OPTION,BTC-USD-230728-50000-PUT,exchange,deribit,tardis,crypto,2023-04-27T00:00:00.000Z,2023-07-29T00:00:00.000Z,options_chain,BTC,USD,BTC,BTC-28JUL23-50000-P,btc-28jul23-50000-p,True,50000,PUT,2023-07-28T08:00:00Z,,,BTC-USD,,,,,,,
DERIBIT:OPTION:BTC-USD-230728-46000-PUT,DERIBIT,OPTION,BTC-USD-230728-46000-PUT,exchange,deribit,tardis,crypto,2023-04-27T00:00:00.000Z,2023-07-29T00:00:00.000Z,options_chain,BTC,USD,BTC,BTC-28JUL23-46000-P,btc-28jul23-46000-p,True,46000,PUT,2023-07-28T08:00:00Z,,,BTC-USD,,,,,,,
DERIBIT:OPTION:BTC-USD-230728-36000-PUT,DERIBIT,OPTION,BTC-USD-230728-36000-PUT,exchange,deribit,tardis,crypto,2023-04-27T00:00:00.000Z,2023-07-29T00:00:00.000Z,options_chain,BTC,USD,BTC,BTC-28JUL23-36000-P,btc-28jul23-36000-p,True,36000,PUT,2023-07-28T08:00:00Z,,,BTC-USD,,,,,,,
DERIBIT:OPTION:BTC-USD-230728-40000-PUT,DERIBIT,OPTION,BTC-USD-230728-40000-PUT,exchange,deribit,tardis,crypto,2023-04-27T00:00:00.000Z,2023-07-29T00:00:00.000Z,options_chain,BTC,USD,BTC,BTC-28JUL23-40000-P,btc-28jul23-40000-p,True,40000,PUT,2023-07-28T08:00:00Z,,,BTC-USD,,,,,,,
DERIBIT:OPTION:BTC-USD-230728-25000-CALL,DERIBIT,OPTION,BTC-USD-230728-25000-CALL,exchange,deribit,tardis,crypto,2023-04-27T00:00:00.000Z,2023-07-29T00:00:00.000Z,options_chain,BTC,USD,BTC,BTC-28JUL23-25000-C,btc-28jul23-25000-c,True,25000,CALL,2023-07-28T08:00:00Z,,,BTC-USD,,,,,,,
DERIBIT:OPTION:BTC-USD-230728-21000-CALL,DERIBIT,OPTION,BTC-USD-230728-21000-CALL,exchange,deribit,tardis,crypto,2023-04-27T00:00:00.000Z,2023-07-29T00:00:00.000Z,options_chain,BTC,USD,BTC,BTC-28JUL23-21000-C,btc-28jul23-21000-c,True,21000,CALL,2023-07-28T08:00:00Z,,,BTC-USD,,,,,,,
DERIBIT:OPTION:BTC-USD-230728-16000-CALL,DERIBIT,OPTION,BTC-USD-230728-16000-CALL,exchange,deribit,tardis,crypto,2023-04-27T00:00:00.000Z,2023-07-29T00:00:00.000Z,options_chain,BTC,USD,BTC,BTC-28JUL23-16000-C,btc-28jul23-16000-c,True,16000,CALL,2023-07-28T08:00:00Z,,,BTC-USD,,,,,,,
DERIBIT:OPTION:BTC-USD-230728-38000-PUT,DERIBIT,OPTION,BTC-USD-230728-38000-PUT,exchange,deribit,tardis,crypto,2023-04-27T00:00:00.000Z,2023-07-29T00:00:00.000Z,options_chain,BTC,USD,BTC,BTC-28JUL23-38000-P,btc-28jul23-38000-p,True,38000,PUT,2023-07-28T08:00:00Z,,,BTC-USD,,,,,,,
DERIBIT:OPTION:BTC-USD-230728-42000-PUT,DERIBIT,OPTION,BTC-USD-230728-42000-PUT,exchange,deribit,tardis,crypto,2023-04-27T00:00:00.000Z,2023-07-29T00:00:00.000Z,options_chain,BTC,USD,BTC,BTC-28JUL23-42000-P,btc-28jul23-42000-p,True,42000,PUT,2023-07-28T08:00:00Z,,,BTC-USD,,,,,,,
DERIBIT:OPTION:BTC-USD-230728-44000-PUT,DERIBIT,OPTION,BTC-USD-230728-44000-PUT,exchange,deribit,tardis,crypto,2023-04-27T00:00:00.000Z,2023-07-29T00:00:00.000Z,options_chain,BTC,USD,BTC,BTC-28JUL23-44000-P,btc-28jul23-44000-p,True,44000,PUT,2023-07-28T08:00:00Z,,,BTC-USD,,,,,,,
DERIBIT:OPTION:BTC-USD-230728-24000-CALL,DERIBIT,OPTION,BTC-USD-230728-24000-CALL,exchange,deribit,tardis,crypto,2023-04-27T00:00:00.000Z,2023-07-29T00:00:00.000Z,options_chain,BTC,USD,BTC,BTC-28JUL23-24000-C,btc-28jul23-24000-c,True,24000,CALL,2023-07-28T08:00:00Z,,,BTC-USD,,,,,,,
DERIBIT:OPTION:BTC-USD-230728-48000-PUT,DERIBIT,OPTION,BTC-USD-230728-48000-PUT,exchange,deribit,tardis,crypto,2023-04-27T00:00:00.000Z,2023-07-29T00:00:00.000Z,options_chain,BTC,USD,BTC,BTC-28JUL23-48000-P,btc-28jul23-48000-p,True,48000,PUT,2023-07-28T08:00:00Z,,,BTC-USD,,,,,,,
DERIBIT:OPTION:BTC-USD-230728-14000-CALL,DERIBIT,OPTION,BTC-USD-230728-14000-CALL,exchange,deribit,tardis,crypto,2023-04-27T00:00:00.000Z,2023-07-29T00:00:00.000Z,options_chain,BTC,USD,BTC,BTC-28JUL23-14000-C,btc-28jul23-14000-c,True,14000,CALL,2023-07-28T08:00:00Z,,,BTC-USD,,,,,,,
DERIBIT:OPTION:BTC-USD-230728-34000-PUT,DERIBIT,OPTION,BTC-USD-230728-34000-PUT,exchange,deribit,tardis,crypto,2023-04-27T00:00:00.000Z,2023-07-29T00:00:00.000Z,options_chain,BTC,USD,BTC,BTC-28JUL23-34000-P,btc-28jul23-34000-p,True,34000,PUT,2023-07-28T08:00:00Z,,,BTC-USD,,,,,,,
DERIBIT:OPTION:BTC-USD-230728-18000-CALL,DERIBIT,OPTION,BTC-USD-230728-18000-CALL,exchange,deribit,tardis,crypto,2023-04-27T00:00:00.000Z,2023-07-29T00:00:00.000Z,options_chain,BTC,USD,BTC,BTC-28JUL23-18000-C,btc-28jul23-18000-c,True,18000,CALL,2023-07-28T08:00:00Z,,,BTC-USD,,,,,,,
DERIBIT:OPTION:BTC-USD-230728-10000-CALL,DERIBIT,OPTION,BTC-USD-230728-10000-CALL,exchange,deribit,tardis,crypto,2023-04-27T00:00:00.000Z,2023-07-29T00:00:00.000Z,options_chain,BTC,USD,BTC,BTC-28JUL23-10000-C,btc-28jul23-10000-c,True,10000,CALL,2023-07-28T08:00:00Z,,,BTC-USD,,,,,,,
DERIBIT:OPTION:BTC-USD-230728-12000-CALL,DERIBIT,OPTION,BTC-USD-230728-12000-CALL,exchange,deribit,tardis,crypto,2023-04-27T00:00:00.000Z,2023-07-29T00:00:00.000Z,options_chain,BTC,USD,BTC,BTC-28JUL23-12000-C,btc-28jul23-12000-c,True,12000,CALL,2023-07-28T08:00:00Z,,,BTC-USD,,,,,,,
DERIBIT:OPTION:BTC-USD-230728-28000-CALL,DERIBIT,OPTION,BTC-USD-230728-28000-CALL,exchange,deribit,tardis,crypto,2023-04-27T00:00:00.000Z,2023-07-29T00:00:00.000Z,options_chain,BTC,USD,BTC,BTC-28JUL23-28000-C,btc-28jul23-28000-c,True,28000,CALL,2023-07-28T08:00:00Z,,,BTC-USD,,,,,,,
DERIBIT:OPTION:BTC-USD-230728-26000-CALL,DERIBIT,OPTION,BTC-USD-230728-26000-CALL,exchange,deribit,tardis,crypto,2023-04-27T00:00:00.000Z,2023-07-29T00:00:00.000Z,options_chain,BTC,USD,BTC,BTC-28JUL23-26000-C,btc-28jul23-26000-c,True,26000,CALL,2023-07-28T08:00:00Z,,,BTC-USD,,,,,,,
DERIBIT:OPTION:BTC-USD-230728-32000-PUT,DERIBIT,OPTION,BTC-USD-230728-32000-PUT,exchange,deribit,tardis,crypto,2023-04-27T00:00:00.000Z,2023-07-29T00:00:00.000Z,options_chain,BTC,USD,BTC,BTC-28JUL23-32000-P,btc-28jul23-32000-p,True,32000,PUT,2023-07-28T08:00:00Z,,,BTC-USD,,,,,,,
DERIBIT:OPTION:BTC-USD-230728-33000-PUT,DERIBIT,OPTION,BTC-USD-230728-33000-PUT,exchange,deribit,tardis,crypto,2023-04-27T00:00:00.000Z,2023-07-29T00:00:00.000Z,options_chain,BTC,USD,BTC,BTC-28JUL23-33000-P,btc-28jul23-33000-p,True,33000,PUT,2023-07-28T08:00:00Z,,,BTC-USD,,,,,,,
DERIBIT:OPTION:BTC-USD-230728-27000-CALL,DERIBIT,OPTION,BTC-USD-230728-27000-CALL,exchange,deribit,tardis,crypto,2023-04-27T00:00:00.000Z,2023-07-29T00:00:00.000Z,options_chain,BTC,USD,BTC,BTC-28JUL23-27000-C,btc-28jul23-27000-c,True,27000,CALL,2023-07-28T08:00:00Z,,,BTC-USD,,,,,,,
DERIBIT:OPTION:BTC-USD-230728-35000-PUT,DERIBIT,OPTION,BTC-USD-230728-35000-PUT,exchange,deribit,tardis,crypto,2023-04-27T00:00:00.000Z,2023-07-29T00:00:00.000Z,options_chain,BTC,USD,BTC,BTC-28JUL23-35000-P,btc-28jul23-35000-p,True,35000,PUT,2023-07-28T08:00:00Z,,,BTC-USD,,,,,,,
DERIBIT:OPTION:BTC-USD-230728-45000-CALL,DERIBIT,OPTION,BTC-USD-230728-45000-CALL,exchange,deribit,tardis,crypto,2023-05-11T00:00:00.000Z,2023-07-29T00:00:00.000Z,options_chain,BTC,USD,BTC,BTC-28JUL23-45000-C,btc-28jul23-45000-c,True,45000,CALL,2023-07-28T08:00:00Z,,,BTC-USD,,,,,,,
DERIBIT:OPTION:BTC-USD-230728-19000-PUT,DERIBIT,OPTION,BTC-USD-230728-19000-PUT,exchange,deribit,tardis,crypto,2023-05-12T00:00:00.000Z,2023-07-29T00:00:00.000Z,options_chain,BTC,USD,BTC,BTC-28JUL23-19000-P,btc-28jul23-19000-p,True,19000,PUT,2023-07-28T08:00:00Z,,,BTC-USD,,,,,,,
DERIBIT:OPTION:BTC-USD-230728-19000-CALL,DERIBIT,OPTION,BTC-USD-230728-19000-CALL,exchange,deribit,tardis,crypto,2023-05-12T00:00:00.000Z,2023-07-29T00:00:00.000Z,options_chain,BTC,USD,BTC,BTC-28JUL23-19000-C,btc-28jul23-19000-c,True,19000,CALL,2023-07-28T08:00:00Z,,,BTC-USD,,,,,,,
DERIBIT:OPTION:BTC-USD-230728-45000-PUT,DERIBIT,OPTION,BTC-USD-230728-45000-PUT,exchange,deribit,tardis,crypto,2023-05-12T00:00:00.000Z,2023-07-29T00:00:00.000Z,options_chain,BTC,USD,BTC,BTC-28JUL23-45000-P,btc-28jul23-45000-p,True,45000,PUT,2023-07-28T08:00:00Z,,,BTC-USD,,,,,,,
DERIBIT:OPTION:BTC-USD-230630-80000-CALL,DERIBIT,OPTION,BTC-USD-230630-80000-CALL,exchange,deribit,tardis,crypto,2022-06-23T00:00:00.000Z,2023-07-01T00:00:00.000Z,options_chain,BTC,USD,BTC,BTC-30JUN23-80000-C,btc-30jun23-80000-c,True,80000,CALL,2023-06-30T08:00:00Z,,,BTC-USD,,,,,,,
DERIBIT:OPTION:BTC-USD-230630-30000-CALL,DERIBIT,OPTION,BTC-USD-230630-30000-CALL,exchange,deribit,tardis,crypto,2022-06-23T00:00:00.000Z,2023-07-01T00:00:00.000Z,options_chain,BTC,USD,BTC,BTC-30JUN23-30000-C,btc-30jun23-30000-c,True,30000,CALL,2023-06-30T08:00:00Z,,,BTC-USD,,,,,,,
DERIBIT:OPTION:BTC-USD-230630-35000-CALL,DERIBIT,OPTION,BTC-USD-230630-35000-CALL,exchange,deribit,tardis,crypto,2022-06-23T00:00:00.000Z,2023-07-01T00:00:00.000Z,options_chain,BTC,USD,BTC,BTC-30JUN23-35000-C,btc-30jun23-35000-c,True,35000,CALL,2023-06-30T08:00:00Z,,,BTC-USD,,,,,,,
DERIBIT:OPTION:BTC-USD-230630-20000-CALL,DERIBIT,OPTION,BTC-USD-230630-20000-CALL,exchange,deribit,tardis,crypto,2022-06-23T00:00:00.000Z,2023-07-01T00:00:00.000Z,options_chain,BTC,USD,BTC,BTC-30JUN23-20000-C,btc-30jun23-20000-c,True,20000,CALL,2023-06-30T08:00:00Z,,,BTC-USD,,,,,,,
DERIBIT:OPTION:BTC-USD-230630-60000-CALL,DERIBIT,OPTION,BTC-USD-230630-60000-CALL,exchange,deribit,tardis,crypto,2022-06-23T00:00:00.000Z,2023-07-01T00:00:00.000Z,options_chain,BTC,USD,BTC,BTC-30JUN23-60000-C,btc-30jun23-60000-c,True,60000,CALL,2023-06-30T08:00:00Z,,,BTC-USD,,,,,,,
DERIBIT:OPTION:BTC-USD-230630-21000-PUT,DERIBIT,OPTION,BTC-USD-230630-21000-PUT,exchange,deribit,tardis,crypto,2022-06-23T00:00:00.000Z,2023-07-01T00:00:00.000Z,options_chain,BTC,USD,BTC,BTC-30JUN23-21000-P,btc-30jun23-21000-p,True,21000,PUT,2023-06-30T08:00:00Z,,,BTC-USD,,,,,,,
DERIBIT:OPTION:BTC-USD-230630-18000-PUT,DERIBIT,OPTION,BTC-USD-230630-18000-PUT,exchange,deribit,tardis,crypto,2022-06-23T00:00:00.000Z,2023-07-01T00:00:00.000Z,options_chain,BTC,USD,BTC,BTC-30JUN23-18000-P,btc-30jun23-18000-p,True,18000,PUT,2023-06-30T08:00:00Z,,,BTC-USD,,,,,,,
DERIBIT:OPTION:BTC-USD-230630-17000-PUT,DERIBIT,OPTION,BTC-USD-230630-17000-PUT,exchange,deribit,tardis,crypto,2022-06-23T00:00:00.000Z,2023-07-01T00:00:00.000Z,options_chain,BTC,USD,BTC,BTC-30JUN23-17000-P,btc-30jun23-17000-p,True,17000,PUT,2023-06-30T08:00:00Z,,,BTC-USD,,,,,,,
DERIBIT:OPTION:BTC-USD-230630-16000-PUT,DERIBIT,OPTION,BTC-USD-230630-16000-PUT,exchange,deribit,tardis,crypto,2022-06-23T00:00:00.000Z,2023-07-01T00:00:00.000Z,options_chain,BTC,USD,BTC,BTC-30JUN23-16000-P,btc-30jun23-16000-p,True,16000,PUT,2023-06-30T08:00:00Z,,,BTC-USD,,,,,,,
DERIBIT:OPTION:BTC-USD-230630-15000-PUT,DERIBIT,OPTION,BTC-USD-230630-15000-PUT,exchange,deribit,tardis,crypto,2022-06-23T00:00:00.000Z,2023-07-01T00:00:00.000Z,options_chain,BTC,USD,BTC,BTC-30JUN23-15000-P,btc-30jun23-15000-p,True,15000,PUT,2023-06-30T08:00:00Z,,,BTC-USD,,,,,,,
DERIBIT:OPTION:BTC-USD-230630-10000-PUT,DERIBIT,OPTION,BTC-USD-230630-10000-PUT,exchange,deribit,tardis,crypto,2022-06-23T00:00:00.000Z,2023-07-01T00:00:00.000Z,options_chain,BTC,USD,BTC,BTC-30JUN23-10000-P,btc-30jun23-10000-p,True,10000,PUT,2023-06-30T08:00:00Z,,,BTC-USD,,,,,,,
DERIBIT:OPTION:BTC-USD-230630-23000-CALL,DERIBIT,OPTION,BTC-USD-230630-23000-CALL,exchange,deribit,tardis,crypto,2022-06-23T00:00:00.000Z,2023-07-01T00:00:00.000Z,options_chain,BTC,USD,BTC,BTC-30JUN23-23000-C,btc-30jun23-23000-c,True,23000,CALL,2023-06-30T08:00:00Z,,,BTC-USD,,,,,,,
DERIBIT:OPTION:BTC-USD-230630-25000-CALL,DERIBIT,OPTION,BTC-USD-230630-25000-CALL,exchange,deribit,tardis,crypto,2022-06-23T00:00:00.000Z,2023-07-01T00:00:00.000Z,options_chain,BTC,USD,BTC,BTC-30JUN23-25000-C,btc-30jun23-25000-c,True,25000,CALL,2023-06-30T08:00:00Z,,,BTC-USD,,,,,,,
DERIBIT:OPTION:BTC-USD-230630-24000-CALL,DERIBIT,OPTION,BTC-USD-230630-24000-CALL,exchange,deribit,tardis,crypto,2022-06-23T00:00:00.000Z,2023-07-01T00:00:00.000Z,options_chain,BTC,USD,BTC,BTC-30JUN23-24000-C,btc-30jun23-24000-c,True,24000,CALL,2023-06-30T08:00:00Z,,,BTC-USD,,,,,,,
DERIBIT:OPTION:BTC-USD-230630-45000-CALL,DERIBIT,OPTION,BTC-USD-230630-45000-CALL,exchange,deribit,tardis,crypto,2022-06-23T00:00:00.000Z,2023-07-01T00:00:00.000Z,options_chain,BTC,USD,BTC,BTC-30JUN23-45000-C,btc-30jun23-45000-c,True,45000,CALL,2023-06-30T08:00:00Z,,,BTC-USD,,,,,,,
DERIBIT:OPTION:BTC-USD-230630-14000-PUT,DERIBIT,OPTION,BTC-USD-230630-14000-PUT,exchange,deribit,tardis,crypto,2022-06-23T00:00:00.000Z,2023-07-01T00:00:00.000Z,options_chain,BTC,USD,BTC,BTC-30JUN23-14000-P,btc-30jun23-14000-p,True,14000,PUT,2023-06-30T08:00:00Z,,,BTC-USD,,,,,,,
DERIBIT:OPTION:BTC-USD-230630-19000-PUT,DERIBIT,OPTION,BTC-USD-230630-19000-PUT,exchange,deribit,tardis,crypto,2022-06-23T00:00:00.000Z,2023-07-01T00:00:00.000Z,options_chain,BTC,USD,BTC,BTC-30JUN23-19000-P,btc-30jun23-19000-p,True,19000,PUT,2023-06-30T08:00:00Z,,,BTC-USD,,,,,,,
DERIBIT:OPTION:BTC-USD-230630-40000-CALL,DERIBIT,OPTION,BTC-USD-230630-40000-CALL,exchange,deribit,tardis,crypto,2022-06-23T00:00:00.000Z,2023-07-01T00:00:00.000Z,options_chain,BTC,USD,BTC,BTC-30JUN23-40000-C,btc-30jun23-40000-c,True,40000,CALL,2023-06-30T08:00:00Z,,,BTC-USD,,,,,,,
DERIBIT:OPTION:BTC-USD-230630-5000-PUT,DERIBIT,OPTION,BTC-USD-230630-5000-PUT,exchange,deribit,tardis,crypto,2022-06-23T00:00:00.000Z,2023-07-01T00:00:00.000Z,options_chain,BTC,USD,BTC,BTC-30JUN23-5000-P,btc-30jun23-5000-p,True,5000,PUT,2023-06-30T08:00:00Z,,,BTC-USD,,,,,,,
DERIBIT:OPTION:BTC-USD-230630-20000-PUT,DERIBIT,OPTION,BTC-USD-230630-20000-PUT,exchange,deribit,tardis,crypto,2022-06-23T00:00:00.000Z,2023-07-01T00:00:00.000Z,options_chain,BTC,USD,BTC,BTC-30JUN23-20000-P,btc-30jun23-20000-p,True,20000,PUT,2023-06-30T08:00:00Z,,,BTC-USD,,,,,,,
DERIBIT:OPTION:BTC-USD-230630-40000-PUT,DERIBIT,OPTION,BTC-USD-230630-40000-PUT,exchange,deribit,tardis,crypto,2022-06-23T00:00:00.000Z,2023-07-01T00:00:00.000Z,options_chain,BTC,USD,BTC,BTC-30JUN23-40000-P,btc-30jun23-40000-p,True,40000,PUT,2023-06-30T08:00:00Z,,,BTC-USD,,,,,,,
DERIBIT:OPTION:BTC-USD-230630-17000-CALL,DERIBIT,OPTION,BTC-USD-230630-17000-CALL,exchange,deribit,tardis,crypto,2022-06-23T00:00:00.000Z,2023-07-01T00:00:00.000Z,options_chain,BTC,USD,BTC,BTC-30JUN23-17000-C,btc-30jun23-17000-c,True,17000,CALL,2023-06-30T08:00:00Z,,,BTC-USD,,,,,,,
DERIBIT:OPTION:BTC-USD-230630-19000-CALL,DERIBIT,OPTION,BTC-USD-230630-19000-CALL,exchange,deribit,tardis,crypto,2022-06-23T00:00:00.000Z,2023-07-01T00:00:00.000Z,options_chain,BTC,USD,BTC,BTC-30JUN23-19000-C,btc-30jun23-19000-c,True,19000,CALL,2023-06-30T08:00:00Z,,,BTC-USD,,,,,,,
DERIBIT:OPTION:BTC-USD-230630-25000-PUT,DERIBIT,OPTION,BTC-USD-230630-25000-PUT,exchange,deribit,tardis,crypto,2022-06-23T00:00:00.000Z,2023-07-01T00:00:00.000Z,options_chain,BTC,USD,BTC,BTC-30JUN23-25000-P,btc-30jun23-25000-p,True,25000,PUT,2023-06-30T08:00:00Z,,,BTC-USD,,,,,,,
DERIBIT:OPTION:BTC-USD-230630-22000-CALL,DERIBIT,OPTION,BTC-USD-230630-22000-CALL,exchange,deribit,tardis,crypto,2022-06-23T00:00:00.000Z,2023-07-01T00:00:00.000Z,options_chain,BTC,USD,BTC,BTC-30JUN23-22000-C,btc-30jun23-22000-c,True,22000,CALL,2023-06-30T08:00:00Z,,,BTC-USD,,,,,,,
DERIBIT:OPTION:BTC-USD-230630-23000-PUT,DERIBIT,OPTION,BTC-USD-230630-23000-PUT,exchange,deribit,tardis,crypto,2022-06-23T00:00:00.000Z,2023-07-01T00:00:00.000Z,options_chain,BTC,USD,BTC,BTC-30JUN23-23000-P,btc-30jun23-23000-p,True,23000,PUT,2023-06-30T08:00:00Z,,,BTC-USD,,,,,,,
DERIBIT:OPTION:BTC-USD-230630-22000-PUT,DERIBIT,OPTION,BTC-USD-230630-22000-PUT,exchange,deribit,tardis,crypto,2022-06-23T00:00:00.000Z,2023-07-01T00:00:00.000Z,options_chain,BTC,USD,BTC,BTC-30JUN23-22000-P,btc-30jun23-22000-p,True,22000,PUT,2023-06-30T08:00:00Z,,,BTC-USD,,,,,,,
DERIBIT:OPTION:BTC-USD-230630-21000-CALL,DERIBIT,OPTION,BTC-USD-230630-21000-CALL,exchange,deribit,tardis,crypto,2022-06-23T00:00:00.000Z,2023-07-01T00:00:00.000Z,options_chain,BTC,USD,BTC,BTC-30JUN23-21000-C,btc-30jun23-21000-c,True,21000,CALL,2023-06-30T08:00:00Z,,,BTC-USD,,,,,,,
DERIBIT:OPTION:BTC-USD-230630-16000-CALL,DERIBIT,OPTION,BTC-USD-230630-16000-CALL,exchange,deribit,tardis,crypto,2022-06-23T00:00:00.000Z,2023-07-01T00:00:00.000Z,options_chain,BTC,USD,BTC,BTC-30JUN23-16000-C,btc-30jun23-16000-c,True,16000,CALL,2023-06-30T08:00:00Z,,,BTC-USD,,,,,,,
DERIBIT:OPTION:BTC-USD-230630-60000-PUT,DERIBIT,OPTION,BTC-USD-230630-60000-PUT,exchange,deribit,tardis,crypto,2022-06-23T00:00:00.000Z,2023-07-01T00:00:00.000Z,options_chain,BTC,USD,BTC,BTC-30JUN23-60000-P,btc-30jun23-60000-p,True,60000,PUT,2023-06-30T08:00:00Z,,,BTC-USD,,,,,,,
DERIBIT:OPTION:BTC-USD-230630-35000-PUT,DERIBIT,OPTION,BTC-USD-230630-35000-PUT,exchange,deribit,tardis,crypto,2022-06-23T00:00:00.000Z,2023-07-01T00:00:00.000Z,options_chain,BTC,USD,BTC,BTC-30JUN23-35000-P,btc-30jun23-35000-p,True,35000,PUT,2023-06-30T08:00:00Z,,,BTC-USD,,,,,,,
DERIBIT:OPTION:BTC-USD-230630-30000-PUT,DERIBIT,OPTION,BTC-USD-230630-30000-PUT,exchange,deribit,tardis,crypto,2022-06-23T00:00:00.000Z,2023-07-01T00:00:00.000Z,options_chain,BTC,USD,BTC,BTC-30JUN23-30000-P,btc-30jun23-30000-p,True,30000,PUT,2023-06-30T08:00:00Z,,,BTC-USD,,,,,,,
DERIBIT:OPTION:BTC-USD-230630-24000-PUT,DERIBIT,OPTION,BTC-USD-230630-24000-PUT,exchange,deribit,tardis,crypto,2022-06-23T00:00:00.000Z,2023-07-01T00:00:00.000Z,options_chain,BTC,USD,BTC,BTC-30JUN23-24000-P,btc-30jun23-24000-p,True,24000,PUT,2023-06-30T08:00:00Z,,,BTC-USD,,,,,,,
DERIBIT:OPTION:BTC-USD-230630-18000-CALL,DERIBIT,OPTION,BTC-USD-230630-18000-CALL,exchange,deribit,tardis,crypto,2022-06-23T00:00:00.000Z,2023-07-01T00:00:00.000Z,options_chain,BTC,USD,BTC,BTC-30JUN23-18000-C,btc-30jun23-18000-c,True,18000,CALL,2023-06-30T08:00:00Z,,,BTC-USD,,,,,,,
DERIBIT:OPTION:BTC-USD-230630-26000-CALL,DERIBIT,OPTION,BTC-USD-230630-26000-CALL,exchange,deribit,tardis,crypto,2022-06-25T00:00:00.000Z,2023-07-01T00:00:00.000Z,options_chain,BTC,USD,BTC,BTC-30JUN23-26000-C,btc-30jun23-26000-c,True,26000,CALL,2023-06-30T08:00:00Z,,,BTC-USD,,,,,,,
DERIBIT:OPTION:BTC-USD-230630-26000-PUT,DERIBIT,OPTION,BTC-USD-230630-26000-PUT,exchange,deribit,tardis,crypto,2022-06-25T00:00:00.000Z,2023-07-01T00:00:00.000Z,options_chain,BTC,USD,BTC,BTC-30JUN23-26000-P,btc-30jun23-26000-p,True,26000,PUT,2023-06-30T08:00:00Z,,,BTC-USD,,,,,,,
DERIBIT:OPTION:BTC-USD-230630-5000-CALL,DERIBIT,OPTION,BTC-USD-230630-5000-CALL,exchange,deribit,tardis,crypto,2022-06-29T00:00:00.000Z,2023-07-01T00:00:00.000Z,options_chain,BTC,USD,BTC,BTC-30JUN23-5000-C,btc-30jun23-5000-c,True,5000,CALL,2023-06-30T08:00:00Z,,,BTC-USD,,,,,,,
DERIBIT:OPTION:BTC-USD-230630-100000-CALL,DERIBIT,OPTION,BTC-USD-230630-100000-CALL,exchange,deribit,tardis,crypto,2022-06-30T00:00:00.000Z,2023-07-01T00:00:00.000Z,options_chain,BTC,USD,BTC,BTC-30JUN23-100000-C,btc-30jun23-100000-c,True,100000,CALL,2023-06-30T08:00:00Z,,,BTC-USD,,,,,,,
DERIBIT:OPTION:BTC-USD-230630-13000-PUT,DERIBIT,OPTION,BTC-USD-230630-13000-PUT,exchange,deribit,tardis,crypto,2022-06-30T00:00:00.000Z,2023-07-01T00:00:00.000Z,options_chain,BTC,USD,BTC,BTC-30JUN23-13000-P,btc-30jun23-13000-p,True,13000,PUT,2023-06-30T08:00:00Z,,,BTC-USD,,,,,,,
DERIBIT:OPTION:BTC-USD-230630-50000-CALL,DERIBIT,OPTION,BTC-USD-230630-50000-CALL,exchange,deribit,tardis,crypto,2022-06-30T00:00:00.000Z,2023-07-01T00:00:00.000Z,options_chain,BTC,USD,BTC,BTC-30JUN23-50000-C,btc-30jun23-50000-c,True,50000,CALL,2023-06-30T08:00:00Z,,,BTC-USD,,,,,,,
DERIBIT:OPTION:BTC-USD-230630-27000-CALL,DERIBIT,OPTION,BTC-USD-230630-27000-CALL,exchange,deribit,tardis,crypto,2022-07-18T00:00:00.000Z,2023-07-01T00:00:00.000Z,options_chain,BTC,USD,BTC,BTC-30JUN23-27000-C,btc-30jun23-27000-c,True,27000,CALL,2023-06-30T08:00:00Z,,,BTC-USD,,,,,,,
DERIBIT:OPTION:BTC-USD-230630-27000-PUT,DERIBIT,OPTION,BTC-USD-230630-27000-PUT,exchange,deribit,tardis,crypto,2022-07-18T00:00:00.000Z,2023-07-01T00:00:00.000Z,options_chain,BTC,USD,BTC,BTC-30JUN23-27000-P,btc-30jun23-27000-p,True,27000,PUT,2023-06-30T08:00:00Z,,,BTC-USD,,,,,,,
DERIBIT:OPTION:BTC-USD-230630-28000-PUT,DERIBIT,OPTION,BTC-USD-230630-28000-PUT,exchange,deribit,tardis,crypto,2022-07-19T00:00:00.000Z,2023-07-01T00:00:00.000Z,options_chain,BTC,USD,BTC,BTC-30JUN23-28000-P,btc-30jun23-28000-p,True,28000,PUT,2023-06-30T08:00:00Z,,,BTC-USD,,,,,,,
DERIBIT:OPTION:BTC-USD-230630-28000-CALL,DERIBIT,OPTION,BTC-USD-230630-28000-CALL,exchange,deribit,tardis,crypto,2022-07-19T00:00:00.000Z,2023-07-01T00:00:00.000Z,options_chain,BTC,USD,BTC,BTC-30JUN23-28000-C,btc-30jun23-28000-c,True,28000,CALL,2023-06-30T08:00:00Z,,,BTC-USD,,,,,,,
DERIBIT:OPTION:BTC-USD-230630-29000-PUT,DERIBIT,OPTION,BTC-USD-230630-29000-PUT,exchange,deribit,tardis,crypto,2022-07-20T00:00:00.000Z,2023-07-01T00:00:00.000Z,options_chain,BTC,USD,BTC,BTC-30JUN23-29000-P,btc-30jun23-29000-p,True,29000,PUT,2023-06-30T08:00:00Z,,,BTC-USD,,,,,,,
DERIBIT:OPTION:BTC-USD-230630-29000-CALL,DERIBIT,OPTION,BTC-USD-230630-29000-CALL,exchange,deribit,tardis,crypto,2022-07-20T00:00:00.000Z,2023-07-01T00:00:00.000Z,options_chain,BTC,USD,BTC,BTC-30JUN23-29000-C,btc-30jun23-29000-c,True,29000,CALL,2023-06-30T08:00:00Z,,,BTC-USD,,,,,,,
DERIBIT:OPTION:BTC-USD-230630-12000-PUT,DERIBIT,OPTION,BTC-USD-230630-12000-PUT,exchange,deribit,tardis,crypto,2022-11-09T00:00:00.000Z,2023-07-01T00:00:00.000Z,options_chain,BTC,USD,BTC,BTC-30JUN23-12000-P,btc-30jun23-12000-p,True,12000,PUT,2023-06-30T08:00:00Z,,,BTC-USD,,,,,,,
DERIBIT:OPTION:BTC-USD-230630-8000-PUT,DERIBIT,OPTION,BTC-USD-230630-8000-PUT,exchange,deribit,tardis,crypto,2022-11-17T00:00:00.000Z,2023-07-01T00:00:00.000Z,options_chain,BTC,USD,BTC,BTC-30JUN23-8000-P,btc-30jun23-8000-p,True,8000,PUT,2023-06-30T08:00:00Z,,,BTC-USD,,,,,,,
DERIBIT:OPTION:BTC-USD-230630-11000-PUT,DERIBIT,OPTION,BTC-USD-230630-11000-PUT,exchange,deribit,tardis,crypto,2022-11-26T00:00:00.000Z,2023-07-01T00:00:00.000Z,options_chain,BTC,USD,BTC,BTC-30JUN23-11000-P,btc-30jun23-11000-p,True,11000,PUT,2023-06-30T08:00:00Z,,,BTC-USD,,,,,,,
DERIBIT:OPTION:BTC-USD-230630-55000-CALL,DERIBIT,OPTION,BTC-USD-230630-55000-CALL,exchange,deribit,tardis,crypto,2023-02-16T00:00:00.000Z,2023-07-01T00:00:00.000Z,options_chain,BTC,USD,BTC,BTC-30JUN23-55000-C,btc-30jun23-55000-c,True,55000,CALL,2023-06-30T08:00:00Z,,,BTC-USD,,,,,,,
DERIBIT:OPTION:BTC-USD-230630-31000-CALL,DERIBIT,OPTION,BTC-USD-230630-31000-CALL,exchange,deribit,tardis,crypto,2023-03-19T00:00:00.000Z,2023-07-01T00:00:00.000Z,options_chain,BTC,USD,BTC,BTC-30JUN23-31000-C,btc-30jun23-31000-c,True,31000,CALL,2023-06-30T08:00:00Z,,,BTC-USD,,,,,,,
DERIBIT:OPTION:BTC-USD-230630-31000-PUT,DERIBIT,OPTION,BTC-USD-230630-31000-PUT,exchange,deribit,tardis,crypto,2023-03-20T00:00:00.000Z,2023-07-01T00:00:00.000Z,options_chain,BTC,USD,BTC,BTC-30JUN23-31000-P,btc-30jun23-31000-p,True,31000,PUT,2023-06-30T08:00:00Z,,,BTC-USD,,,,,,,
DERIBIT:OPTION:BTC-USD-230630-33000-CALL,DERIBIT,OPTION,BTC-USD-230630-33000-CALL,exchange,deribit,tardis,crypto,2023-03-29T00:00:00.000Z,2023-07-01T00:00:00.000Z,options_chain,BTC,USD,BTC,BTC-30JUN23-33000-C,btc-30jun23-33000-c,True,33000,CALL,2023-06-30T08:00:00Z,,,BTC-USD,,,,,,,
DERIBIT:OPTION:BTC-USD-230630-32000-CALL,DERIBIT,OPTION,BTC-USD-230630-32000-CALL,exchange,deribit,tardis,crypto,2023-03-29T00:00:00.000Z,2023-07-01T00:00:00.000Z,options_chain,BTC,USD,BTC,BTC-30JUN23-32000-C,btc-30jun23-32000-c,True,32000,CALL,2023-06-30T08:00:00Z,,,BTC-USD,,,,,,,
DERIBIT:OPTION:BTC-USD-230630-32000-PUT,DERIBIT,OPTION,BTC-USD-230630-32000-PUT,exchange,deribit,tardis,crypto,2023-03-29T00:00:00.000Z,2023-07-01T00:00:00.000Z,options_chain,BTC,USD,BTC,BTC-30JUN23-32000-P,btc-30jun23-32000-p,True,32000,PUT,2023-06-30T08:00:00Z,,,BTC-USD,,,,,,,
DERIBIT:OPTION:BTC-USD-230630-33000-PUT,DERIBIT,OPTION,BTC-USD-230630-33000-PUT,exchange,deribit,tardis,crypto,2023-03-29T00:00:00.000Z,2023-07-01T00:00:00.000Z,options_chain,BTC,USD,BTC,BTC-30JUN23-33000-P,btc-30jun23-33000-p,True,33000,PUT,2023-06-30T08:00:00Z,,,BTC-USD,,,,,,,
DERIBIT:OPTION:BTC-USD-230630-38000-CALL,DERIBIT,OPTION,BTC-USD-230630-38000-CALL,exchange,deribit,tardis,crypto,2023-03-29T00:00:00.000Z,2023-07-01T00:00:00.000Z,options_chain,BTC,USD,BTC,BTC-30JUN23-38000-C,btc-30jun23-38000-c,True,38000,CALL,2023-06-30T08:00:00Z,,,BTC-USD,,,,,,,
DERIBIT:OPTION:BTC-USD-230630-34000-CALL,DERIBIT,OPTION,BTC-USD-230630-34000-CALL,exchange,deribit,tardis,crypto,2023-03-29T00:00:00.000Z,2023-07-01T00:00:00.000Z,options_chain,BTC,USD,BTC,BTC-30JUN23-34000-C,btc-30jun23-34000-c,True,34000,CALL,2023-06-30T08:00:00Z,,,BTC-USD,,,,,,,
DERIBIT:OPTION:BTC-USD-230630-36000-CALL,DERIBIT,OPTION,BTC-USD-230630-36000-CALL,exchange,deribit,tardis,crypto,2023-03-29T00:00:00.000Z,2023-07-01T00:00:00.000Z,options_chain,BTC,USD,BTC,BTC-30JUN23-36000-C,btc-30jun23-36000-c,True,36000,CALL,2023-06-30T08:00:00Z,,,BTC-USD,,,,,,,
DERIBIT:OPTION:BTC-USD-230630-34000-PUT,DERIBIT,OPTION,BTC-USD-230630-34000-PUT,exchange,deribit,tardis,crypto,2023-03-29T00:00:00.000Z,2023-07-01T00:00:00.000Z,options_chain,BTC,USD,BTC,BTC-30JUN23-34000-P,btc-30jun23-34000-p,True,34000,PUT,2023-06-30T08:00:00Z,,,BTC-USD,,,,,,,
DERIBIT:OPTION:BTC-USD-230630-80000-PUT,DERIBIT,OPTION,BTC-USD-230630-80000-PUT,exchange,deribit,tardis,crypto,2022-06-23T00:00:00.000Z,2023-06-30T00:00:00.000Z,options_chain,BTC,USD,BTC,BTC-30JUN23-80000-P,btc-30jun23-80000-p,True,80000,PUT,2023-06-30T08:00:00Z,,,BTC-USD,,,,,,,
DERIBIT:OPTION:BTC-USD-230630-10000-CALL,DERIBIT,OPTION,BTC-USD-230630-10000-CALL,exchange,deribit,tardis,crypto,2022-06-23T00:00:00.000Z,2023-06-30T00:00:00.000Z,options_chain,BTC,USD,BTC,BTC-30JUN23-10000-C,btc-30jun23-10000-c,True,10000,CALL,2023-06-30T08:00:00Z,,,BTC-USD,,,,,,,
DERIBIT:OPTION:BTC-USD-230630-45000-PUT,DERIBIT,OPTION,BTC-USD-230630-45000-PUT,exchange,deribit,tardis,crypto,2022-06-23T00:00:00.000Z,2023-06-30T00:00:00.000Z,options_chain,BTC,USD,BTC,BTC-30JUN23-45000-P,btc-30jun23-45000-p,True,45000,PUT,2023-06-30T08:00:00Z,,,BTC-USD,,,,,,,
DERIBIT:OPTION:BTC-USD-230630-14000-CALL,DERIBIT,OPTION,BTC-USD-230630-14000-CALL,exchange,deribit,tardis,crypto,2022-06-23T00:00:00.000Z,2023-06-30T00:00:00.000Z,options_chain,BTC,USD,BTC,BTC-30JUN23-14000-C,btc-30jun23-14000-c,True,14000,CALL,2023-06-30T08:00:00Z,,,BTC-USD,,,,,,,
DERIBIT:OPTION:BTC-USD-230630-15000-CALL,DERIBIT,OPTION,BTC-USD-230630-15000-CALL,exchange,deribit,tardis,crypto,2022-06-23T00:00:00.000Z,2023-06-30T00:00:00.000Z,options_chain,BTC,USD,BTC,BTC-30JUN23-15000-C,btc-30jun23-15000-c,True,15000,CALL,2023-06-30T08:00:00Z,,,BTC-USD,,,,,,,
DERIBIT:OPTION:BTC-USD-230630-13000-CALL,DERIBIT,OPTION,BTC-USD-230630-13000-CALL,exchange,deribit,tardis,crypto,2022-06-30T00:00:00.000Z,2023-06-30T00:00:00.000Z,options_chain,BTC,USD,BTC,BTC-30JUN23-13000-C,btc-30jun23-13000-c,True,13000,CALL,2023-06-30T08:00:00Z,,,BTC-USD,,,,,,,
DERIBIT:OPTION:BTC-USD-230630-50000-PUT,DERIBIT,OPTION,BTC-USD-230630-50000-PUT,exchange,deribit,tardis,crypto,2022-06-30T00:00:00.000Z,2023-06-30T00:00:00.000Z,options_chain,BTC,USD,BTC,BTC-30JUN23-50000-P,btc-30jun23-50000-p,True,50000,PUT,2023-06-30T08:00:00Z,,,BTC-USD,,,,,,,
DERIBIT:OPTION:BTC-USD-230630-12000-CALL,DERIBIT,OPTION,BTC-USD-230630-12000-CALL,exchange,deribit,tardis,crypto,2022-11-09T00:00:00.000Z,2023-06-30T00:00:00.000Z,options_chain,BTC,USD,BTC,BTC-30JUN23-12000-C,btc-30jun23-12000-c,True,12000,CALL,2023-06-30T08:00:00Z,,,BTC-USD,,,,,,,
DERIBIT:OPTION:BTC-USD-230630-8000-CALL,DERIBIT,OPTION,BTC-USD-230630-8000-CALL,exchange,deribit,tardis,crypto,2022-11-17T00:00:00.000Z,2023-06-30T00:00:00.000Z,options_chain,BTC,USD,BTC,BTC-30JUN23-8000-C,btc-30jun23-8000-c,True,8000,CALL,2023-06-30T08:00:00Z,,,BTC-USD,,,,,,,
DERIBIT:OPTION:BTC-USD-230630-11000-CALL,DERIBIT,OPTION,BTC-USD-230630-11000-CALL,exchange,deribit,tardis,crypto,2022-11-28T00:00:00.000Z,2023-06-30T00:00:00.000Z,options_chain,BTC,USD,BTC,BTC-30JUN23-11000-C,btc-30jun23-11000-c,True,11000,CALL,2023-06-30T08:00:00Z,,,BTC-USD,,,,,,,
DERIBIT:OPTION:BTC-USD-230630-38000-PUT,DERIBIT,OPTION,BTC-USD-230630-38000-PUT,exchange,deribit,tardis,crypto,2023-03-29T00:00:00.000Z,2023-06-30T00:00:00.000Z,options_chain,BTC,USD,BTC,BTC-30JUN23-38000-P,btc-30jun23-38000-p,True,38000,PUT,2023-06-30T08:00:00Z,,,BTC-USD,,,,,,,
DERIBIT:OPTION:BTC-USD-230630-36000-PUT,DERIBIT,OPTION,BTC-USD-230630-36000-PUT,exchange,deribit,tardis,crypto,2023-03-29T00:00:00.000Z,2023-06-30T00:00:00.000Z,options_chain,BTC,USD,BTC,BTC-30JUN23-36000-P,btc-30jun23-36000-p,True,36000,PUT,2023-06-30T08:00:00Z,,,BTC-USD,,,,,,,
DERIBIT:OPTION:BTC-USD-230630-100000-PUT,DERIBIT,OPTION,BTC-USD-230630-100000-PUT,exchange,deribit,tardis,crypto,2022-09-19T00:00:00.000Z,2023-06-13T00:00:00.000Z,options_chain,BTC,USD,BTC,BTC-30JUN23-100000-P,btc-30jun23-100000-p,True,100000,PUT,2023-06-30T08:00:00Z,,,BTC-USD,,,,,,,
DERIBIT:OPTION:BTC-USD-230630-55000-PUT,DERIBIT,OPTION,BTC-USD-230630-55000-PUT,exchange,deribit,tardis,crypto,2023-03-09T00:00:00.000Z,2023-06-13T00:00:00.000Z,options_chain,BTC,USD,BTC,BTC-30JUN23-55000-P,btc-30jun23-55000-p,True,55000,PUT,2023-06-30T08:00:00Z,,,BTC-USD,,,,,,,
DERIBIT:OPTION:BTC-USD-230609-31000-CALL,DERIBIT,OPTION,BTC-USD-230609-31000-CALL,exchange,deribit,tardis,crypto,2023-05-18T00:00:00.000Z,2023-06-10T00:00:00.000Z,options_chain,BTC,USD,BTC,BTC-9JUN23-31000-C,btc-9jun23-31000-c,True,31000,CALL,2023-06-09T08:00:00Z,,,BTC-USD,,,,,,,
DERIBIT:OPTION:BTC-USD-230609-30000-CALL,DERIBIT,OPTION,BTC-USD-230609-30000-CALL,exchange,deribit,tardis,crypto,2023-05-18T00:00:00.000Z,2023-06-10T00:00:00.000Z,options_chain,BTC,USD,BTC,BTC-9JUN23-30000-C,btc-9jun23-30000-c,True,30000,CALL,2023-06-09T08:00:00Z,,,BTC-USD,,,,,,,
DERIBIT:OPTION:BTC-USD-230609-29000-CALL,DERIBIT,OPTION,BTC-USD-230609-29000-CALL,exchange,deribit,tardis,crypto,2023-05-18T00:00:00.000Z,2023-06-10T00:00:00.000Z,options_chain,BTC,USD,BTC,BTC-9JUN23-29000-C,btc-9jun23-29000-c,True,29000,CALL,2023-06-09T08:00:00Z,,,BTC-USD,,,,,,,
DERIBIT:OPTION:BTC-USD-230609-25500-PUT,DERIBIT,OPTION,BTC-USD-230609-25500-PUT,exchange,deribit,tardis,crypto,2023-05-18T00:00:00.000Z,2023-06-10T00:00:00.000Z,options_chain,BTC,USD,BTC,BTC-9JUN23-25500-P,btc-9jun23-25500-p,True,25500,PUT,2023-06-09T08:00:00Z,,,BTC-USD,,,,,,,
DERIBIT:OPTION:BTC-USD-230609-32000-CALL,DERIBIT,OPTION,BTC-USD-230609-32000-CALL,exchange,deribit,tardis,crypto,2023-05-18T00:00:00.000Z,2023-06-10T00:00:00.000Z,options_chain,BTC,USD,BTC,BTC-9JUN23-32000-C,btc-9jun23-32000-c,True,32000,CALL,2023-06-09T08:00:00Z,,,BTC-USD,,,,,,,
DERIBIT:OPTION:BTC-USD-230609-34000-CALL,DERIBIT,OPTION,BTC-USD-230609-34000-CALL,exchange,deribit,tardis,crypto,2023-05-18T00:00:00.000Z,2023-06-10T00:00:00.000Z,options_chain,BTC,USD,BTC,BTC-9JUN23-34000-C,btc-9jun23-34000-c,True,34000,CALL,2023-06-09T08:00:00Z,,,BTC-USD,,,,,,,
DERIBIT:OPTION:BTC-USD-230609-22000-PUT,DERIBIT,OPTION,BTC-USD-230609-22000-PUT,exchange,deribit,tardis,crypto,2023-05-18T00:00:00.000Z,2023-06-10T00:00:00.000Z,options_chain,BTC,USD,BTC,BTC-9JUN23-22000-P,btc-9jun23-22000-p,True,22000,PUT,2023-06-09T08:00:00Z,,,BTC-USD,,,,,,,
DERIBIT:OPTION:BTC-USD-230609-27000-PUT,DERIBIT,OPTION,BTC-USD-230609-27000-PUT,exchange,deribit,tardis,crypto,2023-05-18T00:00:00.000Z,2023-06-10T00:00:00.000Z,options_chain,BTC,USD,BTC,BTC-9JUN23-27000-P,btc-9jun23-27000-p,True,27000,PUT,2023-06-09T08:00:00Z,,,BTC-USD,,,,,,,
DERIBIT:OPTION:BTC-USD-230609-24500-PUT,DERIBIT,OPTION,BTC-USD-230609-24500-PUT,exchange,deribit,tardis,crypto,2023-05-18T00:00:00.000Z,2023-06-10T00:00:00.000Z,options_chain,BTC,USD,BTC,BTC-9JUN23-24500-P,btc-9jun23-24500-p,True,24500,PUT,2023-06-09T08:00:00Z,,,BTC-USD,,,,,,,
DERIBIT:OPTION:BTC-USD-230609-27500-PUT,DERIBIT,OPTION,BTC-USD-230609-27500-PUT,exchange,deribit,tardis,crypto,2023-05-18T00:00:00.000Z,2023-06-10T00:00:00.000Z,options_chain,BTC,USD,BTC,BTC-9JUN23-27500-P,btc-9jun23-27500-p,True,27500,PUT,2023-06-09T08:00:00Z,,,BTC-USD,,,,,,,
DERIBIT:OPTION:BTC-USD-230609-23000-PUT,DERIBIT,OPTION,BTC-USD-230609-23000-PUT,exchange,deribit,tardis,crypto,2023-05-18T00:00:00.000Z,2023-06-10T00:00:00.000Z,options_chain,BTC,USD,BTC,BTC-9JUN23-23000-P,btc-9jun23-23000-p,True,23000,PUT,2023-06-09T08:00:00Z,,,BTC-USD,,,,,,,
DERIBIT:OPTION:BTC-USD-230609-33000-CALL,DERIBIT,OPTION,BTC-USD-230609-33000-CALL,exchange,deribit,tardis,crypto,2023-05-18T00:00:00.000Z,2023-06-10T00:00:00.000Z,options_chain,BTC,USD,BTC,BTC-9JUN23-33000-C,btc-9jun23-33000-c,True,33000,CALL,2023-06-09T08:00:00Z,,,BTC-USD,,,,,,,
DERIBIT:OPTION:BTC-USD-230609-23500-PUT,DERIBIT,OPTION,BTC-USD-230609-23500-PUT,exchange,deribit,tardis,crypto,2023-05-18T00:00:00.000Z,2023-06-10T00:00:00.000Z,options_chain,BTC,USD,BTC,BTC-9JUN23-23500-P,btc-9jun23-23500-p,True,23500,PUT,2023-06-09T08:00:00Z,,,BTC-USD,,,,,,,
DERIBIT:OPTION:BTC-USD-230609-26000-PUT,DERIBIT,OPTION,BTC-USD-230609-26000-PUT,exchange,deribit,tardis,crypto,2023-05-18T00:00:00.000Z,2023-06-10T00:00:00.000Z,options_chain,BTC,USD,BTC,BTC-9JUN23-26000-P,btc-9jun23-26000-p,True,26000,PUT,2023-06-09T08:00:00Z,,,BTC-USD,,,,,,,
DERIBIT:OPTION:BTC-USD-230609-24000-PUT,DERIBIT,OPTION,BTC-USD-230609-24000-PUT,exchange,deribit,tardis,crypto,2023-05-18T00:00:00.000Z,2023-06-10T00:00:00.000Z,options_chain,BTC,USD,BTC,BTC-9JUN23-24000-P,btc-9jun23-24000-p,True,24000,PUT,2023-06-09T08:00:00Z,,,BTC-USD,,,,,,,
DERIBIT:OPTION:BTC-USD-230609-29500-CALL,DERIBIT,OPTION,BTC-USD-230609-29500-CALL,exchange,deribit,tardis,crypto,2023-05-18T00:00:00.000Z,2023-06-10T00:00:00.000Z,options_chain,BTC,USD,BTC,BTC-9JUN23-29500-C,btc-9jun23-29500-c,True,29500,CALL,2023-06-09T08:00:00Z,,,BTC-USD,,,,,,,
DERIBIT:OPTION:BTC-USD-230609-25000-PUT,DERIBIT,OPTION,BTC-USD-230609-25000-PUT,exchange,deribit,tardis,crypto,2023-05-18T00:00:00.000Z,2023-06-10T00:00:00.000Z,options_chain,BTC,USD,BTC,BTC-9JUN23-25000-P,btc-9jun23-25000-p,True,25000,PUT,2023-06-09T08:00:00Z,,,BTC-USD,,,,,,,
DERIBIT:OPTION:BTC-USD-230609-28000-CALL,DERIBIT,OPTION,BTC-USD-230609-28000-CALL,exchange,deribit,tardis,crypto,2023-05-18T00:00:00.000Z,2023-06-10T00:00:00.000Z,options_chain,BTC,USD,BTC,BTC-9JUN23-28000-C,btc-9jun23-28000-c,True,28000,CALL,2023-06-09T08:00:00Z,,,BTC-USD,,,,,,,
DERIBIT:OPTION:BTC-USD-230609-36000-CALL,DERIBIT,OPTION,BTC-USD-230609-36000-CALL,exchange,deribit,tardis,crypto,2023-05-18T00:00:00.000Z,2023-06-10T00:00:00.000Z,options_chain,BTC,USD,BTC,BTC-9JUN23-36000-C,btc-9jun23-36000-c,True,36000,CALL,2023-06-09T08:00:00Z,,,BTC-USD,,,,,,,
DERIBIT:OPTION:BTC-USD-230609-35000-CALL,DERIBIT,OPTION,BTC-USD-230609-35000-CALL,exchange,deribit,tardis,crypto,2023-05-18T00:00:00.000Z,2023-06-10T00:00:00.000Z,options_chain,BTC,USD,BTC,BTC-9JUN23-35000-C,btc-9jun23-35000-c,True,35000,CALL,2023-06-09T08:00:00Z,,,BTC-USD,,,,,,,
DERIBIT:OPTION:BTC-USD-230609-26500-PUT,DERIBIT,OPTION,BTC-USD-230609-26500-PUT,exchange,deribit,tardis,crypto,2023-05-18T00:00:00.000Z,2023-06-10T00:00:00.000Z,options_chain,BTC,USD,BTC,BTC-9JUN23-26500-P,btc-9jun23-26500-p,True,26500,PUT,2023-06-09T08:00:00Z,,,BTC-USD,,,,,,,
DERIBIT:OPTION:BTC-USD-230609-27500-CALL,DERIBIT,OPTION,BTC-USD-230609-27500-CALL,exchange,deribit,tardis,crypto,2023-05-18T00:00:00.000Z,2023-06-10T00:00:00.000Z,options_chain,BTC,USD,BTC,BTC-9JUN23-27500-C,btc-9jun23-27500-c,True,27500,CALL,2023-06-09T08:00:00Z,,,BTC-USD,,,,,,,
DERIBIT:OPTION:BTC-USD-230609-28500-CALL,DERIBIT,OPTION,BTC-USD-230609-28500-CALL,exchange,deribit,tardis,crypto,2023-05-18T00:00:00.000Z,2023-06-10T00:00:00.000Z,options_chain,BTC,USD,BTC,BTC-9JUN23-28500-C,btc-9jun23-28500-c,True,28500,CALL,2023-06-09T08:00:00Z,,,BTC-USD,,,,,,,
DERIBIT:OPTION:BTC-USD-230609-26500-CALL,DERIBIT,OPTION,BTC-USD-230609-26500-CALL,exchange,deribit,tardis,crypto,2023-05-18T00:00:00.000Z,2023-06-10T00:00:00.000Z,options_chain,BTC,USD,BTC,BTC-9JUN23-26500-C,btc-9jun23-26500-c,True,26500,CALL,2023-06-09T08:00:00Z,,,BTC-USD,,,,,,,
DERIBIT:OPTION:BTC-USD-230609-17000-PUT,DERIBIT,OPTION,BTC-USD-230609-17000-PUT,exchange,deribit,tardis,crypto,2023-05-18T00:00:00.000Z,2023-06-10T00:00:00.000Z,options_chain,BTC,USD,BTC,BTC-9JUN23-17000-P,btc-9jun23-17000-p,True,17000,PUT,2023-06-09T08:00:00Z,,,BTC-USD,,,,,,,
DERIBIT:OPTION:BTC-USD-230609-27000-CALL,DERIBIT,OPTION,BTC-USD-230609-27000-CALL,exchange,deribit,tardis,crypto,2023-05-18T00:00:00.000Z,2023-06-10T00:00:00.000Z,options_chain,BTC,USD,BTC,BTC-9JUN23-27000-C,btc-9jun23-27000-c,True,27000,CALL,2023-06-09T08:00:00Z,,,BTC-USD,,,,,,,
DERIBIT:OPTION:BTC-USD-230609-19000-PUT,DERIBIT,OPTION,BTC-USD-230609-19000-PUT,exchange,deribit,tardis,crypto,2023-05-18T00:00:00.000Z,2023-06-10T00:00:00.000Z,options_chain,BTC,USD,BTC,BTC-9JUN23-19000-P,btc-9jun23-19000-p,True,19000,PUT,2023-06-09T08:00:00Z,,,BTC-USD,,,,,,,
DERIBIT:OPTION:BTC-USD-230609-18000-PUT,DERIBIT,OPTION,BTC-USD-230609-18000-PUT,exchange,deribit,tardis,crypto,2023-05-18T00:00:00.000Z,2023-06-10T00:00:00.000Z,options_chain,BTC,USD,BTC,BTC-9JUN23-18000-P,btc-9jun23-18000-p,True,18000,PUT,2023-06-09T08:00:00Z,,,BTC-USD,,,,,,,
DERIBIT:OPTION:BTC-USD-230609-20000-PUT,DERIBIT,OPTION,BTC-USD-230609-20000-PUT,exchange,deribit,tardis,crypto,2023-05-18T00:00:00.000Z,2023-06-10T00:00:00.000Z,options_chain,BTC,USD,BTC,BTC-9JUN23-20000-P,btc-9jun23-20000-p,True,20000,PUT,2023-06-09T08:00:00Z,,,BTC-USD,,,,,,,
DERIBIT:OPTION:BTC-USD-230609-21000-PUT,DERIBIT,OPTION,BTC-USD-230609-21000-PUT,exchange,deribit,tardis,crypto,2023-05-18T00:00:00.000Z,2023-06-10T00:00:00.000Z,options_chain,BTC,USD,BTC,BTC-9JUN23-21000-P,btc-9jun23-21000-p,True,21000,PUT,2023-06-09T08:00:00Z,,,BTC-USD,,,,,,,
DERIBIT:OPTION:BTC-USD-230609-39000-CALL,DERIBIT,OPTION,BTC-USD-230609-39000-CALL,exchange,deribit,tardis,crypto,2023-05-18T00:00:00.000Z,2023-06-10T00:00:00.000Z,options_chain,BTC,USD,BTC,BTC-9JUN23-39000-C,btc-9jun23-39000-c,True,39000,CALL,2023-06-09T08:00:00Z,,,BTC-USD,,,,,,,
DERIBIT:OPTION:BTC-USD-230609-41000-CALL,DERIBIT,OPTION,BTC-USD-230609-41000-CALL,exchange,deribit,tardis,crypto,2023-05-18T00:00:00.000Z,2023-06-10T00:00:00.000Z,options_chain,BTC,USD,BTC,BTC-9JUN23-41000-C,btc-9jun23-41000-c,True,41000,CALL,2023-06-09T08:00:00Z,,,BTC-USD,,,,,,,
DERIBIT:OPTION:BTC-USD-230609-37000-CALL,DERIBIT,OPTION,BTC-USD-230609-37000-CALL,exchange,deribit,tardis,crypto,2023-05-18T00:00:00.000Z,2023-06-10T00:00:00.000Z,options_chain,BTC,USD,BTC,BTC-9JUN23-37000-C,btc-9jun23-37000-c,True,37000,CALL,2023-06-09T08:00:00Z,,,BTC-USD,,,,,,,
DERIBIT:OPTION:BTC-USD-230609-40000-CALL,DERIBIT,OPTION,BTC-USD-230609-40000-CALL,exchange,deribit,tardis,crypto,2023-05-18T00:00:00.000Z,2023-06-10T00:00:00.000Z,options_chain,BTC,USD,BTC,BTC-9JUN23-40000-C,btc-9jun23-40000-c,True,40000,CALL,2023-06-09T08:00:00Z,,,BTC-USD,,,,,,,
DERIBIT:OPTION:BTC-USD-230609-43000-CALL,DERIBIT,OPTION,BTC-USD-230609-43000-CALL,exchange,deribit,tardis,crypto,2023-05-18T00:00:00.000Z,2023-06-10T00:00:00.000Z,options_chain,BTC,USD,BTC,BTC-9JUN23-43000-C,btc-9jun23-43000-c,True,43000,CALL,2023-06-09T08:00:00Z,,,BTC-USD,,,,,,,
DERIBIT:OPTION:BTC-USD-230609-16000-PUT,DERIBIT,OPTION,BTC-USD-230609-16000-PUT,exchange,deribit,tardis,crypto,2023-05-18T00:00:00.000Z,2023-06-10T00:00:00.000Z,options_chain,BTC,USD,BTC,BTC-9JUN23-16000-P,btc-9jun23-16000-p,True,16000,PUT,2023-06-09T08:00:00Z,,,BTC-USD,,,,,,,
DERIBIT:OPTION:BTC-USD-230609-15000-PUT,DERIBIT,OPTION,BTC-USD-230609-15000-PUT,exchange,deribit,tardis,crypto,2023-05-18T00:00:00.000Z,2023-06-10T00:00:00.000Z,options_chain,BTC,USD,BTC,BTC-9JUN23-15000-P,btc-9jun23-15000-p,True,15000,PUT,2023-06-09T08:00:00Z,,,BTC-USD,,,,,,,
DERIBIT:OPTION:BTC-USD-230609-42000-CALL,DERIBIT,OPTION,BTC-USD-230609-42000-CALL,exchange,deribit,tardis,crypto,2023-05-18T00:00:00.000Z,2023-06-10T00:00:00.000Z,options_chain,BTC,USD,BTC,BTC-9JUN23-42000-C,btc-9jun23-42000-c,True,42000,CALL,2023-06-09T08:00:00Z,,,BTC-USD,,,,,,,
DERIBIT:OPTION:BTC-USD-230609-44000-CALL,DERIBIT,OPTION,BTC-USD-230609-44000-CALL,exchange,deribit,tardis,crypto,2023-05-18T00:00:00.000Z,2023-06-10T00:00:00.000Z,options_chain,BTC,USD,BTC,BTC-9JUN23-44000-C,btc-9jun23-44000-c,True,44000,CALL,2023-06-09T08:00:00Z,,,BTC-USD,,,,,,,
DERIBIT:OPTION:BTC-USD-230609-45000-CALL,DERIBIT,OPTION,BTC-USD-230609-45000-CALL,exchange,deribit,tardis,crypto,2023-05-18T00:00:00.000Z,2023-06-10T00:00:00.000Z,options_chain,BTC,USD,BTC,BTC-9JUN23-45000-C,btc-9jun23-45000-c,True,45000,CALL,2023-06-09T08:00:00Z,,,BTC-USD,,,,,,,
DERIBIT:OPTION:BTC-USD-230609-38000-CALL,DERIBIT,OPTION,BTC-USD-230609-38000-CALL,exchange,deribit,tardis,crypto,2023-05-18T00:00:00.000Z,2023-06-10T00:00:00.000Z,options_chain,BTC,USD,BTC,BTC-9JUN23-38000-C,btc-9jun23-38000-c,True,38000,CALL,2023-06-09T08:00:00Z,,,BTC-USD,,,,,,,
DERIBIT:OPTION:BTC-USD-230609-14000-PUT,DERIBIT,OPTION,BTC-USD-230609-14000-PUT,exchange,deribit,tardis,crypto,2023-05-18T00:00:00.000Z,2023-06-10T00:00:00.000Z,options_chain,BTC,USD,BTC,BTC-9JUN23-14000-P,btc-9jun23-14000-p,True,14000,PUT,2023-06-09T08:00:00Z,,,BTC-USD,,,,,,,
DERIBIT:OPTION:BTC-USD-230609-28000-PUT,DERIBIT,OPTION,BTC-USD-230609-28000-PUT,exchange,deribit,tardis,crypto,2023-05-18T00:00:00.000Z,2023-06-10T00:00:00.000Z,options_chain,BTC,USD,BTC,BTC-9JUN23-28000-P,btc-9jun23-28000-p,True,28000,PUT,2023-06-09T08:00:00Z,,,BTC-USD,,,,,,,
DERIBIT:OPTION:BTC-USD-230609-28500-PUT,DERIBIT,OPTION,BTC-USD-230609-28500-PUT,exchange,deribit,tardis,crypto,2023-05-18T00:00:00.000Z,2023-06-10T00:00:00.000Z,options_chain,BTC,USD,BTC,BTC-9JUN23-28500-P,btc-9jun23-28500-p,True,28500,PUT,2023-06-09T08:00:00Z,,,BTC-USD,,,,,,,
DERIBIT:OPTION:BTC-USD-230609-23000-CALL,DERIBIT,OPTION,BTC-USD-230609-23000-CALL,exchange,deribit,tardis,crypto,2023-05-18T00:00:00.000Z,2023-06-10T00:00:00.000Z,options_chain,BTC,USD,BTC,BTC-9JUN23-23000-C,btc-9jun23-23000-c,True,23000,CALL,2023-06-09T08:00:00Z,,,BTC-USD,,,,,,,
DERIBIT:OPTION:BTC-USD-230609-25000-CALL,DERIBIT,OPTION,BTC-USD-230609-25000-CALL,exchange,deribit,tardis,crypto,2023-05-18T00:00:00.000Z,2023-06-10T00:00:00.000Z,options_chain,BTC,USD,BTC,BTC-9JUN23-25000-C,btc-9jun23-25000-c,True,25000,CALL,2023-06-09T08:00:00Z,,,BTC-USD,,,,,,,
DERIBIT:OPTION:BTC-USD-230609-29000-PUT,DERIBIT,OPTION,BTC-USD-230609-29000-PUT,exchange,deribit,tardis,crypto,2023-05-18T00:00:00.000Z,2023-06-10T00:00:00.000Z,options_chain,BTC,USD,BTC,BTC-9JUN23-29000-P,btc-9jun23-29000-p,True,29000,PUT,2023-06-09T08:00:00Z,,,BTC-USD,,,,,,,
DERIBIT:OPTION:BTC-USD-230609-26000-CALL,DERIBIT,OPTION,BTC-USD-230609-26000-CALL,exchange,deribit,tardis,crypto,2023-05-18T00:00:00.000Z,2023-06-10T00:00:00.000Z,options_chain,BTC,USD,BTC,BTC-9JUN23-26000-C,btc-9jun23-26000-c,True,26000,CALL,2023-06-09T08:00:00Z,,,BTC-USD,,,,,,,
DERIBIT:OPTION:BTC-USD-230609-25500-CALL,DERIBIT,OPTION,BTC-USD-230609-25500-CALL,exchange,deribit,tardis,crypto,2023-05-18T00:00:00.000Z,2023-06-10T00:00:00.000Z,options_chain,BTC,USD,BTC,BTC-9JUN23-25500-C,btc-9jun23-25500-c,True,25500,CALL,2023-06-09T08:00:00Z,,,BTC-USD,,,,,,,
DERIBIT:OPTION:BTC-USD-230609-24000-CALL,DERIBIT,OPTION,BTC-USD-230609-24000-CALL,exchange,deribit,tardis,crypto,2023-05-18T00:00:00.000Z,2023-06-10T00:00:00.000Z,options_chain,BTC,USD,BTC,BTC-9JUN23-24000-C,btc-9jun23-24000-c,True,24000,CALL,2023-06-09T08:00:00Z,,,BTC-USD,,,,,,,
DERIBIT:OPTION:BTC-USD-230609-24500-CALL,DERIBIT,OPTION,BTC-USD-230609-24500-CALL,exchange,deribit,tardis,crypto,2023-05-18T00:00:00.000Z,2023-06-10T00:00:00.000Z,options_chain,BTC,USD,BTC,BTC-9JUN23-24500-C,btc-9jun23-24500-c,True,24500,CALL,2023-06-09T08:00:00Z,,,BTC-USD,,,,,,,
DERIBIT:OPTION:BTC-USD-230609-17000-CALL,DERIBIT,OPTION,BTC-USD-230609-17000-CALL,exchange,deribit,tardis,crypto,2023-05-18T00:00:00.000Z,2023-06-10T00:00:00.000Z,options_chain,BTC,USD,BTC,BTC-9JUN23-17000-C,btc-9jun23-17000-c,True,17000,CALL,2023-06-09T08:00:00Z,,,BTC-USD,,,,,,,
DERIBIT:OPTION:BTC-USD-230609-15000-CALL,DERIBIT,OPTION,BTC-USD-230609-15000-CALL,exchange,deribit,tardis,crypto,2023-05-18T00:00:00.000Z,2023-06-10T00:00:00.000Z,options_chain,BTC,USD,BTC,BTC-9JUN23-15000-C,btc-9jun23-15000-c,True,15000,CALL,2023-06-09T08:00:00Z,,,BTC-USD,,,,,,,
DERIBIT:OPTION:BTC-USD-230609-20000-CALL,DERIBIT,OPTION,BTC-USD-230609-20000-CALL,exchange,deribit,tardis,crypto,2023-05-18T00:00:00.000Z,2023-06-10T00:00:00.000Z,options_chain,BTC,USD,BTC,BTC-9JUN23-20000-C,btc-9jun23-20000-c,True,20000,CALL,2023-06-09T08:00:00Z,,,BTC-USD,,,,,,,
DERIBIT:OPTION:BTC-USD-230609-16000-CALL,DERIBIT,OPTION,BTC-USD-230609-16000-CALL,exchange,deribit,tardis,crypto,2023-05-18T00:00:00.000Z,2023-06-10T00:00:00.000Z,options_chain,BTC,USD,BTC,BTC-9JUN23-16000-C,btc-9jun23-16000-c,True,16000,CALL,2023-06-09T08:00:00Z,,,BTC-USD,,,,,,,
DERIBIT:OPTION:BTC-USD-230609-22500-PUT,DERIBIT,OPTION,BTC-USD-230609-22500-PUT,exchange,deribit,tardis,crypto,2023-05-18T00:00:00.000Z,2023-06-10T00:00:00.000Z,options_chain,BTC,USD,BTC,BTC-9JUN23-22500-P,btc-9jun23-22500-p,True,22500,PUT,2023-06-09T08:00:00Z,,,BTC-USD,,,,,,,
DERIBIT:OPTION:BTC-USD-230609-33000-PUT,DERIBIT,OPTION,BTC-USD-230609-33000-PUT,exchange,deribit,tardis,crypto,2023-05-18T00:00:00.000Z,2023-06-09T00:00:00.000Z,options_chain,BTC,USD,BTC,BTC-9JUN23-33000-P,btc-9jun23-33000-p,True,33000,PUT,2023-06-09T08:00:00Z,,,BTC-USD,,,,,,,
DERIBIT:OPTION:BTC-USD-230609-22000-CALL,DERIBIT,OPTION,BTC-USD-230609-22000-CALL,exchange,deribit,tardis,crypto,2023-05-18T00:00:00.000Z,2023-06-09T00:00:00.000Z,options_chain,BTC,USD,BTC,BTC-9JUN23-22000-C,btc-9jun23-22000-c,True,22000,CALL,2023-06-09T08:00:00Z,,,BTC-USD,,,,,,,
DERIBIT:OPTION:BTC-USD-230609-29500-PUT,DERIBIT,OPTION,BTC-USD-230609-29500-PUT,exchange,deribit,tardis,crypto,2023-05-18T00:00:00.000Z,2023-06-09T00:00:00.000Z,options_chain,BTC,USD,BTC,BTC-9JUN23-29500-P,btc-9jun23-29500-p,True,29500,PUT,2023-06-09T08:00:00Z,,,BTC-USD,,,,,,,
DERIBIT:OPTION:BTC-USD-230609-30000-PUT,DERIBIT,OPTION,BTC-USD-230609-30000-PUT,exchange,deribit,tardis,crypto,2023-05-18T00:00:00.000Z,2023-06-09T00:00:00.000Z,options_chain,BTC,USD,BTC,BTC-9JUN23-30000-P,btc-9jun23-30000-p,True,30000,PUT,2023-06-09T08:00:00Z,,,BTC-USD,,,,,,,
DERIBIT:OPTION:BTC-USD-230609-43000-PUT,DERIBIT,OPTION,BTC-USD-230609-43000-PUT,exchange,deribit,tardis,crypto,2023-05-18T00:00:00.000Z,2023-06-09T00:00:00.000Z,options_chain,BTC,USD,BTC,BTC-9JUN23-43000-P,btc-9jun23-43000-p,True,43000,PUT,2023-06-09T08:00:00Z,,,BTC-USD,,,,,,,
DERIBIT:OPTION:BTC-USD-230609-35000-PUT,DERIBIT,OPTION,BTC-USD-230609-35000-PUT,exchange,deribit,tardis,crypto,2023-05-18T00:00:00.000Z,2023-06-09T00:00:00.000Z,options_chain,BTC,USD,BTC,BTC-9JUN23-35000-P,btc-9jun23-35000-p,True,35000,PUT,2023-06-09T08:00:00Z,,,BTC-USD,,,,,,,
DERIBIT:OPTION:BTC-USD-230609-32000-PUT,DERIBIT,OPTION,BTC-USD-230609-32000-PUT,exchange,deribit,tardis,crypto,2023-05-18T00:00:00.000Z,2023-06-09T00:00:00.000Z,options_chain,BTC,USD,BTC,BTC-9JUN23-32000-P,btc-9jun23-32000-p,True,32000,PUT,2023-06-09T08:00:00Z,,,BTC-USD,,,,,,,
DERIBIT:OPTION:BTC-USD-230609-23500-CALL,DERIBIT,OPTION,BTC-USD-230609-23500-CALL,exchange,deribit,tardis,crypto,2023-05-18T00:00:00.000Z,2023-06-09T00:00:00.000Z,options_chain,BTC,USD,BTC,BTC-9JUN23-23500-C,btc-9jun23-23500-c,True,23500,CALL,2023-06-09T08:00:00Z,,,BTC-USD,,,,,,,
DERIBIT:OPTION:BTC-USD-230609-31000-PUT,DERIBIT,OPTION,BTC-USD-230609-31000-PUT,exchange,deribit,tardis,crypto,2023-05-18T00:00:00.000Z,2023-06-09T00:00:00.000Z,options_chain,BTC,USD,BTC,BTC-9JUN23-31000-P,btc-9jun23-31000-p,True,31000,PUT,2023-06-09T08:00:00Z,,,BTC-USD,,,,,,,
DERIBIT:OPTION:BTC-USD-230609-45000-PUT,DERIBIT,OPTION,BTC-USD-230609-45000-PUT,exchange,deribit,tardis,crypto,2023-05-18T00:00:00.000Z,2023-06-09T00:00:00.000Z,options_chain,BTC,USD,BTC,BTC-9JUN23-45000-P,btc-9jun23-45000-p,True,45000,PUT,2023-06-09T08:00:00Z,,,BTC-USD,,,,,,,
DERIBIT:OPTION:BTC-USD-230609-38000-PUT,DERIBIT,OPTION,BTC-USD-230609-38000-PUT,exchange,deribit,tardis,crypto,2023-05-18T00:00:00.000Z,2023-06-09T00:00:00.000Z,options_chain,BTC,USD,BTC,BTC-9JUN23-38000-P,btc-9jun23-38000-p,True,38000,PUT,2023-06-09T08:00:00Z,,,BTC-USD,,,,,,,
DERIBIT:OPTION:BTC-USD-230609-14000-CALL,DERIBIT,OPTION,BTC-USD-230609-14000-CALL,exchange,deribit,tardis,crypto,2023-05-18T00:00:00.000Z,2023-06-09T00:00:00.000Z,options_chain,BTC,USD,BTC,BTC-9JUN23-14000-C,btc-9jun23-14000-c,True,14000,CALL,2023-06-09T08:00:00Z,,,BTC-USD,,,,,,,
DERIBIT:OPTION:BTC-USD-230609-21000-CALL,DERIBIT,OPTION,BTC-USD-230609-21000-CALL,exchange,deribit,tardis,crypto,2023-05-18T00:00:00.000Z,2023-06-09T00:00:00.000Z,options_chain,BTC,USD,BTC,BTC-9JUN23-21000-C,btc-9jun23-21000-c,True,21000,CALL,2023-06-09T08:00:00Z,,,BTC-USD,,,,,,,
DERIBIT:OPTION:BTC-USD-230609-39000-PUT,DERIBIT,OPTION,BTC-USD-230609-39000-PUT,exchange,deribit,tardis,crypto,2023-05-18T00:00:00.000Z,2023-06-09T00:00:00.000Z,options_chain,BTC,USD,BTC,BTC-9JUN23-39000-P,btc-9jun23-39000-p,True,39000,PUT,2023-06-09T08:00:00Z,,,BTC-USD,,,,,,,
DERIBIT:OPTION:BTC-USD-230609-18000-CALL,DERIBIT,OPTION,BTC-USD-230609-18000-CALL,exchange,deribit,tardis,crypto,2023-05-18T00:00:00.000Z,2023-06-09T00:00:00.000Z,options_chain,BTC,USD,BTC,BTC-9JUN23-18000-C,btc-9jun23-18000-c,True,18000,CALL,2023-06-09T08:00:00Z,,,BTC-USD,,,,,,,
DERIBIT:OPTION:BTC-USD-230609-34000-PUT,DERIBIT,OPTION,BTC-USD-230609-34000-PUT,exchange,deribit,tardis,crypto,2023-05-18T00:00:00.000Z,2023-06-09T00:00:00.000Z,options_chain,BTC,USD,BTC,BTC-9JUN23-34000-P,btc-9jun23-34000-p,True,34000,PUT,2023-06-09T08:00:00Z,,,BTC-USD,,,,,,,
DERIBIT:OPTION:BTC-USD-230609-42000-PUT,DERIBIT,OPTION,BTC-USD-230609-42000-PUT,exchange,deribit,tardis,crypto,2023-05-18T00:00:00.000Z,2023-06-09T00:00:00.000Z,options_chain,BTC,USD,BTC,BTC-9JUN23-42000-P,btc-9jun23-42000-p,True,42000,PUT,2023-06-09T08:00:00Z,,,BTC-USD,,,,,,,
DERIBIT:OPTION:BTC-USD-230609-44000-PUT,DERIBIT,OPTION,BTC-USD-230609-44000-PUT,exchange,deribit,tardis,crypto,2023-05-18T00:00:00.000Z,2023-06-09T00:00:00.000Z,options_chain,BTC,USD,BTC,BTC-9JUN23-44000-P,btc-9jun23-44000-p,True,44000,PUT,2023-06-09T08:00:00Z,,,BTC-USD,,,,,,,
DERIBIT:OPTION:BTC-USD-230609-19000-CALL,DERIBIT,OPTION,BTC-USD-230609-19000-CALL,exchange,deribit,tardis,crypto,2023-05-18T00:00:00.000Z,2023-06-09T00:00:00.000Z,options_chain,BTC,USD,BTC,BTC-9JUN23-19000-C,btc-9jun23-19000-c,True,19000,CALL,2023-06-09T08:00:00Z,,,BTC-USD,,,,,,,
DERIBIT:OPTION:BTC-USD-230609-36000-PUT,DERIBIT,OPTION,BTC-USD-230609-36000-PUT,exchange,deribit,tardis,crypto,2023-05-18T00:00:00.000Z,2023-06-09T00:00:00.000Z,options_chain,BTC,USD,BTC,BTC-9JUN23-36000-P,btc-9jun23-36000-p,True,36000,PUT,2023-06-09T08:00:00Z,,,BTC-USD,,,,,,,
DERIBIT:OPTION:BTC-USD-230609-40000-PUT,DERIBIT,OPTION,BTC-USD-230609-40000-PUT,exchange,deribit,tardis,crypto,2023-05-18T00:00:00.000Z,2023-06-09T00:00:00.000Z,options_chain,BTC,USD,BTC,BTC-9JUN23-40000-P,btc-9jun23-40000-p,True,40000,PUT,2023-06-09T08:00:00Z,,,BTC-USD,,,,,,,
DERIBIT:OPTION:BTC-USD-230609-41000-PUT,DERIBIT,OPTION,BTC-USD-230609-41000-PUT,exchange,deribit,tardis,crypto,2023-05-18T00:00:00.000Z,2023-06-09T00:00:00.000Z,options_chain,BTC,USD,BTC,BTC-9JUN23-41000-P,btc-9jun23-41000-p,True,41000,PUT,2023-06-09T08:00:00Z,,,BTC-USD,,,,,,,
DERIBIT:OPTION:BTC-USD-230609-37000-PUT,DERIBIT,OPTION,BTC-USD-230609-37000-PUT,exchange,deribit,tardis,crypto,2023-05-19T00:00:00.000Z,2023-06-09T00:00:00.000Z,options_chain,BTC,USD,BTC,BTC-9JUN23-37000-P,btc-9jun23-37000-p,True,37000,PUT,2023-06-09T08:00:00Z,,,BTC-USD,,,,,,,
DERIBIT:OPTION:BTC-USD-230609-22500-CALL,DERIBIT,OPTION,BTC-USD-230609-22500-CALL,exchange,deribit,tardis,crypto,2023-05-19T00:00:00.000Z,2023-06-09T00:00:00.000Z,options_chain,BTC,USD,BTC,BTC-9JUN23-22500-C,btc-9jun23-22500-c,True,22500,CALL,2023-06-09T08:00:00Z,,,BTC-USD,,,,,,,
DERIBIT:OPTION:BTC-USD-230602-27500-CALL,DERIBIT,OPTION,BTC-USD-230602-27500-CALL,exchange,deribit,tardis,crypto,2023-05-11T00:00:00.000Z,2023-06-03T00:00:00.000Z,options_chain,BTC,USD,BTC,BTC-2JUN23-27500-C,btc-2jun23-27500-c,True,27500,CALL,2023-06-02T08:00:00Z,,,BTC-USD,,,,,,,
DERIBIT:OPTION:BTC-USD-230602-30000-CALL,DERIBIT,OPTION,BTC-USD-230602-30000-CALL,exchange,deribit,tardis,crypto,2023-05-11T00:00:00.000Z,2023-06-03T00:00:00.000Z,options_chain,BTC,USD,BTC,BTC-2JUN23-30000-C,btc-2jun23-30000-c,True,30000,CALL,2023-06-02T08:00:00Z,,,BTC-USD,,,,,,,
DERIBIT:OPTION:BTC-USD-230602-31000-CALL,DERIBIT,OPTION,BTC-USD-230602-31000-CALL,exchange,deribit,tardis,crypto,2023-05-11T00:00:00.000Z,2023-06-03T00:00:00.000Z,options_chain,BTC,USD,BTC,BTC-2JUN23-31000-C,btc-2jun23-31000-c,True,31000,CALL,2023-06-02T08:00:00Z,,,BTC-USD,,,,,,,
DERIBIT:OPTION:BTC-USD-230602-27000-CALL,DERIBIT,OPTION,BTC-USD-230602-27000-CALL,exchange,deribit,tardis,crypto,2023-05-11T00:00:00.000Z,2023-06-03T00:00:00.000Z,options_chain,BTC,USD,BTC,BTC-2JUN23-27000-C,btc-2jun23-27000-c,True,27000,CALL,2023-06-02T08:00:00Z,,,BTC-USD,,,,,,,
DERIBIT:OPTION:BTC-USD-230602-25000-PUT,DERIBIT,OPTION,BTC-USD-230602-25000-PUT,exchange,deribit,tardis,crypto,2023-05-11T00:00:00.000Z,2023-06-03T00:00:00.000Z,options_chain,BTC,USD,BTC,BTC-2JUN23-25000-P,btc-2jun23-25000-p,True,25000,PUT,2023-06-02T08:00:00Z,,,BTC-USD,,,,,,,
DERIBIT:OPTION:BTC-USD-230602-27500-PUT,DERIBIT,OPTION,BTC-USD-230602-27500-PUT,exchange,deribit,tardis,crypto,2023-05-11T00:00:00.000Z,2023-06-03T00:00:00.000Z,options_chain,BTC,USD,BTC,BTC-2JUN23-27500-P,btc-2jun23-27500-p,True,27500,PUT,2023-06-02T08:00:00Z,,,BTC-USD,,,,,,,
DERIBIT:OPTION:BTC-USD-230602-27000-PUT,DERIBIT,OPTION,BTC-USD-230602-27000-PUT,exchange,deribit,tardis,crypto,2023-05-11T00:00:00.000Z,2023-06-03T00:00:00.000Z,options_chain,BTC,USD,BTC,BTC-2JUN23-27000-P,btc-2jun23-27000-p,True,27000,PUT,2023-06-02T08:00:00Z,,,BTC-USD,,,,,,,
DERIBIT:OPTION:BTC-USD-230602-23000-PUT,DERIBIT,OPTION,BTC-USD-230602-23000-PUT,exchange,deribit,tardis,crypto,2023-05-11T00:00:00.000Z,2023-06-03T00:00:00.000Z,options_chain,BTC,USD,BTC,BTC-2JUN23-23000-P,btc-2jun23-23000-p,True,23000,PUT,2023-06-02T08:00:00Z,,,BTC-USD,,,,,,,
DERIBIT:OPTION:BTC-USD-230602-33000-CALL,DERIBIT,OPTION,BTC-USD-230602-33000-CALL,exchange,deribit,tardis,crypto,2023-05-11T00:00:00.000Z,2023-06-03T00:00:00.000Z,options_chain,BTC,USD,BTC,BTC-2JUN23-33000-C,btc-2jun23-33000-c,True,33000,CALL,2023-06-02T08:00:00Z,,,BTC-USD,,,,,,,
DERIBIT:OPTION:BTC-USD-230602-28000-CALL,DERIBIT,OPTION,BTC-USD-230602-28000-CALL,exchange,deribit,tardis,crypto,2023-05-11T00:00:00.000Z,2023-06-03T00:00:00.000Z,options_chain,BTC,USD,BTC,BTC-2JUN23-28000-C,btc-2jun23-28000-c,True,28000,CALL,2023-06-02T08:00:00Z,,,BTC-USD,,,,,,,
DERIBIT:OPTION:BTC-USD-230602-24000-PUT,DERIBIT,OPTION,BTC-USD-230602-24000-PUT,exchange,deribit,tardis,crypto,2023-05-11T00:00:00.000Z,2023-06-03T00:00:00.000Z,options_chain,BTC,USD,BTC,BTC-2JUN23-24000-P,btc-2jun23-24000-p,True,24000,PUT,2023-06-02T08:00:00Z,,,BTC-USD,,,,,,,
DERIBIT:OPTION:BTC-USD-230602-32000-CALL,DERIBIT,OPTION,BTC-USD-230602-32000-CALL,exchange,deribit,tardis,crypto,2023-05-11T00:00:00.000Z,2023-06-03T00:00:00.000Z,options_chain,BTC,USD,BTC,BTC-2JUN23-32000-C,btc-2jun23-32000-c,True,32000,CALL,2023-06-02T08:00:00Z,,,BTC-USD,,,,,,,
DERIBIT:OPTION:BTC-USD-230602-26000-PUT,DERIBIT,OPTION,BTC-USD-230602-26000-PUT,exchange,deribit,tardis,crypto,2023-05-11T00:00:00.000Z,2023-06-03T00:00:00.000Z,options_chain,BTC,USD,BTC,BTC-2JUN23-26000-P,btc-2jun23-26000-p,True,26000,PUT,2023-06-02T08:00:00Z,,,BTC-USD,,,,,,,
DERIBIT:OPTION:BTC-USD-230602-29000-PUT,DERIBIT,OPTION,BTC-USD-230602-29000-PUT,exchange,deribit,tardis,crypto,2023-05-11T00:00:00.000Z,2023-06-03T00:00:00.000Z,options_chain,BTC,USD,BTC,BTC-2JUN23-29000-P,btc-2jun23-29000-p,True,29000,PUT,2023-06-02T08:00:00Z,,,BTC-USD,,,,,,,
DERIBIT:OPTION:BTC-USD-230602-34000-CALL,DERIBIT,OPTION,BTC-USD-230602-34000-CALL,exchange,deribit,tardis,crypto,2023-05-11T00:00:00.000Z,2023-06-03T00:00:00.000Z,options_chain,BTC,USD,BTC,BTC-2JUN23-34000-C,btc-2jun23-34000-c,True,34000,CALL,2023-06-02T08:00:00Z,,,BTC-USD,,,,,,,
DERIBIT:OPTION:BTC-USD-230602-23500-PUT,DERIBIT,OPTION,BTC-USD-230602-23500-PUT,exchange,deribit,tardis,crypto,2023-05-11T00:00:00.000Z,2023-06-03T00:00:00.000Z,options_chain,BTC,USD,BTC,BTC-2JUN23-23500-P,btc-2jun23-23500-p,True,23500,PUT,2023-06-02T08:00:00Z,,,BTC-USD,,,,,,,
DERIBIT:OPTION:BTC-USD-230602-22000-PUT,DERIBIT,OPTION,BTC-USD-230602-22000-PUT,exchange,deribit,tardis,crypto,2023-05-11T00:00:00.000Z,2023-06-03T00:00:00.000Z,options_chain,BTC,USD,BTC,BTC-2JUN23-22000-P,btc-2jun23-22000-p,True,22000,PUT,2023-06-02T08:00:00Z,,,BTC-USD,,,,,,,
DERIBIT:OPTION:BTC-USD-230602-29000-CALL,DERIBIT,OPTION,BTC-USD-230602-29000-CALL,exchange,deribit,tardis,crypto,2023-05-11T00:00:00.000Z,2023-06-03T00:00:00.000Z,options_chain,BTC,USD,BTC,BTC-2JUN23-29000-C,btc-2jun23-29000-c,True,29000,CALL,2023-06-02T08:00:00Z,,,BTC-USD,,,,,,,
DERIBIT:OPTION:BTC-USD-230602-26500-PUT,DERIBIT,OPTION,BTC-USD-230602-26500-PUT,exchange,deribit,tardis,crypto,2023-05-11T00:00:00.000Z,2023-06-03T00:00:00.000Z,options_chain,BTC,USD,BTC,BTC-2JUN23-26500-P,btc-2jun23-26500-p,True,26500,PUT,2023-06-02T08:00:00Z,,,BTC-USD,,,,,,,
DERIBIT:OPTION:BTC-USD-230602-29500-CALL,DERIBIT,OPTION,BTC-USD-230602-29500-CALL,exchange,deribit,tardis,crypto,2023-05-11T00:00:00.000Z,2023-06-03T00:00:00.000Z,options_chain,BTC,USD,BTC,BTC-2JUN23-29500-C,btc-2jun23-29500-c,True,29500,CALL,2023-06-02T08:00:00Z,,,BTC-USD,,,,,,,
DERIBIT:OPTION:BTC-USD-230602-24500-PUT,DERIBIT,OPTION,BTC-USD-230602-24500-PUT,exchange,deribit,tardis,crypto,2023-05-11T00:00:00.000Z,2023-06-03T00:00:00.000Z,options_chain,BTC,USD,BTC,BTC-2JUN23-24500-P,btc-2jun23-24500-p,True,24500,PUT,2023-06-02T08:00:00Z,,,BTC-USD,,,,,,,
DERIBIT:OPTION:BTC-USD-230602-25500-PUT,DERIBIT,OPTION,BTC-USD-230602-25500-PUT,exchange,deribit,tardis,crypto,2023-05-11T00:00:00.000Z,2023-06-03T00:00:00.000Z,options_chain,BTC,USD,BTC,BTC-2JUN23-25500-P,btc-2jun23-25500-p,True,25500,PUT,2023-06-02T08:00:00Z,,,BTC-USD,,,,,,,
DERIBIT:OPTION:BTC-USD-230602-38000-CALL,DERIBIT,OPTION,BTC-USD-230602-38000-CALL,exchange,deribit,tardis,crypto,2023-05-11T00:00:00.000Z,2023-06-03T00:00:00.000Z,options_chain,BTC,USD,BTC,BTC-2JUN23-38000-C,btc-2jun23-38000-c,True,38000,CALL,2023-06-02T08:00:00Z,,,BTC-USD,,,,,,,
DERIBIT:OPTION:BTC-USD-230602-26500-CALL,DERIBIT,OPTION,BTC-USD-230602-26500-CALL,exchange,deribit,tardis,crypto,2023-05-11T00:00:00.000Z,2023-06-03T00:00:00.000Z,options_chain,BTC,USD,BTC,BTC-2JUN23-26500-C,btc-2jun23-26500-c,True,26500,CALL,2023-06-02T08:00:00Z,,,BTC-USD,,,,,,,
DERIBIT:OPTION:BTC-USD-230602-28500-CALL,DERIBIT,OPTION,BTC-USD-230602-28500-CALL,exchange,deribit,tardis,crypto,2023-05-11T00:00:00.000Z,2023-06-03T00:00:00.000Z,options_chain,BTC,USD,BTC,BTC-2JUN23-28500-C,btc-2jun23-28500-c,True,28500,CALL,2023-06-02T08:00:00Z,,,BTC-USD,,,,,,,
DERIBIT:OPTION:BTC-USD-230602-35000-CALL,DERIBIT,OPTION,BTC-USD-230602-35000-CALL,exchange,deribit,tardis,crypto,2023-05-11T00:00:00.000Z,2023-06-03T00:00:00.000Z,options_chain,BTC,USD,BTC,BTC-2JUN23-35000-C,btc-2jun23-35000-c,True,35000,CALL,2023-06-02T08:00:00Z,,,BTC-USD,,,,,,,
DERIBIT:OPTION:BTC-USD-230602-21000-PUT,DERIBIT,OPTION,BTC-USD-230602-21000-PUT,exchange,deribit,tardis,crypto,2023-05-11T00:00:00.000Z,2023-06-03T00:00:00.000Z,options_chain,BTC,USD,BTC,BTC-2JUN23-21000-P,btc-2jun23-21000-p,True,21000,PUT,2023-06-02T08:00:00Z,,,BTC-USD,,,,,,,
DERIBIT:OPTION:BTC-USD-230602-28000-PUT,DERIBIT,OPTION,BTC-USD-230602-28000-PUT,exchange,deribit,tardis,crypto,2023-05-11T00:00:00.000Z,2023-06-03T00:00:00.000Z,options_chain,BTC,USD,BTC,BTC-2JUN23-28000-P,btc-2jun23-28000-p,True,28000,PUT,2023-06-02T08:00:00Z,,,BTC-USD,,,,,,,
DERIBIT:OPTION:BTC-USD-230602-20000-PUT,DERIBIT,OPTION,BTC-USD-230602-20000-PUT,exchange,deribit,tardis,crypto,2023-05-11T00:00:00.000Z,2023-06-03T00:00:00.000Z,options_chain,BTC,USD,BTC,BTC-2JUN23-20000-P,btc-2jun23-20000-p,True,20000,PUT,2023-06-02T08:00:00Z,,,BTC-USD,,,,,,,
DERIBIT:OPTION:BTC-USD-230602-36000-CALL,DERIBIT,OPTION,BTC-USD-230602-36000-CALL,exchange,deribit,tardis,crypto,2023-05-11T00:00:00.000Z,2023-06-03T00:00:00.000Z,options_chain,BTC,USD,BTC,BTC-2JUN23-36000-C,btc-2jun23-36000-c,True,36000,CALL,2023-06-02T08:00:00Z,,,BTC-USD,,,,,,,
DERIBIT:OPTION:BTC-USD-230602-40000-CALL,DERIBIT,OPTION,BTC-USD-230602-40000-CALL,exchange,deribit,tardis,crypto,2023-05-11T00:00:00.000Z,2023-06-03T00:00:00.000Z,options_chain,BTC,USD,BTC,BTC-2JUN23-40000-C,btc-2jun23-40000-c,True,40000,CALL,2023-06-02T08:00:00Z,,,BTC-USD,,,,,,,
DERIBIT:OPTION:BTC-USD-230602-18000-PUT,DERIBIT,OPTION,BTC-USD-230602-18000-PUT,exchange,deribit,tardis,crypto,2023-05-11T00:00:00.000Z,2023-06-03T00:00:00.000Z,options_chain,BTC,USD,BTC,BTC-2JUN23-18000-P,btc-2jun23-18000-p,True,18000,PUT,2023-06-02T08:00:00Z,,,BTC-USD,,,,,,,
DERIBIT:OPTION:BTC-USD-230602-19000-PUT,DERIBIT,OPTION,BTC-USD-230602-19000-PUT,exchange,deribit,tardis,crypto,2023-05-11T00:00:00.000Z,2023-06-03T00:00:00.000Z,options_chain,BTC,USD,BTC,BTC-2JUN23-19000-P,btc-2jun23-19000-p,True,19000,PUT,2023-06-02T08:00:00Z,,,BTC-USD,,,,,,,
DERIBIT:OPTION:BTC-USD-230602-45000-CALL,DERIBIT,OPTION,BTC-USD-230602-45000-CALL,exchange,deribit,tardis,crypto,2023-05-11T00:00:00.000Z,2023-06-03T00:00:00.000Z,options_chain,BTC,USD,BTC,BTC-2JUN23-45000-C,btc-2jun23-45000-c,True,45000,CALL,2023-06-02T08:00:00Z,,,BTC-USD,,,,,,,
DERIBIT:OPTION:BTC-USD-230602-42000-CALL,DERIBIT,OPTION,BTC-USD-230602-42000-CALL,exchange,deribit,tardis,crypto,2023-05-11T00:00:00.000Z,2023-06-03T00:00:00.000Z,options_chain,BTC,USD,BTC,BTC-2JUN23-42000-C,btc-2jun23-42000-c,True,42000,CALL,2023-06-02T08:00:00Z,,,BTC-USD,,,,,,,
DERIBIT:OPTION:BTC-USD-230602-37000-CALL,DERIBIT,OPTION,BTC-USD-230602-37000-CALL,exchange,deribit,tardis,crypto,2023-05-11T00:00:00.000Z,2023-06-03T00:00:00.000Z,options_chain,BTC,USD,BTC,BTC-2JUN23-37000-C,btc-2jun23-37000-c,True,37000,CALL,2023-06-02T08:00:00Z,,,BTC-USD,,,,,,,
DERIBIT:OPTION:BTC-USD-230602-15000-PUT,DERIBIT,OPTION,BTC-USD-230602-15000-PUT,exchange,deribit,tardis,crypto,2023-05-11T00:00:00.000Z,2023-06-03T00:00:00.000Z,options_chain,BTC,USD,BTC,BTC-2JUN23-15000-P,btc-2jun23-15000-p,True,15000,PUT,2023-06-02T08:00:00Z,,,BTC-USD,,,,,,,
DERIBIT:OPTION:BTC-USD-230602-41000-CALL,DERIBIT,OPTION,BTC-USD-230602-41000-CALL,exchange,deribit,tardis,crypto,2023-05-11T00:00:00.000Z,2023-06-03T00:00:00.000Z,options_chain,BTC,USD,BTC,BTC-2JUN23-41000-C,btc-2jun23-41000-c,True,41000,CALL,2023-06-02T08:00:00Z,,,BTC-USD,,,,,,,
DERIBIT:OPTION:BTC-USD-230602-39000-CALL,DERIBIT,OPTION,BTC-USD-230602-39000-CALL,exchange,deribit,tardis,crypto,2023-05-11T00:00:00.000Z,2023-06-03T00:00:00.000Z,options_chain,BTC,USD,BTC,BTC-2JUN23-39000-C,btc-2jun23-39000-c,True,39000,CALL,2023-06-02T08:00:00Z,,,BTC-USD,,,,,,,
DERIBIT:OPTION:BTC-USD-230602-44000-CALL,DERIBIT,OPTION,BTC-USD-230602-44000-CALL,exchange,deribit,tardis,crypto,2023-05-11T00:00:00.000Z,2023-06-03T00:00:00.000Z,options_chain,BTC,USD,BTC,BTC-2JUN23-44000-C,btc-2jun23-44000-c,True,44000,CALL,2023-06-02T08:00:00Z,,,BTC-USD,,,,,,,
DERIBIT:OPTION:BTC-USD-230602-16000-PUT,DERIBIT,OPTION,BTC-USD-230602-16000-PUT,exchange,deribit,tardis,crypto,2023-05-11T00:00:00.000Z,2023-06-03T00:00:00.000Z,options_chain,BTC,USD,BTC,BTC-2JUN23-16000-P,btc-2jun23-16000-p,True,16000,PUT,2023-06-02T08:00:00Z,,,BTC-USD,,,,,,,
DERIBIT:OPTION:BTC-USD-230602-43000-CALL,DERIBIT,OPTION,BTC-USD-230602-43000-CALL,exchange,deribit,tardis,crypto,2023-05-11T00:00:00.000Z,2023-06-03T00:00:00.000Z,options_chain,BTC,USD,BTC,BTC-2JUN23-43000-C,btc-2jun23-43000-c,True,43000,CALL,2023-06-02T08:00:00Z,,,BTC-USD,,,,,,,
DERIBIT:OPTION:BTC-USD-230602-17000-PUT,DERIBIT,OPTION,BTC-USD-230602-17000-PUT,exchange,deribit,tardis,crypto,2023-05-11T00:00:00.000Z,2023-06-03T00:00:00.000Z,options_chain,BTC,USD,BTC,BTC-2JUN23-17000-P,btc-2jun23-17000-p,True,17000,PUT,2023-06-02T08:00:00Z,,,BTC-USD,,,,,,,
DERIBIT:OPTION:BTC-USD-230602-14000-PUT,DERIBIT,OPTION,BTC-USD-230602-14000-PUT,exchange,deribit,tardis,crypto,2023-05-11T00:00:00.000Z,2023-06-03T00:00:00.000Z,options_chain,BTC,USD,BTC,BTC-2JUN23-14000-P,btc-2jun23-14000-p,True,14000,PUT,2023-06-02T08:00:00Z,,,BTC-USD,,,,,,,
DERIBIT:OPTION:BTC-USD-230602-35000-PUT,DERIBIT,OPTION,BTC-USD-230602-35000-PUT,exchange,deribit,tardis,crypto,2023-05-11T00:00:00.000Z,2023-06-03T00:00:00.000Z,options_chain,BTC,USD,BTC,BTC-2JUN23-35000-P,btc-2jun23-35000-p,True,35000,PUT,2023-06-02T08:00:00Z,,,BTC-USD,,,,,,,
DERIBIT:OPTION:BTC-USD-230602-29500-PUT,DERIBIT,OPTION,BTC-USD-230602-29500-PUT,exchange,deribit,tardis,crypto,2023-05-11T00:00:00.000Z,2023-06-03T00:00:00.000Z,options_chain,BTC,USD,BTC,BTC-2JUN23-29500-P,btc-2jun23-29500-p,True,29500,PUT,2023-06-02T08:00:00Z,,,BTC-USD,,,,,,,
DERIBIT:OPTION:BTC-USD-230602-30000-PUT,DERIBIT,OPTION,BTC-USD-230602-30000-PUT,exchange,deribit,tardis,crypto,2023-05-11T00:00:00.000Z,2023-06-03T00:00:00.000Z,options_chain,BTC,USD,BTC,BTC-2JUN23-30000-P,btc-2jun23-30000-p,True,30000,PUT,2023-06-02T08:00:00Z,,,BTC-USD,,,,,,,
DERIBIT:OPTION:BTC-USD-230602-24500-CALL,DERIBIT,OPTION,BTC-USD-230602-24500-CALL,exchange,deribit,tardis,crypto,2023-05-11T00:00:00.000Z,2023-06-03T00:00:00.000Z,options_chain,BTC,USD,BTC,BTC-2JUN23-24500-C,btc-2jun23-24500-c,True,24500,CALL,2023-06-02T08:00:00Z,,,BTC-USD,,,,,,,
DERIBIT:OPTION:BTC-USD-230602-25000-CALL,DERIBIT,OPTION,BTC-USD-230602-25000-CALL,exchange,deribit,tardis,crypto,2023-05-11T00:00:00.000Z,2023-06-03T00:00:00.000Z,options_chain,BTC,USD,BTC,BTC-2JUN23-25000-C,btc-2jun23-25000-c,True,25000,CALL,2023-06-02T08:00:00Z,,,BTC-USD,,,,,,,
DERIBIT:OPTION:BTC-USD-230602-31000-PUT,DERIBIT,OPTION,BTC-USD-230602-31000-PUT,exchange,deribit,tardis,crypto,2023-05-11T00:00:00.000Z,2023-06-03T00:00:00.000Z,options_chain,BTC,USD,BTC,BTC-2JUN23-31000-P,btc-2jun23-31000-p,True,31000,PUT,2023-06-02T08:00:00Z,,,BTC-USD,,,,,,,
DERIBIT:OPTION:BTC-USD-230602-24000-CALL,DERIBIT,OPTION,BTC-USD-230602-24000-CALL,exchange,deribit,tardis,crypto,2023-05-11T00:00:00.000Z,2023-06-03T00:00:00.000Z,options_chain,BTC,USD,BTC,BTC-2JUN23-24000-C,btc-2jun23-24000-c,True,24000,CALL,2023-06-02T08:00:00Z,,,BTC-USD,,,,,,,
DERIBIT:OPTION:BTC-USD-230602-32000-PUT,DERIBIT,OPTION,BTC-USD-230602-32000-PUT,exchange,deribit,tardis,crypto,2023-05-11T00:00:00.000Z,2023-06-03T00:00:00.000Z,options_chain,BTC,USD,BTC,BTC-2JUN23-32000-P,btc-2jun23-32000-p,True,32000,PUT,2023-06-02T08:00:00Z,,,BTC-USD,,,,,,,
DERIBIT:OPTION:BTC-USD-230602-33000-PUT,DERIBIT,OPTION,BTC-USD-230602-33000-PUT,exchange,deribit,tardis,crypto,2023-05-11T00:00:00.000Z,2023-06-03T00:00:00.000Z,options_chain,BTC,USD,BTC,BTC-2JUN23-33000-P,btc-2jun23-33000-p,True,33000,PUT,2023-06-02T08:00:00Z,,,BTC-USD,,,,,,,
DERIBIT:OPTION:BTC-USD-230602-25500-CALL,DERIBIT,OPTION,BTC-USD-230602-25500-CALL,exchange,deribit,tardis,crypto,2023-05-11T00:00:00.000Z,2023-06-03T00:00:00.000Z,options_chain,BTC,USD,BTC,BTC-2JUN23-25500-C,btc-2jun23-25500-c,True,25500,CALL,2023-06-02T08:00:00Z,,,BTC-USD,,,,,,,
DERIBIT:OPTION:BTC-USD-230602-15000-CALL,DERIBIT,OPTION,BTC-USD-230602-15000-CALL,exchange,deribit,tardis,crypto,2023-05-11T00:00:00.000Z,2023-06-03T00:00:00.000Z,options_chain,BTC,USD,BTC,BTC-2JUN23-15000-C,btc-2jun23-15000-c,True,15000,CALL,2023-06-02T08:00:00Z,,,BTC-USD,,,,,,,
DERIBIT:OPTION:BTC-USD-230602-26000-CALL,DERIBIT,OPTION,BTC-USD-230602-26000-CALL,exchange,deribit,tardis,crypto,2023-05-11T00:00:00.000Z,2023-06-03T00:00:00.000Z,options_chain,BTC,USD,BTC,BTC-2JUN23-26000-C,btc-2jun23-26000-c,True,26000,CALL,2023-06-02T08:00:00Z,,,BTC-USD,,,,,,,
DERIBIT:OPTION:BTC-USD-230602-28500-PUT,DERIBIT,OPTION,BTC-USD-230602-28500-PUT,exchange,deribit,tardis,crypto,2023-05-11T00:00:00.000Z,2023-06-03T00:00:00.000Z,options_chain,BTC,USD,BTC,BTC-2JUN23-28500-P,btc-2jun23-28500-p,True,28500,PUT,2023-06-02T08:00:00Z,,,BTC-USD,,,,,,,
DERIBIT:OPTION:BTC-USD-230602-46000-CALL,DERIBIT,OPTION,BTC-USD-230602-46000-CALL,exchange,deribit,tardis,crypto,2023-05-11T00:00:00.000Z,2023-06-03T00:00:00.000Z,options_chain,BTC,USD,BTC,BTC-2JUN23-46000-C,btc-2jun23-46000-c,True,46000,CALL,2023-06-02T08:00:00Z,,,BTC-USD,,,,,,,
DERIBIT:OPTION:BTC-USD-230602-22500-PUT,DERIBIT,OPTION,BTC-USD-230602-22500-PUT,exchange,deribit,tardis,crypto,2023-05-11T00:00:00.000Z,2023-06-03T00:00:00.000Z,options_chain,BTC,USD,BTC,BTC-2JUN23-22500-P,btc-2jun23-22500-p,True,22500,PUT,2023-06-02T08:00:00Z,,,BTC-USD,,,,,,,
DERIBIT:OPTION:BTC-USD-230602-20000-CALL,DERIBIT,OPTION,BTC-USD-230602-20000-CALL,exchange,deribit,tardis,crypto,2023-05-12T00:00:00.000Z,2023-06-03T00:00:00.000Z,options_chain,BTC,USD,BTC,BTC-2JUN23-20000-C,btc-2jun23-20000-c,True,20000,CALL,2023-06-02T08:00:00Z,,,BTC-USD,,,,,,,
DERIBIT:OPTION:BTC-USD-230602-18000-CALL,DERIBIT,OPTION,BTC-USD-230602-18000-CALL,exchange,deribit,tardis,crypto,2023-05-11T00:00:00.000Z,2023-06-02T00:00:00.000Z,options_chain,BTC,USD,BTC,BTC-2JUN23-18000-C,btc-2jun23-18000-c,True,18000,CALL,2023-06-02T08:00:00Z,,,BTC-USD,,,,,,,
DERIBIT:OPTION:BTC-USD-230602-14000-CALL,DERIBIT,OPTION,BTC-USD-230602-14000-CALL,exchange,deribit,tardis,crypto,2023-05-11T00:00:00.000Z,2023-06-02T00:00:00.000Z,options_chain,BTC,USD,BTC,BTC-2JUN23-14000-C,btc-2jun23-14000-c,True,14000,CALL,2023-06-02T08:00:00Z,,,BTC-USD,,,,,,,
DERIBIT:OPTION:BTC-USD-230602-22000-CALL,DERIBIT,OPTION,BTC-USD-230602-22000-CALL,exchange,deribit,tardis,crypto,2023-05-11T00:00:00.000Z,2023-06-02T00:00:00.000Z,options_chain,BTC,USD,BTC,BTC-2JUN23-22000-C,btc-2jun23-22000-c,True,22000,CALL,2023-06-02T08:00:00Z,,,BTC-USD,,,,,,,
DERIBIT:OPTION:BTC-USD-230602-23000-CALL,DERIBIT,OPTION,BTC-USD-230602-23000-CALL,exchange,deribit,tardis,crypto,2023-05-11T00:00:00.000Z,2023-06-02T00:00:00.000Z,options_chain,BTC,USD,BTC,BTC-2JUN23-23000-C,btc-2jun23-23000-c,True,23000,CALL,2023-06-02T08:00:00Z,,,BTC-USD,,,,,,,
DERIBIT:OPTION:BTC-USD-230602-23500-CALL,DERIBIT,OPTION,BTC-USD-230602-23500-CALL,exchange,deribit,tardis,crypto,2023-05-11T00:00:00.000Z,2023-06-02T00:00:00.000Z,options_chain,BTC,USD,BTC,BTC-2JUN23-23500-C,btc-2jun23-23500-c,True,23500,CALL,2023-06-02T08:00:00Z,,,BTC-USD,,,,,,,
DERIBIT:OPTION:BTC-USD-230602-37000-PUT,DERIBIT,OPTION,BTC-USD-230602-37000-PUT,exchange,deribit,tardis,crypto,2023-05-11T00:00:00.000Z,2023-06-02T00:00:00.000Z,options_chain,BTC,USD,BTC,BTC-2JUN23-37000-P,btc-2jun23-37000-p,True,37000,PUT,2023-06-02T08:00:00Z,,,BTC-USD,,,,,,,
DERIBIT:OPTION:BTC-USD-230602-19000-CALL,DERIBIT,OPTION,BTC-USD-230602-19000-CALL,exchange,deribit,tardis,crypto,2023-05-11T00:00:00.000Z,2023-06-02T00:00:00.000Z,options_chain,BTC,USD,BTC,BTC-2JUN23-19000-C,btc-2jun23-19000-c,True,19000,CALL,2023-06-02T08:00:00Z,,,BTC-USD,,,,,,,
DERIBIT:OPTION:BTC-USD-230602-39000-PUT,DERIBIT,OPTION,BTC-USD-230602-39000-PUT,exchange,deribit,tardis,crypto,2023-05-11T00:00:00.000Z,2023-06-02T00:00:00.000Z,options_chain,BTC,USD,BTC,BTC-2JUN23-39000-P,btc-2jun23-39000-p,True,39000,PUT,2023-06-02T08:00:00Z,,,BTC-USD,,,,,,,
DERIBIT:OPTION:BTC-USD-230602-45000-PUT,DERIBIT,OPTION,BTC-USD-230602-45000-PUT,exchange,deribit,tardis,crypto,2023-05-11T00:00:00.000Z,2023-06-02T00:00:00.000Z,options_chain,BTC,USD,BTC,BTC-2JUN23-45000-P,btc-2jun23-45000-p,True,45000,PUT,2023-06-02T08:00:00Z,,,BTC-USD,,,,,,,
DERIBIT:OPTION:BTC-USD-230602-38000-PUT,DERIBIT,OPTION,BTC-USD-230602-38000-PUT,exchange,deribit,tardis,crypto,2023-05-11T00:00:00.000Z,2023-06-02T00:00:00.000Z,options_chain,BTC,USD,BTC,BTC-2JUN23-38000-P,btc-2jun23-38000-p,True,38000,PUT,2023-06-02T08:00:00Z,,,BTC-USD,,,,,,,
DERIBIT:OPTION:BTC-USD-230602-34000-PUT,DERIBIT,OPTION,BTC-USD-230602-34000-PUT,exchange,deribit,tardis,crypto,2023-05-11T00:00:00.000Z,2023-06-02T00:00:00.000Z,options_chain,BTC,USD,BTC,BTC-2JUN23-34000-P,btc-2jun23-34000-p,True,34000,PUT,2023-06-02T08:00:00Z,,,BTC-USD,,,,,,,
DERIBIT:OPTION:BTC-USD-230602-43000-PUT,DERIBIT,OPTION,BTC-USD-230602-43000-PUT,exchange,deribit,tardis,crypto,2023-05-11T00:00:00.000Z,2023-06-02T00:00:00.000Z,options_chain,BTC,USD,BTC,BTC-2JUN23-43000-P,btc-2jun23-43000-p,True,43000,PUT,2023-06-02T08:00:00Z,,,BTC-USD,,,,,,,
DERIBIT:OPTION:BTC-USD-230602-42000-PUT,DERIBIT,OPTION,BTC-USD-230602-42000-PUT,exchange,deribit,tardis,crypto,2023-05-11T00:00:00.000Z,2023-06-02T00:00:00.000Z,options_chain,BTC,USD,BTC,BTC-2JUN23-42000-P,btc-2jun23-42000-p,True,42000,PUT,2023-06-02T08:00:00Z,,,BTC-USD,,,,,,,
DERIBIT:OPTION:BTC-USD-230602-36000-PUT,DERIBIT,OPTION,BTC-USD-230602-36000-PUT,exchange,deribit,tardis,crypto,2023-05-11T00:00:00.000Z,2023-06-02T00:00:00.000Z,options_chain,BTC,USD,BTC,BTC-2JUN23-36000-P,btc-2jun23-36000-p,True,36000,PUT,2023-06-02T08:00:00Z,,,BTC-USD,,,,,,,
DERIBIT:OPTION:BTC-USD-230602-41000-PUT,DERIBIT,OPTION,BTC-USD-230602-41000-PUT,exchange,deribit,tardis,crypto,2023-05-11T00:00:00.000Z,2023-06-02T00:00:00.000Z,options_chain,BTC,USD,BTC,BTC-2JUN23-41000-P,btc-2jun23-41000-p,True,41000,PUT,2023-06-02T08:00:00Z,,,BTC-USD,,,,,,,
DERIBIT:OPTION:BTC-USD-230602-21000-CALL,DERIBIT,OPTION,BTC-USD-230602-21000-CALL,exchange,deribit,tardis,crypto,2023-05-11T00:00:00.000Z,2023-06-02T00:00:00.000Z,options_chain,BTC,USD,BTC,BTC-2JUN23-21000-C,btc-2jun23-21000-c,True,21000,CALL,2023-06-02T08:00:00Z,,,BTC-USD,,,,,,,
DERIBIT:OPTION:BTC-USD-230602-17000-CALL,DERIBIT,OPTION,BTC-USD-230602-17000-CALL,exchange,deribit,tardis,crypto,2023-05-11T00:00:00.000Z,2023-06-02T00:00:00.000Z,options_chain,BTC,USD,BTC,BTC-2JUN23-17000-C,btc-2jun23-17000-c,True,17000,CALL,2023-06-02T08:00:00Z,,,BTC-USD,,,,,,,
DERIBIT:OPTION:BTC-USD-230602-44000-PUT,DERIBIT,OPTION,BTC-USD-230602-44000-PUT,exchange,deribit,tardis,crypto,2023-05-11T00:00:00.000Z,2023-06-02T00:00:00.000Z,options_chain,BTC,USD,BTC,BTC-2JUN23-44000-P,btc-2jun23-44000-p,True,44000,PUT,2023-06-02T08:00:00Z,,,BTC-USD,,,,,,,
DERIBIT:OPTION:BTC-USD-230602-16000-CALL,DERIBIT,OPTION,BTC-USD-230602-16000-CALL,exchange,deribit,tardis,crypto,2023-05-11T00:00:00.000Z,2023-06-02T00:00:00.000Z,options_chain,BTC,USD,BTC,BTC-2JUN23-16000-C,btc-2jun23-16000-c,True,16000,CALL,2023-06-02T08:00:00Z,,,BTC-USD,,,,,,,
DERIBIT:OPTION:BTC-USD-230602-22500-CALL,DERIBIT,OPTION,BTC-USD-230602-22500-CALL,exchange,deribit,tardis,crypto,2023-05-12T00:00:00.000Z,2023-06-02T00:00:00.000Z,options_chain,BTC,USD,BTC,BTC-2JUN23-22500-C,btc-2jun23-22500-c,True,22500,CALL,2023-06-02T08:00:00Z,,,BTC-USD,,,,,,,
DERIBIT:OPTION:BTC-USD-230602-40000-PUT,DERIBIT,OPTION,BTC-USD-230602-40000-PUT,exchange,deribit,tardis,crypto,2023-05-12T00:00:00.000Z,2023-06-02T00:00:00.000Z,options_chain,BTC,USD,BTC,BTC-2JUN23-40000-P,btc-2jun23-40000-p,True,40000,PUT,2023-06-02T08:00:00Z,,,BTC-USD,,,,,,,
DERIBIT:OPTION:BTC-USD-230602-46000-PUT,DERIBIT,OPTION,BTC-USD-230602-46000-PUT,exchange,deribit,tardis,crypto,2023-05-12T00:00:00.000Z,2023-06-02T00:00:00.000Z,options_chain,BTC,USD,BTC,BTC-2JUN23-46000-P,btc-2jun23-46000-p,True,46000,PUT,2023-06-02T08:00:00Z,,,BTC-USD,,,,,,,
DERIBIT:OPTION:BTC-USD-230526-34000-CALL,DERIBIT,OPTION,BTC-USD-230526-34000-CALL,exchange,deribit,tardis,crypto,2023-02-23T00:00:00.000Z,2023-05-27T00:00:00.000Z,options_chain,BTC,USD,BTC,BTC-26MAY23-34000-C,btc-26may23-34000-c,True,34000,CALL,2023-05-26T08:00:00Z,,,BTC-USD,,,,,,,
DERIBIT:OPTION:BTC-USD-230526-19000-PUT,DERIBIT,OPTION,BTC-USD-230526-19000-PUT,exchange,deribit,tardis,crypto,2023-02-23T00:00:00.000Z,2023-05-27T00:00:00.000Z,options_chain,BTC,USD,BTC,BTC-26MAY23-19000-P,btc-26may23-19000-p,True,19000,PUT,2023-05-26T08:00:00Z,,,BTC-USD,,,,,,,
DERIBIT:OPTION:BTC-USD-230526-14000-PUT,DERIBIT,OPTION,BTC-USD-230526-14000-PUT,exchange,deribit,tardis,crypto,2023-02-23T00:00:00.000Z,2023-05-27T00:00:00.000Z,options_chain,BTC,USD,BTC,BTC-26MAY23-14000-P,btc-26may23-14000-p,True,14000,PUT,2023-05-26T08:00:00Z,,,BTC-USD,,,,,,,
DERIBIT:OPTION:BTC-USD-230526-30000-CALL,DERIBIT,OPTION,BTC-USD-230526-30000-CALL,exchange,deribit,tardis,crypto,2023-02-23T00:00:00.000Z,2023-05-27T00:00:00.000Z,options_chain,BTC,USD,BTC,BTC-26MAY23-30000-C,btc-26may23-30000-c,True,30000,CALL,2023-05-26T08:00:00Z,,,BTC-USD,,,,,,,
DERIBIT:OPTION:BTC-USD-230526-12000-PUT,DERIBIT,OPTION,BTC-USD-230526-12000-PUT,exchange,deribit,tardis,crypto,2023-02-23T00:00:00.000Z,2023-05-27T00:00:00.000Z,options_chain,BTC,USD,BTC,BTC-26MAY23-12000-P,btc-26may23-12000-p,True,12000,PUT,2023-05-26T08:00:00Z,,,BTC-USD,,,,,,,
DERIBIT:OPTION:BTC-USD-230526-10000-PUT,DERIBIT,OPTION,BTC-USD-230526-10000-PUT,exchange,deribit,tardis,crypto,2023-02-23T00:00:00.000Z,2023-05-27T00:00:00.000Z,options_chain,BTC,USD,BTC,BTC-26MAY23-10000-P,btc-26may23-10000-p,True,10000,PUT,2023-05-26T08:00:00Z,,,BTC-USD,,,,,,,
DERIBIT:OPTION:BTC-USD-230526-50000-CALL,DERIBIT,OPTION,BTC-USD-230526-50000-CALL,exchange,deribit,tardis,crypto,2023-02-23T00:00:00.000Z,2023-05-27T00:00:00.000Z,options_chain,BTC,USD,BTC,BTC-26MAY23-50000-C,btc-26may23-50000-c,True,50000,CALL,2023-05-26T08:00:00Z,,,BTC-USD,,,,,,,
DERIBIT:OPTION:BTC-USD-230526-25000-CALL,DERIBIT,OPTION,BTC-USD-230526-25000-CALL,exchange,deribit,tardis,crypto,2023-02-23T00:00:00.000Z,2023-05-27T00:00:00.000Z,options_chain,BTC,USD,BTC,BTC-26MAY23-25000-C,btc-26may23-25000-c,True,25000,CALL,2023-05-26T08:00:00Z,,,BTC-USD,,,,,,,
DERIBIT:OPTION:BTC-USD-230526-32000-CALL,DERIBIT,OPTION,BTC-USD-230526-32000-CALL,exchange,deribit,tardis,crypto,2023-02-23T00:00:00.000Z,2023-05-27T00:00:00.000Z,options_chain,BTC,USD,BTC,BTC-26MAY23-32000-C,btc-26may23-32000-c,True,32000,CALL,2023-05-26T08:00:00Z,,,BTC-USD,,,,,,,
DERIBIT:OPTION:BTC-USD-230526-24000-PUT,DERIBIT,OPTION,BTC-USD-230526-24000-PUT,exchange,deribit,tardis,crypto,2023-02-23T00:00:00.000Z,2023-05-27T00:00:00.000Z,options_chain,BTC,USD,BTC,BTC-26MAY23-24000-P,btc-26may23-24000-p,True,24000,PUT,2023-05-26T08:00:00Z,,,BTC-USD,,,,,,,
DERIBIT:OPTION:BTC-USD-230526-29000-CALL,DERIBIT,OPTION,BTC-USD-230526-29000-CALL,exchange,deribit,tardis,crypto,2023-02-23T00:00:00.000Z,2023-05-27T00:00:00.000Z,options_chain,BTC,USD,BTC,BTC-26MAY23-29000-C,btc-26may23-29000-c,True,29000,CALL,2023-05-26T08:00:00Z,,,BTC-USD,,,,,,,
DERIBIT:OPTION:BTC-USD-230526-17000-PUT,DERIBIT,OPTION,BTC-USD-230526-17000-PUT,exchange,deribit,tardis,crypto,2023-02-23T00:00:00.000Z,2023-05-27T00:00:00.000Z,options_chain,BTC,USD,BTC,BTC-26MAY23-17000-P,btc-26may23-17000-p,True,17000,PUT,2023-05-26T08:00:00Z,,,BTC-USD,,,,,,,
DERIBIT:OPTION:BTC-USD-230526-23000-PUT,DERIBIT,OPTION,BTC-USD-230526-23000-PUT,exchange,deribit,tardis,crypto,2023-02-23T00:00:00.000Z,2023-05-27T00:00:00.000Z,options_chain,BTC,USD,BTC,BTC-26MAY23-23000-P,btc-26may23-23000-p,True,23000,PUT,2023-05-26T08:00:00Z,,,BTC-USD,,,,,,,
DERIBIT:OPTION:BTC-USD-230526-28000-CALL,DERIBIT,OPTION,BTC-USD-230526-28000-CALL,exchange,deribit,tardis,crypto,2023-02-23T00:00:00.000Z,2023-05-27T00:00:00.000Z,options_chain,BTC,USD,BTC,BTC-26MAY23-28000-C,btc-26may23-28000-c,True,28000,CALL,2023-05-26T08:00:00Z,,,BTC-USD,,,,,,,
DERIBIT:OPTION:BTC-USD-230526-45000-CALL,DERIBIT,OPTION,BTC-USD-230526-45000-CALL,exchange,deribit,tardis,crypto,2023-02-23T00:00:00.000Z,2023-05-27T00:00:00.000Z,options_chain,BTC,USD,BTC,BTC-26MAY23-45000-C,btc-26may23-45000-c,True,45000,CALL,2023-05-26T08:00:00Z,,,BTC-USD,,,,,,,
DERIBIT:OPTION:BTC-USD-230526-20000-PUT,DERIBIT,OPTION,BTC-USD-230526-20000-PUT,exchange,deribit,tardis,crypto,2023-02-23T00:00:00.000Z,2023-05-27T00:00:00.000Z,options_chain,BTC,USD,BTC,BTC-26MAY23-20000-P,btc-26may23-20000-p,True,20000,PUT,2023-05-26T08:00:00Z,,,BTC-USD,,,,,,,
DERIBIT:OPTION:BTC-USD-230526-21000-PUT,DERIBIT,OPTION,BTC-USD-230526-21000-PUT,exchange,deribit,tardis,crypto,2023-02-23T00:00:00.000Z,2023-05-27T00:00:00.000Z,options_chain,BTC,USD,BTC,BTC-26MAY23-21000-P,btc-26may23-21000-p,True,21000,PUT,2023-05-26T08:00:00Z,,,BTC-USD,,,,,,,
DERIBIT:OPTION:BTC-USD-230526-26000-CALL,DERIBIT,OPTION,BTC-USD-230526-26000-CALL,exchange,deribit,tardis,crypto,2023-02-23T00:00:00.000Z,2023-05-27T00:00:00.000Z,options_chain,BTC,USD,BTC,BTC-26MAY23-26000-C,btc-26may23-26000-c,True,26000,CALL,2023-05-26T08:00:00Z,,,BTC-USD,,,,,,,
DERIBIT:OPTION:BTC-USD-230526-22000-PUT,DERIBIT,OPTION,BTC-USD-230526-22000-PUT,exchange,deribit,tardis,crypto,2023-02-23T00:00:00.000Z,2023-05-27T00:00:00.000Z,options_chain,BTC,USD,BTC,BTC-26MAY23-22000-P,btc-26may23-22000-p,True,22000,PUT,2023-05-26T08:00:00Z,,,BTC-USD,,,,,,,
DERIBIT:OPTION:BTC-USD-230526-16000-PUT,DERIBIT,OPTION,BTC-USD-230526-16000-PUT,exchange,deribit,tardis,crypto,2023-02-23T00:00:00.000Z,2023-05-27T00:00:00.000Z,options_chain,BTC,USD,BTC,BTC-26MAY23-16000-P,btc-26may23-16000-p,True,16000,PUT,2023-05-26T08:00:00Z,,,BTC-USD,,,,,,,
DERIBIT:OPTION:BTC-USD-230526-18000-PUT,DERIBIT,OPTION,BTC-USD-230526-18000-PUT,exchange,deribit,tardis,crypto,2023-02-23T00:00:00.000Z,2023-05-27T00:00:00.000Z,options_chain,BTC,USD,BTC,BTC-26MAY23-18000-P,btc-26may23-18000-p,True,18000,PUT,2023-05-26T08:00:00Z,,,BTC-USD,,,,,,,
DERIBIT:OPTION:BTC-USD-230526-27000-CALL,DERIBIT,OPTION,BTC-USD-230526-27000-CALL,exchange,deribit,tardis,crypto,2023-02-23T00:00:00.000Z,2023-05-27T00:00:00.000Z,options_chain,BTC,USD,BTC,BTC-26MAY23-27000-C,btc-26may23-27000-c,True,27000,CALL,2023-05-26T08:00:00Z,,,BTC-USD,,,,,,,
DERIBIT:OPTION:BTC-USD-230526-25000-PUT,DERIBIT,OPTION,BTC-USD-230526-25000-PUT,exchange,deribit,tardis,crypto,2023-02-23T00:00:00.000Z,2023-05-27T00:00:00.000Z,options_chain,BTC,USD,BTC,BTC-26MAY23-25000-P,btc-26may23-25000-p,True,25000,PUT,2023-05-26T08:00:00Z,,,BTC-USD,,,,,,,
DERIBIT:OPTION:BTC-USD-230526-36000-CALL,DERIBIT,OPTION,BTC-USD-230526-36000-CALL,exchange,deribit,tardis,crypto,2023-02-23T00:00:00.000Z,2023-05-27T00:00:00.000Z,options_chain,BTC,USD,BTC,BTC-26MAY23-36000-C,btc-26may23-36000-c,True,36000,CALL,2023-05-26T08:00:00Z,,,BTC-USD,,,,,,,
DERIBIT:OPTION:BTC-USD-230526-38000-CALL,DERIBIT,OPTION,BTC-USD-230526-38000-CALL,exchange,deribit,tardis,crypto,2023-02-23T00:00:00.000Z,2023-05-27T00:00:00.000Z,options_chain,BTC,USD,BTC,BTC-26MAY23-38000-C,btc-26may23-38000-c,True,38000,CALL,2023-05-26T08:00:00Z,,,BTC-USD,,,,,,,
DERIBIT:OPTION:BTC-USD-230526-40000-CALL,DERIBIT,OPTION,BTC-USD-230526-40000-CALL,exchange,deribit,tardis,crypto,2023-02-23T00:00:00.000Z,2023-05-27T00:00:00.000Z,options_chain,BTC,USD,BTC,BTC-26MAY23-40000-C,btc-26may23-40000-c,True,40000,CALL,2023-05-26T08:00:00Z,,,BTC-USD,,,,,,,
DERIBIT:OPTION:BTC-USD-230526-24000-CALL,DERIBIT,OPTION,BTC-USD-230526-24000-CALL,exchange,deribit,tardis,crypto,2023-02-23T00:00:00.000Z,2023-05-27T00:00:00.000Z,options_chain,BTC,USD,BTC,BTC-26MAY23-24000-C,btc-26may23-24000-c,True,24000,CALL,2023-05-26T08:00:00Z,,,BTC-USD,,,,,,,
DERIBIT:OPTION:BTC-USD-230526-26000-PUT,DERIBIT,OPTION,BTC-USD-230526-26000-PUT,exchange,deribit,tardis,crypto,2023-02-23T00:00:00.000Z,2023-05-27T00:00:00.000Z,options_chain,BTC,USD,BTC,BTC-26MAY23-26000-P,btc-26may23-26000-p,True,26000,PUT,2023-05-26T08:00:00Z,,,BTC-USD,,,,,,,
DERIBIT:OPTION:BTC-USD-230526-23000-CALL,DERIBIT,OPTION,BTC-USD-230526-23000-CALL,exchange,deribit,tardis,crypto,2023-02-23T00:00:00.000Z,2023-05-27T00:00:00.000Z,options_chain,BTC,USD,BTC,BTC-26MAY23-23000-C,btc-26may23-23000-c,True,23000,CALL,2023-05-26T08:00:00Z,,,BTC-USD,,,,,,,
DERIBIT:OPTION:BTC-USD-230526-17000-CALL,DERIBIT,OPTION,BTC-USD-230526-17000-CALL,exchange,deribit,tardis,crypto,2023-02-23T00:00:00.000Z,2023-05-27T00:00:00.000Z,options_chain,BTC,USD,BTC,BTC-26MAY23-17000-C,btc-26may23-17000-c,True,17000,CALL,2023-05-26T08:00:00Z,,,BTC-USD,,,,,,,
DERIBIT:OPTION:BTC-USD-230526-16000-CALL,DERIBIT,OPTION,BTC-USD-230526-16000-CALL,exchange,deribit,tardis,crypto,2023-02-23T00:00:00.000Z,2023-05-27T00:00:00.000Z,options_chain,BTC,USD,BTC,BTC-26MAY23-16000-C,btc-26may23-16000-c,True,16000,CALL,2023-05-26T08:00:00Z,,,BTC-USD,,,,,,,
DERIBIT:OPTION:BTC-USD-230526-32000-PUT,DERIBIT,OPTION,BTC-USD-230526-32000-PUT,exchange,deribit,tardis,crypto,2023-02-23T00:00:00.000Z,2023-05-27T00:00:00.000Z,options_chain,BTC,USD,BTC,BTC-26MAY23-32000-P,btc-26may23-32000-p,True,32000,PUT,2023-05-26T08:00:00Z,,,BTC-USD,,,,,,,
DERIBIT:OPTION:BTC-USD-230526-38000-PUT,DERIBIT,OPTION,BTC-USD-230526-38000-PUT,exchange,deribit,tardis,crypto,2023-02-23T00:00:00.000Z,2023-05-27T00:00:00.000Z,options_chain,BTC,USD,BTC,BTC-26MAY23-38000-P,btc-26may23-38000-p,True,38000,PUT,2023-05-26T08:00:00Z,,,BTC-USD,,,,,,,
DERIBIT:OPTION:BTC-USD-230526-29000-PUT,DERIBIT,OPTION,BTC-USD-230526-29000-PUT,exchange,deribit,tardis,crypto,2023-02-23T00:00:00.000Z,2023-05-27T00:00:00.000Z,options_chain,BTC,USD,BTC,BTC-26MAY23-29000-P,btc-26may23-29000-p,True,29000,PUT,2023-05-26T08:00:00Z,,,BTC-USD,,,,,,,
DERIBIT:OPTION:BTC-USD-230526-34000-PUT,DERIBIT,OPTION,BTC-USD-230526-34000-PUT,exchange,deribit,tardis,crypto,2023-02-23T00:00:00.000Z,2023-05-27T00:00:00.000Z,options_chain,BTC,USD,BTC,BTC-26MAY23-34000-P,btc-26may23-34000-p,True,34000,PUT,2023-05-26T08:00:00Z,,,BTC-USD,,,,,,,
DERIBIT:OPTION:BTC-USD-230526-19000-CALL,DERIBIT,OPTION,BTC-USD-230526-19000-CALL,exchange,deribit,tardis,crypto,2023-02-23T00:00:00.000Z,2023-05-27T00:00:00.000Z,options_chain,BTC,USD,BTC,BTC-26MAY23-19000-C,btc-26may23-19000-c,True,19000,CALL,2023-05-26T08:00:00Z,,,BTC-USD,,,,,,,
DERIBIT:OPTION:BTC-USD-230526-30000-PUT,DERIBIT,OPTION,BTC-USD-230526-30000-PUT,exchange,deribit,tardis,crypto,2023-02-23T00:00:00.000Z,2023-05-27T00:00:00.000Z,options_chain,BTC,USD,BTC,BTC-26MAY23-30000-P,btc-26may23-30000-p,True,30000,PUT,2023-05-26T08:00:00Z,,,BTC-USD,,,,,,,
DERIBIT:OPTION:BTC-USD-230526-36000-PUT,DERIBIT,OPTION,BTC-USD-230526-36000-PUT,exchange,deribit,tardis,crypto,2023-02-23T00:00:00.000Z,2023-05-27T00:00:00.000Z,options_chain,BTC,USD,BTC,BTC-26MAY23-36000-P,btc-26may23-36000-p,True,36000,PUT,2023-05-26T08:00:00Z,,,BTC-USD,,,,,,,
DERIBIT:OPTION:BTC-USD-230526-18000-CALL,DERIBIT,OPTION,BTC-USD-230526-18000-CALL,exchange,deribit,tardis,crypto,2023-02-23T00:00:00.000Z,2023-05-27T00:00:00.000Z,options_chain,BTC,USD,BTC,BTC-26MAY23-18000-C,btc-26may23-18000-c,True,18000,CALL,2023-05-26T08:00:00Z,,,BTC-USD,,,,,,,
DERIBIT:OPTION:BTC-USD-230526-20000-CALL,DERIBIT,OPTION,BTC-USD-230526-20000-CALL,exchange,deribit,tardis,crypto,2023-02-23T00:00:00.000Z,2023-05-27T00:00:00.000Z,options_chain,BTC,USD,BTC,BTC-26MAY23-20000-C,btc-26may23-20000-c,True,20000,CALL,2023-05-26T08:00:00Z,,,BTC-USD,,,,,,,
DERIBIT:OPTION:BTC-USD-230526-21000-CALL,DERIBIT,OPTION,BTC-USD-230526-21000-CALL,exchange,deribit,tardis,crypto,2023-02-23T00:00:00.000Z,2023-05-27T00:00:00.000Z,options_chain,BTC,USD,BTC,BTC-26MAY23-21000-C,btc-26may23-21000-c,True,21000,CALL,2023-05-26T08:00:00Z,,,BTC-USD,,,,,,,
DERIBIT:OPTION:BTC-USD-230526-27000-PUT,DERIBIT,OPTION,BTC-USD-230526-27000-PUT,exchange,deribit,tardis,crypto,2023-02-23T00:00:00.000Z,2023-05-27T00:00:00.000Z,options_chain,BTC,USD,BTC,BTC-26MAY23-27000-P,btc-26may23-27000-p,True,27000,PUT,2023-05-26T08:00:00Z,,,BTC-USD,,,,,,,
DERIBIT:OPTION:BTC-USD-230526-28000-PUT,DERIBIT,OPTION,BTC-USD-230526-28000-PUT,exchange,deribit,tardis,crypto,2023-02-23T00:00:00.000Z,2023-05-27T00:00:00.000Z,options_chain,BTC,USD,BTC,BTC-26MAY23-28000-P,btc-26may23-28000-p,True,28000,PUT,2023-05-26T08:00:00Z,,,BTC-USD,,,,,,,
DERIBIT:OPTION:BTC-USD-230526-22000-CALL,DERIBIT,OPTION,BTC-USD-230526-22000-CALL,exchange,deribit,tardis,crypto,2023-02-23T00:00:00.000Z,2023-05-27T00:00:00.000Z,options_chain,BTC,USD,BTC,BTC-26MAY23-22000-C,btc-26may23-22000-c,True,22000,CALL,2023-05-26T08:00:00Z,,,BTC-USD,,,,,,,
DERIBIT:OPTION:BTC-USD-230526-15000-PUT,DERIBIT,OPTION,BTC-USD-230526-15000-PUT,exchange,deribit,tardis,crypto,2023-03-09T00:00:00.000Z,2023-05-27T00:00:00.000Z,options_chain,BTC,USD,BTC,BTC-26MAY23-15000-P,btc-26may23-15000-p,True,15000,PUT,2023-05-26T08:00:00Z,,,BTC-USD,,,,,,,
DERIBIT:OPTION:BTC-USD-230526-35000-CALL,DERIBIT,OPTION,BTC-USD-230526-35000-CALL,exchange,deribit,tardis,crypto,2023-03-09T00:00:00.000Z,2023-05-27T00:00:00.000Z,options_chain,BTC,USD,BTC,BTC-26MAY23-35000-C,btc-26may23-35000-c,True,35000,CALL,2023-05-26T08:00:00Z,,,BTC-USD,,,,,,,
DERIBIT:OPTION:BTC-USD-230526-35000-PUT,DERIBIT,OPTION,BTC-USD-230526-35000-PUT,exchange,deribit,tardis,crypto,2023-03-10T00:00:00.000Z,2023-05-27T00:00:00.000Z,options_chain,BTC,USD,BTC,BTC-26MAY23-35000-P,btc-26may23-35000-p,True,35000,PUT,2023-05-26T08:00:00Z,,,BTC-USD,,,,,,,
DERIBIT:OPTION:BTC-USD-230526-42000-CALL,DERIBIT,OPTION,BTC-USD-230526-42000-CALL,exchange,deribit,tardis,crypto,2023-03-14T00:00:00.000Z,2023-05-27T00:00:00.000Z,options_chain,BTC,USD,BTC,BTC-26MAY23-42000-C,btc-26may23-42000-c,True,42000,CALL,2023-05-26T08:00:00Z,,,BTC-USD,,,,,,,
DERIBIT:OPTION:BTC-USD-230526-55000-CALL,DERIBIT,OPTION,BTC-USD-230526-55000-CALL,exchange,deribit,tardis,crypto,2023-03-14T00:00:00.000Z,2023-05-27T00:00:00.000Z,options_chain,BTC,USD,BTC,BTC-26MAY23-55000-C,btc-26may23-55000-c,True,55000,CALL,2023-05-26T08:00:00Z,,,BTC-USD,,,,,,,
DERIBIT:OPTION:BTC-USD-230526-31000-CALL,DERIBIT,OPTION,BTC-USD-230526-31000-CALL,exchange,deribit,tardis,crypto,2023-03-17T00:00:00.000Z,2023-05-27T00:00:00.000Z,options_chain,BTC,USD,BTC,BTC-26MAY23-31000-C,btc-26may23-31000-c,True,31000,CALL,2023-05-26T08:00:00Z,,,BTC-USD,,,,,,,
DERIBIT:OPTION:BTC-USD-230526-31000-PUT,DERIBIT,OPTION,BTC-USD-230526-31000-PUT,exchange,deribit,tardis,crypto,2023-03-17T00:00:00.000Z,2023-05-27T00:00:00.000Z,options_chain,BTC,USD,BTC,BTC-26MAY23-31000-P,btc-26may23-31000-p,True,31000,PUT,2023-05-26T08:00:00Z,,,BTC-USD,,,,,,,
DERIBIT:OPTION:BTC-USD-230526-44000-CALL,DERIBIT,OPTION,BTC-USD-230526-44000-CALL,exchange,deribit,tardis,crypto,2023-03-18T00:00:00.000Z,2023-05-27T00:00:00.000Z,options_chain,BTC,USD,BTC,BTC-26MAY23-44000-C,btc-26may23-44000-c,True,44000,CALL,2023-05-26T08:00:00Z,,,BTC-USD,,,,,,,
DERIBIT:OPTION:BTC-USD-230526-33000-CALL,DERIBIT,OPTION,BTC-USD-230526-33000-CALL,exchange,deribit,tardis,crypto,2023-03-19T00:00:00.000Z,2023-05-27T00:00:00.000Z,options_chain,BTC,USD,BTC,BTC-26MAY23-33000-C,btc-26may23-33000-c,True,33000,CALL,2023-05-26T08:00:00Z,,,BTC-USD,,,,,,,
DERIBIT:OPTION:BTC-USD-230526-33000-PUT,DERIBIT,OPTION,BTC-USD-230526-33000-PUT,exchange,deribit,tardis,crypto,2023-03-20T00:00:00.000Z,2023-05-27T00:00:00.000Z,options_chain,BTC,USD,BTC,BTC-26MAY23-33000-P,btc-26may23-33000-p,True,33000,PUT,2023-05-26T08:00:00Z,,,BTC-USD,,,,,,,
DERIBIT:OPTION:BTC-USD-230526-28500-CALL,DERIBIT,OPTION,BTC-USD-230526-28500-CALL,exchange,deribit,tardis,crypto,2023-05-18T00:00:00.000Z,2023-05-27T00:00:00.000Z,options_chain,BTC,USD,BTC,BTC-26MAY23-28500-C,btc-26may23-28500-c,True,28500,CALL,2023-05-26T08:00:00Z,,,BTC-USD,,,,,,,
DERIBIT:OPTION:BTC-USD-230526-26500-PUT,DERIBIT,OPTION,BTC-USD-230526-26500-PUT,exchange,deribit,tardis,crypto,2023-05-18T00:00:00.000Z,2023-05-27T00:00:00.000Z,options_chain,BTC,USD,BTC,BTC-26MAY23-26500-P,btc-26may23-26500-p,True,26500,PUT,2023-05-26T08:00:00Z,,,BTC-USD,,,,,,,
DERIBIT:OPTION:BTC-USD-230526-27500-PUT,DERIBIT,OPTION,BTC-USD-230526-27500-PUT,exchange,deribit,tardis,crypto,2023-05-18T00:00:00.000Z,2023-05-27T00:00:00.000Z,options_chain,BTC,USD,BTC,BTC-26MAY23-27500-P,btc-26may23-27500-p,True,27500,PUT,2023-05-26T08:00:00Z,,,BTC-USD,,,,,,,
DERIBIT:OPTION:BTC-USD-230526-27500-CALL,DERIBIT,OPTION,BTC-USD-230526-27500-CALL,exchange,deribit,tardis,crypto,2023-05-18T00:00:00.000Z,2023-05-27T00:00:00.000Z,options_chain,BTC,USD,BTC,BTC-26MAY23-27500-C,btc-26may23-27500-c,True,27500,CALL,2023-05-26T08:00:00Z,,,BTC-USD,,,,,,,
DERIBIT:OPTION:BTC-USD-230526-26500-CALL,DERIBIT,OPTION,BTC-USD-230526-26500-CALL,exchange,deribit,tardis,crypto,2023-05-18T00:00:00.000Z,2023-05-27T00:00:00.000Z,options_chain,BTC,USD,BTC,BTC-26MAY23-26500-C,btc-26may23-26500-c,True,26500,CALL,2023-05-26T08:00:00Z,,,BTC-USD,,,,,,,
DERIBIT:OPTION:BTC-USD-230526-28500-PUT,DERIBIT,OPTION,BTC-USD-230526-28500-PUT,exchange,deribit,tardis,crypto,2023-05-18T00:00:00.000Z,2023-05-27T00:00:00.000Z,options_chain,BTC,USD,BTC,BTC-26MAY23-28500-P,btc-26may23-28500-p,True,28500,PUT,2023-05-26T08:00:00Z,,,BTC-USD,,,,,,,
DERIBIT:OPTION:BTC-USD-230526-27250-CALL,DERIBIT,OPTION,BTC-USD-230526-27250-CALL,exchange,deribit,tardis,crypto,2023-05-23T00:00:00.000Z,2023-05-27T00:00:00.000Z,options_chain,BTC,USD,BTC,BTC-26MAY23-27250-C,btc-26may23-27250-c,True,27250,CALL,2023-05-26T08:00:00Z,,,BTC-USD,,,,,,,
DERIBIT:OPTION:BTC-USD-230526-28250-CALL,DERIBIT,OPTION,BTC-USD-230526-28250-CALL,exchange,deribit,tardis,crypto,2023-05-23T00:00:00.000Z,2023-05-27T00:00:00.000Z,options_chain,BTC,USD,BTC,BTC-26MAY23-28250-C,btc-26may23-28250-c,True,28250,CALL,2023-05-26T08:00:00Z,,,BTC-USD,,,,,,,
DERIBIT:OPTION:BTC-USD-230526-26750-PUT,DERIBIT,OPTION,BTC-USD-230526-26750-PUT,exchange,deribit,tardis,crypto,2023-05-23T00:00:00.000Z,2023-05-27T00:00:00.000Z,options_chain,BTC,USD,BTC,BTC-26MAY23-26750-P,btc-26may23-26750-p,True,26750,PUT,2023-05-26T08:00:00Z,,,BTC-USD,,,,,,,
DERIBIT:OPTION:BTC-USD-230526-26250-PUT,DERIBIT,OPTION,BTC-USD-230526-26250-PUT,exchange,deribit,tardis,crypto,2023-05-23T00:00:00.000Z,2023-05-27T00:00:00.000Z,options_chain,BTC,USD,BTC,BTC-26MAY23-26250-P,btc-26may23-26250-p,True,26250,PUT,2023-05-26T08:00:00Z,,,BTC-USD,,,,,,,
DERIBIT:OPTION:BTC-USD-230526-27250-PUT,DERIBIT,OPTION,BTC-USD-230526-27250-PUT,exchange,deribit,tardis,crypto,2023-05-23T00:00:00.000Z,2023-05-27T00:00:00.000Z,options_chain,BTC,USD,BTC,BTC-26MAY23-27250-P,btc-26may23-27250-p,True,27250,PUT,2023-05-26T08:00:00Z,,,BTC-USD,,,,,,,
DERIBIT:OPTION:BTC-USD-230526-27750-CALL,DERIBIT,OPTION,BTC-USD-230526-27750-CALL,exchange,deribit,tardis,crypto,2023-05-23T00:00:00.000Z,2023-05-27T00:00:00.000Z,options_chain,BTC,USD,BTC,BTC-26MAY23-27750-C,btc-26may23-27750-c,True,27750,CALL,2023-05-26T08:00:00Z,,,BTC-USD,,,,,,,
DERIBIT:OPTION:BTC-USD-230526-27750-PUT,DERIBIT,OPTION,BTC-USD-230526-27750-PUT,exchange,deribit,tardis,crypto,2023-05-23T00:00:00.000Z,2023-05-27T00:00:00.000Z,options_chain,BTC,USD,BTC,BTC-26MAY23-27750-P,btc-26may23-27750-p,True,27750,PUT,2023-05-26T08:00:00Z,,,BTC-USD,,,,,,,
DERIBIT:OPTION:BTC-USD-230526-28250-PUT,DERIBIT,OPTION,BTC-USD-230526-28250-PUT,exchange,deribit,tardis,crypto,2023-05-23T00:00:00.000Z,2023-05-27T00:00:00.000Z,options_chain,BTC,USD,BTC,BTC-26MAY23-28250-P,btc-26may23-28250-p,True,28250,PUT,2023-05-26T08:00:00Z,,,BTC-USD,,,,,,,
DERIBIT:OPTION:BTC-USD-230526-26750-CALL,DERIBIT,OPTION,BTC-USD-230526-26750-CALL,exchange,deribit,tardis,crypto,2023-05-23T00:00:00.000Z,2023-05-27T00:00:00.000Z,options_chain,BTC,USD,BTC,BTC-26MAY23-26750-C,btc-26may23-26750-c,True,26750,CALL,2023-05-26T08:00:00Z,,,BTC-USD,,,,,,,
DERIBIT:OPTION:BTC-USD-230526-26250-CALL,DERIBIT,OPTION,BTC-USD-230526-26250-CALL,exchange,deribit,tardis,crypto,2023-05-23T00:00:00.000Z,2023-05-27T00:00:00.000Z,options_chain,BTC,USD,BTC,BTC-26MAY23-26250-C,btc-26may23-26250-c,True,26250,CALL,2023-05-26T08:00:00Z,,,BTC-USD,,,,,,,
DERIBIT:OPTION:BTC-USD-230526-10000-CALL,DERIBIT,OPTION,BTC-USD-230526-10000-CALL,exchange,deribit,tardis,crypto,2023-02-23T00:00:00.000Z,2023-05-26T00:00:00.000Z,options_chain,BTC,USD,BTC,BTC-26MAY23-10000-C,btc-26may23-10000-c,True,10000,CALL,2023-05-26T08:00:00Z,,,BTC-USD,,,,,,,
DERIBIT:OPTION:BTC-USD-230526-14000-CALL,DERIBIT,OPTION,BTC-USD-230526-14000-CALL,exchange,deribit,tardis,crypto,2023-02-23T00:00:00.000Z,2023-05-26T00:00:00.000Z,options_chain,BTC,USD,BTC,BTC-26MAY23-14000-C,btc-26may23-14000-c,True,14000,CALL,2023-05-26T08:00:00Z,,,BTC-USD,,,,,,,
DERIBIT:OPTION:BTC-USD-230526-12000-CALL,DERIBIT,OPTION,BTC-USD-230526-12000-CALL,exchange,deribit,tardis,crypto,2023-02-23T00:00:00.000Z,2023-05-26T00:00:00.000Z,options_chain,BTC,USD,BTC,BTC-26MAY23-12000-C,btc-26may23-12000-c,True,12000,CALL,2023-05-26T08:00:00Z,,,BTC-USD,,,,,,,
DERIBIT:OPTION:BTC-USD-230526-40000-PUT,DERIBIT,OPTION,BTC-USD-230526-40000-PUT,exchange,deribit,tardis,crypto,2023-02-23T00:00:00.000Z,2023-05-26T00:00:00.000Z,options_chain,BTC,USD,BTC,BTC-26MAY23-40000-P,btc-26may23-40000-p,True,40000,PUT,2023-05-26T08:00:00Z,,,BTC-USD,,,,,,,
DERIBIT:OPTION:BTC-USD-230526-45000-PUT,DERIBIT,OPTION,BTC-USD-230526-45000-PUT,exchange,deribit,tardis,crypto,2023-03-09T00:00:00.000Z,2023-05-26T00:00:00.000Z,options_chain,BTC,USD,BTC,BTC-26MAY23-45000-P,btc-26may23-45000-p,True,45000,PUT,2023-05-26T08:00:00Z,,,BTC-USD,,,,,,,
DERIBIT:OPTION:BTC-USD-230526-50000-PUT,DERIBIT,OPTION,BTC-USD-230526-50000-PUT,exchange,deribit,tardis,crypto,2023-03-09T00:00:00.000Z,2023-05-26T00:00:00.000Z,options_chain,BTC,USD,BTC,BTC-26MAY23-50000-P,btc-26may23-50000-p,True,50000,PUT,2023-05-26T08:00:00Z,,,BTC-USD,,,,,,,
DERIBIT:OPTION:BTC-USD-230526-15000-CALL,DERIBIT,OPTION,BTC-USD-230526-15000-CALL,exchange,deribit,tardis,crypto,2023-03-10T00:00:00.000Z,2023-05-26T00:00:00.000Z,options_chain,BTC,USD,BTC,BTC-26MAY23-15000-C,btc-26may23-15000-c,True,15000,CALL,2023-05-26T08:00:00Z,,,BTC-USD,,,,,,,
DERIBIT:OPTION:BTC-USD-230526-42000-PUT,DERIBIT,OPTION,BTC-USD-230526-42000-PUT,exchange,deribit,tardis,crypto,2023-03-14T00:00:00.000Z,2023-05-26T00:00:00.000Z,options_chain,BTC,USD,BTC,BTC-26MAY23-42000-P,btc-26may23-42000-p,True,42000,PUT,2023-05-26T08:00:00Z,,,BTC-USD,,,,,,,
DERIBIT:OPTION:BTC-USD-230526-44000-PUT,DERIBIT,OPTION,BTC-USD-230526-44000-PUT,exchange,deribit,tardis,crypto,2023-03-20T00:00:00.000Z,2023-05-26T00:00:00.000Z,options_chain,BTC,USD,BTC,BTC-26MAY23-44000-P,btc-26may23-44000-p,True,44000,PUT,2023-05-26T08:00:00Z,,,BTC-USD,,,,,,,
DERIBIT:OPTION:BTC-USD-230526-55000-PUT,DERIBIT,OPTION,BTC-USD-230526-55000-PUT,exchange,deribit,tardis,crypto,2023-03-24T00:00:00.000Z,2023-05-26T00:00:00.000Z,options_chain,BTC,USD,BTC,BTC-26MAY23-55000-P,btc-26may23-55000-p,True,55000,PUT,2023-05-26T08:00:00Z,,,BTC-USD,,,,,,,
DERIBIT:OPTION:BTC-USD-230525-28000-CALL,DERIBIT,OPTION,BTC-USD-230525-28000-CALL,exchange,deribit,tardis,crypto,2023-05-22T00:00:00.000Z,2023-05-26T00:00:00.000Z,options_chain,BTC,USD,BTC,BTC-25MAY23-28000-C,btc-25may23-28000-c,True,28000,CALL,2023-05-25T08:00:00Z,,,BTC-USD,,,,,,,
DERIBIT:OPTION:BTC-USD-230525-25500-PUT,DERIBIT,OPTION,BTC-USD-230525-25500-PUT,exchange,deribit,tardis,crypto,2023-05-22T00:00:00.000Z,2023-05-26T00:00:00.000Z,options_chain,BTC,USD,BTC,BTC-25MAY23-25500-P,btc-25may23-25500-p,True,25500,PUT,2023-05-25T08:00:00Z,,,BTC-USD,,,,,,,
DERIBIT:OPTION:BTC-USD-230525-25000-PUT,DERIBIT,OPTION,BTC-USD-230525-25000-PUT,exchange,deribit,tardis,crypto,2023-05-22T00:00:00.000Z,2023-05-26T00:00:00.000Z,options_chain,BTC,USD,BTC,BTC-25MAY23-25000-P,btc-25may23-25000-p,True,25000,PUT,2023-05-25T08:00:00Z,,,BTC-USD,,,,,,,
DERIBIT:OPTION:BTC-USD-230525-29000-CALL,DERIBIT,OPTION,BTC-USD-230525-29000-CALL,exchange,deribit,tardis,crypto,2023-05-22T00:00:00.000Z,2023-05-26T00:00:00.000Z,options_chain,BTC,USD,BTC,BTC-25MAY23-29000-C,btc-25may23-29000-c,True,29000,CALL,2023-05-25T08:00:00Z,,,BTC-USD,,,,,,,
DERIBIT:OPTION:BTC-USD-230525-28500-CALL,DERIBIT,OPTION,BTC-USD-230525-28500-CALL,exchange,deribit,tardis,crypto,2023-05-22T00:00:00.000Z,2023-05-26T00:00:00.000Z,options_chain,BTC,USD,BTC,BTC-25MAY23-28500-C,btc-25may23-28500-c,True,28500,CALL,2023-05-25T08:00:00Z,,,BTC-USD,,,,,,,
DERIBIT:OPTION:BTC-USD-230525-27750-CALL,DERIBIT,OPTION,BTC-USD-230525-27750-CALL,exchange,deribit,tardis,crypto,2023-05-22T00:00:00.000Z,2023-05-26T00:00:00.000Z,options_chain,BTC,USD,BTC,BTC-25MAY23-27750-C,btc-25may23-27750-c,True,27750,CALL,2023-05-25T08:00:00Z,,,BTC-USD,,,,,,,
DERIBIT:OPTION:BTC-USD-230525-26250-PUT,DERIBIT,OPTION,BTC-USD-230525-26250-PUT,exchange,deribit,tardis,crypto,2023-05-22T00:00:00.000Z,2023-05-26T00:00:00.000Z,options_chain,BTC,USD,BTC,BTC-25MAY23-26250-P,btc-25may23-26250-p,True,26250,PUT,2023-05-25T08:00:00Z,,,BTC-USD,,,,,,,
DERIBIT:OPTION:BTC-USD-230525-26000-PUT,DERIBIT,OPTION,BTC-USD-230525-26000-PUT,exchange,deribit,tardis,crypto,2023-05-22T00:00:00.000Z,2023-05-26T00:00:00.000Z,options_chain,BTC,USD,BTC,BTC-25MAY23-26000-P,btc-25may23-26000-p,True,26000,PUT,2023-05-25T08:00:00Z,,,BTC-USD,,,,,,,
DERIBIT:OPTION:BTC-USD-230525-26500-PUT,DERIBIT,OPTION,BTC-USD-230525-26500-PUT,exchange,deribit,tardis,crypto,2023-05-22T00:00:00.000Z,2023-05-26T00:00:00.000Z,options_chain,BTC,USD,BTC,BTC-25MAY23-26500-P,btc-25may23-26500-p,True,26500,PUT,2023-05-25T08:00:00Z,,,BTC-USD,,,,,,,
DERIBIT:OPTION:BTC-USD-230525-27500-CALL,DERIBIT,OPTION,BTC-USD-230525-27500-CALL,exchange,deribit,tardis,crypto,2023-05-22T00:00:00.000Z,2023-05-26T00:00:00.000Z,options_chain,BTC,USD,BTC,BTC-25MAY23-27500-C,btc-25may23-27500-c,True,27500,CALL,2023-05-25T08:00:00Z,,,BTC-USD,,,,,,,
DERIBIT:OPTION:BTC-USD-230525-26750-PUT,DERIBIT,OPTION,BTC-USD-230525-26750-PUT,exchange,deribit,tardis,crypto,2023-05-22T00:00:00.000Z,2023-05-26T00:00:00.000Z,options_chain,BTC,USD,BTC,BTC-25MAY23-26750-P,btc-25may23-26750-p,True,26750,PUT,2023-05-25T08:00:00Z,,,BTC-USD,,,,,,,
DERIBIT:OPTION:BTC-USD-230525-27000-PUT,DERIBIT,OPTION,BTC-USD-230525-27000-PUT,exchange,deribit,tardis,crypto,2023-05-22T00:00:00.000Z,2023-05-26T00:00:00.000Z,options_chain,BTC,USD,BTC,BTC-25MAY23-27000-P,btc-25may23-27000-p,True,27000,PUT,2023-05-25T08:00:00Z,,,BTC-USD,,,,,,,
DERIBIT:OPTION:BTC-USD-230525-24500-PUT,DERIBIT,OPTION,BTC-USD-230525-24500-PUT,exchange,deribit,tardis,crypto,2023-05-22T00:00:00.000Z,2023-05-26T00:00:00.000Z,options_chain,BTC,USD,BTC,BTC-25MAY23-24500-P,btc-25may23-24500-p,True,24500,PUT,2023-05-25T08:00:00Z,,,BTC-USD,,,,,,,
DERIBIT:OPTION:BTC-USD-230525-27250-CALL,DERIBIT,OPTION,BTC-USD-230525-27250-CALL,exchange,deribit,tardis,crypto,2023-05-22T00:00:00.000Z,2023-05-26T00:00:00.000Z,options_chain,BTC,USD,BTC,BTC-25MAY23-27250-C,btc-25may23-27250-c,True,27250,CALL,2023-05-25T08:00:00Z,,,BTC-USD,,,,,,,
DERIBIT:OPTION:BTC-USD-230525-26750-CALL,DERIBIT,OPTION,BTC-USD-230525-26750-CALL,exchange,deribit,tardis,crypto,2023-05-22T00:00:00.000Z,2023-05-26T00:00:00.000Z,options_chain,BTC,USD,BTC,BTC-25MAY23-26750-C,btc-25may23-26750-c,True,26750,CALL,2023-05-25T08:00:00Z,,,BTC-USD,,,,,,,
DERIBIT:OPTION:BTC-USD-230525-27000-CALL,DERIBIT,OPTION,BTC-USD-230525-27000-CALL,exchange,deribit,tardis,crypto,2023-05-22T00:00:00.000Z,2023-05-26T00:00:00.000Z,options_chain,BTC,USD,BTC,BTC-25MAY23-27000-C,btc-25may23-27000-c,True,27000,CALL,2023-05-25T08:00:00Z,,,BTC-USD,,,,,,,
DERIBIT:OPTION:BTC-USD-230525-29500-CALL,DERIBIT,OPTION,BTC-USD-230525-29500-CALL,exchange,deribit,tardis,crypto,2023-05-22T00:00:00.000Z,2023-05-26T00:00:00.000Z,options_chain,BTC,USD,BTC,BTC-25MAY23-29500-C,btc-25may23-29500-c,True,29500,CALL,2023-05-25T08:00:00Z,,,BTC-USD,,,,,,,
DERIBIT:OPTION:BTC-USD-230525-26500-CALL,DERIBIT,OPTION,BTC-USD-230525-26500-CALL,exchange,deribit,tardis,crypto,2023-05-22T00:00:00.000Z,2023-05-26T00:00:00.000Z,options_chain,BTC,USD,BTC,BTC-25MAY23-26500-C,btc-25may23-26500-c,True,26500,CALL,2023-05-25T08:00:00Z,,,BTC-USD,,,,,,,
DERIBIT:OPTION:BTC-USD-230525-27250-PUT,DERIBIT,OPTION,BTC-USD-230525-27250-PUT,exchange,deribit,tardis,crypto,2023-05-22T00:00:00.000Z,2023-05-26T00:00:00.000Z,options_chain,BTC,USD,BTC,BTC-25MAY23-27250-P,btc-25may23-27250-p,True,27250,PUT,2023-05-25T08:00:00Z,,,BTC-USD,,,,,,,
DERIBIT:OPTION:BTC-USD-230525-30000-CALL,DERIBIT,OPTION,BTC-USD-230525-30000-CALL,exchange,deribit,tardis,crypto,2023-05-22T00:00:00.000Z,2023-05-26T00:00:00.000Z,options_chain,BTC,USD,BTC,BTC-25MAY23-30000-C,btc-25may23-30000-c,True,30000,CALL,2023-05-25T08:00:00Z,,,BTC-USD,,,,,,,
DERIBIT:OPTION:BTC-USD-230525-24000-PUT,DERIBIT,OPTION,BTC-USD-230525-24000-PUT,exchange,deribit,tardis,crypto,2023-05-22T00:00:00.000Z,2023-05-26T00:00:00.000Z,options_chain,BTC,USD,BTC,BTC-25MAY23-24000-P,btc-25may23-24000-p,True,24000,PUT,2023-05-25T08:00:00Z,,,BTC-USD,,,,,,,
DERIBIT:OPTION:BTC-USD-230525-28500-PUT,DERIBIT,OPTION,BTC-USD-230525-28500-PUT,exchange,deribit,tardis,crypto,2023-05-22T00:00:00.000Z,2023-05-26T00:00:00.000Z,options_chain,BTC,USD,BTC,BTC-25MAY23-28500-P,btc-25may23-28500-p,True,28500,PUT,2023-05-25T08:00:00Z,,,BTC-USD,,,,,,,
DERIBIT:OPTION:BTC-USD-230525-27750-PUT,DERIBIT,OPTION,BTC-USD-230525-27750-PUT,exchange,deribit,tardis,crypto,2023-05-22T00:00:00.000Z,2023-05-26T00:00:00.000Z,options_chain,BTC,USD,BTC,BTC-25MAY23-27750-P,btc-25may23-27750-p,True,27750,PUT,2023-05-25T08:00:00Z,,,BTC-USD,,,,,,,
DERIBIT:OPTION:BTC-USD-230525-25500-CALL,DERIBIT,OPTION,BTC-USD-230525-25500-CALL,exchange,deribit,tardis,crypto,2023-05-22T00:00:00.000Z,2023-05-26T00:00:00.000Z,options_chain,BTC,USD,BTC,BTC-25MAY23-25500-C,btc-25may23-25500-c,True,25500,CALL,2023-05-25T08:00:00Z,,,BTC-USD,,,,,,,
DERIBIT:OPTION:BTC-USD-230525-25000-CALL,DERIBIT,OPTION,BTC-USD-230525-25000-CALL,exchange,deribit,tardis,crypto,2023-05-22T00:00:00.000Z,2023-05-26T00:00:00.000Z,options_chain,BTC,USD,BTC,BTC-25MAY23-25000-C,btc-25may23-25000-c,True,25000,CALL,2023-05-25T08:00:00Z,,,BTC-USD,,,,,,,
DERIBIT:OPTION:BTC-USD-230525-24500-CALL,DERIBIT,OPTION,BTC-USD-230525-24500-CALL,exchange,deribit,tardis,crypto,2023-05-22T00:00:00.000Z,2023-05-26T00:00:00.000Z,options_chain,BTC,USD,BTC,BTC-25MAY23-24500-C,btc-25may23-24500-c,True,24500,CALL,2023-05-25T08:00:00Z,,,BTC-USD,,,,,,,
DERIBIT:OPTION:BTC-USD-230525-26250-CALL,DERIBIT,OPTION,BTC-USD-230525-26250-CALL,exchange,deribit,tardis,crypto,2023-05-22T00:00:00.000Z,2023-05-26T00:00:00.000Z,options_chain,BTC,USD,BTC,BTC-25MAY23-26250-C,btc-25may23-26250-c,True,26250,CALL,2023-05-25T08:00:00Z,,,BTC-USD,,,,,,,
DERIBIT:OPTION:BTC-USD-230525-28000-PUT,DERIBIT,OPTION,BTC-USD-230525-28000-PUT,exchange,deribit,tardis,crypto,2023-05-22T00:00:00.000Z,2023-05-26T00:00:00.000Z,options_chain,BTC,USD,BTC,BTC-25MAY23-28000-P,btc-25may23-28000-p,True,28000,PUT,2023-05-25T08:00:00Z,,,BTC-USD,,,,,,,
DERIBIT:OPTION:BTC-USD-230525-24000-CALL,DERIBIT,OPTION,BTC-USD-230525-24000-CALL,exchange,deribit,tardis,crypto,2023-05-22T00:00:00.000Z,2023-05-26T00:00:00.000Z,options_chain,BTC,USD,BTC,BTC-25MAY23-24000-C,btc-25may23-24000-c,True,24000,CALL,2023-05-25T08:00:00Z,,,BTC-USD,,,,,,,
DERIBIT:OPTION:BTC-USD-230525-30000-PUT,DERIBIT,OPTION,BTC-USD-230525-30000-PUT,exchange,deribit,tardis,crypto,2023-05-22T00:00:00.000Z,2023-05-26T00:00:00.000Z,options_chain,BTC,USD,BTC,BTC-25MAY23-30000-P,btc-25may23-30000-p,True,30000,PUT,2023-05-25T08:00:00Z,,,BTC-USD,,,,,,,
DERIBIT:OPTION:BTC-USD-230525-27500-PUT,DERIBIT,OPTION,BTC-USD-230525-27500-PUT,exchange,deribit,tardis,crypto,2023-05-22T00:00:00.000Z,2023-05-26T00:00:00.000Z,options_chain,BTC,USD,BTC,BTC-25MAY23-27500-P,btc-25may23-27500-p,True,27500,PUT,2023-05-25T08:00:00Z,,,BTC-USD,,,,,,,
DERIBIT:OPTION:BTC-USD-230525-26000-CALL,DERIBIT,OPTION,BTC-USD-230525-26000-CALL,exchange,deribit,tardis,crypto,2023-05-22T00:00:00.000Z,2023-05-26T00:00:00.000Z,options_chain,BTC,USD,BTC,BTC-25MAY23-26000-C,btc-25may23-26000-c,True,26000,CALL,2023-05-25T08:00:00Z,,,BTC-USD,,,,,,,
DERIBIT:OPTION:BTC-USD-230524-28000-CALL,DERIBIT,OPTION,BTC-USD-230524-28000-CALL,exchange,deribit,tardis,crypto,2023-05-21T00:00:00.000Z,2023-05-25T00:00:00.000Z,options_chain,BTC,USD,BTC,BTC-24MAY23-28000-C,btc-24may23-28000-c,True,28000,CALL,2023-05-24T08:00:00Z,,,BTC-USD,,,,,,,
DERIBIT:OPTION:BTC-USD-230524-26000-PUT,DERIBIT,OPTION,BTC-USD-230524-26000-PUT,exchange,deribit,tardis,crypto,2023-05-21T00:00:00.000Z,2023-05-25T00:00:00.000Z,options_chain,BTC,USD,BTC,BTC-24MAY23-26000-P,btc-24may23-26000-p,True,26000,PUT,2023-05-24T08:00:00Z,,,BTC-USD,,,,,,,
DERIBIT:OPTION:BTC-USD-230524-26250-PUT,DERIBIT,OPTION,BTC-USD-230524-26250-PUT,exchange,deribit,tardis,crypto,2023-05-21T00:00:00.000Z,2023-05-25T00:00:00.000Z,options_chain,BTC,USD,BTC,BTC-24MAY23-26250-P,btc-24may23-26250-p,True,26250,PUT,2023-05-24T08:00:00Z,,,BTC-USD,,,,,,,
DERIBIT:OPTION:BTC-USD-230524-25500-PUT,DERIBIT,OPTION,BTC-USD-230524-25500-PUT,exchange,deribit,tardis,crypto,2023-05-21T00:00:00.000Z,2023-05-25T00:00:00.000Z,options_chain,BTC,USD,BTC,BTC-24MAY23-25500-P,btc-24may23-25500-p,True,25500,PUT,2023-05-24T08:00:00Z,,,BTC-USD,,,,,,,
DERIBIT:OPTION:BTC-USD-230524-27000-PUT,DERIBIT,OPTION,BTC-USD-230524-27000-PUT,exchange,deribit,tardis,crypto,2023-05-21T00:00:00.000Z,2023-05-25T00:00:00.000Z,options_chain,BTC,USD,BTC,BTC-24MAY23-27000-P,btc-24may23-27000-p,True,27000,PUT,2023-05-24T08:00:00Z,,,BTC-USD,,,,,,,
DERIBIT:OPTION:BTC-USD-230524-28500-CALL,DERIBIT,OPTION,BTC-USD-230524-28500-CALL,exchange,deribit,tardis,crypto,2023-05-21T00:00:00.000Z,2023-05-25T00:00:00.000Z,options_chain,BTC,USD,BTC,BTC-24MAY23-28500-C,btc-24may23-28500-c,True,28500,CALL,2023-05-24T08:00:00Z,,,BTC-USD,,,,,,,
DERIBIT:OPTION:BTC-USD-230524-27500-CALL,DERIBIT,OPTION,BTC-USD-230524-27500-CALL,exchange,deribit,tardis,crypto,2023-05-21T00:00:00.000Z,2023-05-25T00:00:00.000Z,options_chain,BTC,USD,BTC,BTC-24MAY23-27500-C,btc-24may23-27500-c,True,27500,CALL,2023-05-24T08:00:00Z,,,BTC-USD,,,,,,,
DERIBIT:OPTION:BTC-USD-230524-29000-CALL,DERIBIT,OPTION,BTC-USD-230524-29000-CALL,exchange,deribit,tardis,crypto,2023-05-21T00:00:00.000Z,2023-05-25T00:00:00.000Z,options_chain,BTC,USD,BTC,BTC-24MAY23-29000-C,btc-24may23-29000-c,True,29000,CALL,2023-05-24T08:00:00Z,,,BTC-USD,,,,,,,
DERIBIT:OPTION:BTC-USD-230524-25000-PUT,DERIBIT,OPTION,BTC-USD-230524-25000-PUT,exchange,deribit,tardis,crypto,2023-05-21T00:00:00.000Z,2023-05-25T00:00:00.000Z,options_chain,BTC,USD,BTC,BTC-24MAY23-25000-P,btc-24may23-25000-p,True,25000,PUT,2023-05-24T08:00:00Z,,,BTC-USD,,,,,,,
DERIBIT:OPTION:BTC-USD-230524-26500-PUT,DERIBIT,OPTION,BTC-USD-230524-26500-PUT,exchange,deribit,tardis,crypto,2023-05-21T00:00:00.000Z,2023-05-25T00:00:00.000Z,options_chain,BTC,USD,BTC,BTC-24MAY23-26500-P,btc-24may23-26500-p,True,26500,PUT,2023-05-24T08:00:00Z,,,BTC-USD,,,,,,,
DERIBIT:OPTION:BTC-USD-230524-27250-CALL,DERIBIT,OPTION,BTC-USD-230524-27250-CALL,exchange,deribit,tardis,crypto,2023-05-21T00:00:00.000Z,2023-05-25T00:00:00.000Z,options_chain,BTC,USD,BTC,BTC-24MAY23-27250-C,btc-24may23-27250-c,True,27250,CALL,2023-05-24T08:00:00Z,,,BTC-USD,,,,,,,
DERIBIT:OPTION:BTC-USD-230524-27000-CALL,DERIBIT,OPTION,BTC-USD-230524-27000-CALL,exchange,deribit,tardis,crypto,2023-05-21T00:00:00.000Z,2023-05-25T00:00:00.000Z,options_chain,BTC,USD,BTC,BTC-24MAY23-27000-C,btc-24may23-27000-c,True,27000,CALL,2023-05-24T08:00:00Z,,,BTC-USD,,,,,,,
DERIBIT:OPTION:BTC-USD-230524-27750-CALL,DERIBIT,OPTION,BTC-USD-230524-27750-CALL,exchange,deribit,tardis,crypto,2023-05-21T00:00:00.000Z,2023-05-25T00:00:00.000Z,options_chain,BTC,USD,BTC,BTC-24MAY23-27750-C,btc-24may23-27750-c,True,27750,CALL,2023-05-24T08:00:00Z,,,BTC-USD,,,,,,,
DERIBIT:OPTION:BTC-USD-230524-26750-CALL,DERIBIT,OPTION,BTC-USD-230524-26750-CALL,exchange,deribit,tardis,crypto,2023-05-21T00:00:00.000Z,2023-05-25T00:00:00.000Z,options_chain,BTC,USD,BTC,BTC-24MAY23-26750-C,btc-24may23-26750-c,True,26750,CALL,2023-05-24T08:00:00Z,,,BTC-USD,,,,,,,
DERIBIT:OPTION:BTC-USD-230524-29500-CALL,DERIBIT,OPTION,BTC-USD-230524-29500-CALL,exchange,deribit,tardis,crypto,2023-05-21T00:00:00.000Z,2023-05-25T00:00:00.000Z,options_chain,BTC,USD,BTC,BTC-24MAY23-29500-C,btc-24may23-29500-c,True,29500,CALL,2023-05-24T08:00:00Z,,,BTC-USD,,,,,,,
DERIBIT:OPTION:BTC-USD-230524-26750-PUT,DERIBIT,OPTION,BTC-USD-230524-26750-PUT,exchange,deribit,tardis,crypto,2023-05-21T00:00:00.000Z,2023-05-25T00:00:00.000Z,options_chain,BTC,USD,BTC,BTC-24MAY23-26750-P,btc-24may23-26750-p,True,26750,PUT,2023-05-24T08:00:00Z,,,BTC-USD,,,,,,,
DERIBIT:OPTION:BTC-USD-230524-24500-PUT,DERIBIT,OPTION,BTC-USD-230524-24500-PUT,exchange,deribit,tardis,crypto,2023-05-21T00:00:00.000Z,2023-05-25T00:00:00.000Z,options_chain,BTC,USD,BTC,BTC-24MAY23-24500-P,btc-24may23-24500-p,True,24500,PUT,2023-05-24T08:00:00Z,,,BTC-USD,,,,,,,
DERIBIT:OPTION:BTC-USD-230524-26500-CALL,DERIBIT,OPTION,BTC-USD-230524-26500-CALL,exchange,deribit,tardis,crypto,2023-05-21T00:00:00.000Z,2023-05-25T00:00:00.000Z,options_chain,BTC,USD,BTC,BTC-24MAY23-26500-C,btc-24may23-26500-c,True,26500,CALL,2023-05-24T08:00:00Z,,,BTC-USD,,,,,,,
DERIBIT:OPTION:BTC-USD-230524-30000-CALL,DERIBIT,OPTION,BTC-USD-230524-30000-CALL,exchange,deribit,tardis,crypto,2023-05-21T00:00:00.000Z,2023-05-25T00:00:00.000Z,options_chain,BTC,USD,BTC,BTC-24MAY23-30000-C,btc-24may23-30000-c,True,30000,CALL,2023-05-24T08:00:00Z,,,BTC-USD,,,,,,,
DERIBIT:OPTION:BTC-USD-230524-24000-PUT,DERIBIT,OPTION,BTC-USD-230524-24000-PUT,exchange,deribit,tardis,crypto,2023-05-21T00:00:00.000Z,2023-05-25T00:00:00.000Z,options_chain,BTC,USD,BTC,BTC-24MAY23-24000-P,btc-24may23-24000-p,True,24000,PUT,2023-05-24T08:00:00Z,,,BTC-USD,,,,,,,
DERIBIT:OPTION:BTC-USD-230524-27250-PUT,DERIBIT,OPTION,BTC-USD-230524-27250-PUT,exchange,deribit,tardis,crypto,2023-05-21T00:00:00.000Z,2023-05-25T00:00:00.000Z,options_chain,BTC,USD,BTC,BTC-24MAY23-27250-P,btc-24may23-27250-p,True,27250,PUT,2023-05-24T08:00:00Z,,,BTC-USD,,,,,,,
DERIBIT:OPTION:BTC-USD-230524-24000-CALL,DERIBIT,OPTION,BTC-USD-230524-24000-CALL,exchange,deribit,tardis,crypto,2023-05-22T00:00:00.000Z,2023-05-25T00:00:00.000Z,options_chain,BTC,USD,BTC,BTC-24MAY23-24000-C,btc-24may23-24000-c,True,24000,CALL,2023-05-24T08:00:00Z,,,BTC-USD,,,,,,,
DERIBIT:OPTION:BTC-USD-230524-24500-CALL,DERIBIT,OPTION,BTC-USD-230524-24500-CALL,exchange,deribit,tardis,crypto,2023-05-22T00:00:00.000Z,2023-05-25T00:00:00.000Z,options_chain,BTC,USD,BTC,BTC-24MAY23-24500-C,btc-24may23-24500-c,True,24500,CALL,2023-05-24T08:00:00Z,,,BTC-USD,,,,,,,
DERIBIT:OPTION:BTC-USD-230524-25000-CALL,DERIBIT,OPTION,BTC-USD-230524-25000-CALL,exchange,deribit,tardis,crypto,2023-05-22T00:00:00.000Z,2023-05-25T00:00:00.000Z,options_chain,BTC,USD,BTC,BTC-24MAY23-25000-C,btc-24may23-25000-c,True,25000,CALL,2023-05-24T08:00:00Z,,,BTC-USD,,,,,,,
DERIBIT:OPTION:BTC-USD-230524-25500-CALL,DERIBIT,OPTION,BTC-USD-230524-25500-CALL,exchange,deribit,tardis,crypto,2023-05-22T00:00:00.000Z,2023-05-25T00:00:00.000Z,options_chain,BTC,USD,BTC,BTC-24MAY23-25500-C,btc-24may23-25500-c,True,25500,CALL,2023-05-24T08:00:00Z,,,BTC-USD,,,,,,,
DERIBIT:OPTION:BTC-USD-230524-26000-CALL,DERIBIT,OPTION,BTC-USD-230524-26000-CALL,exchange,deribit,tardis,crypto,2023-05-22T00:00:00.000Z,2023-05-25T00:00:00.000Z,options_chain,BTC,USD,BTC,BTC-24MAY23-26000-C,btc-24may23-26000-c,True,26000,CALL,2023-05-24T08:00:00Z,,,BTC-USD,,,,,,,
DERIBIT:OPTION:BTC-USD-230524-26250-CALL,DERIBIT,OPTION,BTC-USD-230524-26250-CALL,exchange,deribit,tardis,crypto,2023-05-22T00:00:00.000Z,2023-05-25T00:00:00.000Z,options_chain,BTC,USD,BTC,BTC-24MAY23-26250-C,btc-24may23-26250-c,True,26250,CALL,2023-05-24T08:00:00Z,,,BTC-USD,,,,,,,
DERIBIT:OPTION:BTC-USD-230524-30000-PUT,DERIBIT,OPTION,BTC-USD-230524-30000-PUT,exchange,deribit,tardis,crypto,2023-05-22T00:00:00.000Z,2023-05-25T00:00:00.000Z,options_chain,BTC,USD,BTC,BTC-24MAY23-30000-P,btc-24may23-30000-p,True,30000,PUT,2023-05-24T08:00:00Z,,,BTC-USD,,,,,,,
DERIBIT:OPTION:BTC-USD-230525-29500-PUT,DERIBIT,OPTION,BTC-USD-230525-29500-PUT,exchange,deribit,tardis,crypto,2023-05-22T00:00:00.000Z,2023-05-25T00:00:00.000Z,options_chain,BTC,USD,BTC,BTC-25MAY23-29500-P,btc-25may23-29500-p,True,29500,PUT,2023-05-25T08:00:00Z,,,BTC-USD,,,,,,,
DERIBIT:OPTION:BTC-USD-230524-27750-PUT,DERIBIT,OPTION,BTC-USD-230524-27750-PUT,exchange,deribit,tardis,crypto,2023-05-22T00:00:00.000Z,2023-05-25T00:00:00.000Z,options_chain,BTC,USD,BTC,BTC-24MAY23-27750-P,btc-24may23-27750-p,True,27750,PUT,2023-05-24T08:00:00Z,,,BTC-USD,,,,,,,
DERIBIT:OPTION:BTC-USD-230525-29000-PUT,DERIBIT,OPTION,BTC-USD-230525-29000-PUT,exchange,deribit,tardis,crypto,2023-05-22T00:00:00.000Z,2023-05-25T00:00:00.000Z,options_chain,BTC,USD,BTC,BTC-25MAY23-29000-P,btc-25may23-29000-p,True,29000,PUT,2023-05-25T08:00:00Z,,,BTC-USD,,,,,,,
DERIBIT:OPTION:BTC-USD-230524-29000-PUT,DERIBIT,OPTION,BTC-USD-230524-29000-PUT,exchange,deribit,tardis,crypto,2023-05-22T00:00:00.000Z,2023-05-25T00:00:00.000Z,options_chain,BTC,USD,BTC,BTC-24MAY23-29000-P,btc-24may23-29000-p,True,29000,PUT,2023-05-24T08:00:00Z,,,BTC-USD,,,,,,,
DERIBIT:OPTION:BTC-USD-230524-28000-PUT,DERIBIT,OPTION,BTC-USD-230524-28000-PUT,exchange,deribit,tardis,crypto,2023-05-22T00:00:00.000Z,2023-05-25T00:00:00.000Z,options_chain,BTC,USD,BTC,BTC-24MAY23-28000-P,btc-24may23-28000-p,True,28000,PUT,2023-05-24T08:00:00Z,,,BTC-USD,,,,,,,
DERIBIT:OPTION:BTC-USD-230524-28500-PUT,DERIBIT,OPTION,BTC-USD-230524-28500-PUT,exchange,deribit,tardis,crypto,2023-05-22T00:00:00.000Z,2023-05-25T00:00:00.000Z,options_chain,BTC,USD,BTC,BTC-24MAY23-28500-P,btc-24may23-28500-p,True,28500,PUT,2023-05-24T08:00:00Z,,,BTC-USD,,,,,,,
DERIBIT:OPTION:BTC-USD-230524-27500-PUT,DERIBIT,OPTION,BTC-USD-230524-27500-PUT,exchange,deribit,tardis,crypto,2023-05-22T00:00:00.000Z,2023-05-25T00:00:00.000Z,options_chain,BTC,USD,BTC,BTC-24MAY23-27500-P,btc-24may23-27500-p,True,27500,PUT,2023-05-24T08:00:00Z,,,BTC-USD,,,,,,,
DERIBIT:OPTION:BTC-USD-230524-29500-PUT,DERIBIT,OPTION,BTC-USD-230524-29500-PUT,exchange,deribit,tardis,crypto,2023-05-22T00:00:00.000Z,2023-05-25T00:00:00.000Z,options_chain,BTC,USD,BTC,BTC-24MAY23-29500-P,btc-24may23-29500-p,True,29500,PUT,2023-05-24T08:00:00Z,,,BTC-USD,,,,,,,
DERIBIT:OPTION:BTC-USD-230523-29000-CALL,DERIBIT,OPTION,BTC-USD-230523-29000-CALL,exchange,deribit,tardis,crypto,2023-05-20T00:00:00.000Z,2023-05-24T00:00:00.000Z,options_chain,BTC,USD,BTC,BTC-23MAY23-29000-C,btc-23may23-29000-c,True,29000,CALL,2023-05-23T08:00:00Z,,,BTC-USD,,,,,,,
DERIBIT:OPTION:BTC-USD-230523-25500-PUT,DERIBIT,OPTION,BTC-USD-230523-25500-PUT,exchange,deribit,tardis,crypto,2023-05-20T00:00:00.000Z,2023-05-24T00:00:00.000Z,options_chain,BTC,USD,BTC,BTC-23MAY23-25500-P,btc-23may23-25500-p,True,25500,PUT,2023-05-23T08:00:00Z,,,BTC-USD,,,,,,,
DERIBIT:OPTION:BTC-USD-230523-28500-CALL,DERIBIT,OPTION,BTC-USD-230523-28500-CALL,exchange,deribit,tardis,crypto,2023-05-20T00:00:00.000Z,2023-05-24T00:00:00.000Z,options_chain,BTC,USD,BTC,BTC-23MAY23-28500-C,btc-23may23-28500-c,True,28500,CALL,2023-05-23T08:00:00Z,,,BTC-USD,,,,,,,
DERIBIT:OPTION:BTC-USD-230523-26000-PUT,DERIBIT,OPTION,BTC-USD-230523-26000-PUT,exchange,deribit,tardis,crypto,2023-05-20T00:00:00.000Z,2023-05-24T00:00:00.000Z,options_chain,BTC,USD,BTC,BTC-23MAY23-26000-P,btc-23may23-26000-p,True,26000,PUT,2023-05-23T08:00:00Z,,,BTC-USD,,,,,,,
DERIBIT:OPTION:BTC-USD-230523-27500-CALL,DERIBIT,OPTION,BTC-USD-230523-27500-CALL,exchange,deribit,tardis,crypto,2023-05-20T00:00:00.000Z,2023-05-24T00:00:00.000Z,options_chain,BTC,USD,BTC,BTC-23MAY23-27500-C,btc-23may23-27500-c,True,27500,CALL,2023-05-23T08:00:00Z,,,BTC-USD,,,,,,,
DERIBIT:OPTION:BTC-USD-230523-28000-CALL,DERIBIT,OPTION,BTC-USD-230523-28000-CALL,exchange,deribit,tardis,crypto,2023-05-20T00:00:00.000Z,2023-05-24T00:00:00.000Z,options_chain,BTC,USD,BTC,BTC-23MAY23-28000-C,btc-23may23-28000-c,True,28000,CALL,2023-05-23T08:00:00Z,,,BTC-USD,,,,,,,
DERIBIT:OPTION:BTC-USD-230523-26750-PUT,DERIBIT,OPTION,BTC-USD-230523-26750-PUT,exchange,deribit,tardis,crypto,2023-05-20T00:00:00.000Z,2023-05-24T00:00:00.000Z,options_chain,BTC,USD,BTC,BTC-23MAY23-26750-P,btc-23may23-26750-p,True,26750,PUT,2023-05-23T08:00:00Z,,,BTC-USD,,,,,,,
DERIBIT:OPTION:BTC-USD-230523-27750-CALL,DERIBIT,OPTION,BTC-USD-230523-27750-CALL,exchange,deribit,tardis,crypto,2023-05-20T00:00:00.000Z,2023-05-24T00:00:00.000Z,options_chain,BTC,USD,BTC,BTC-23MAY23-27750-C,btc-23may23-27750-c,True,27750,CALL,2023-05-23T08:00:00Z,,,BTC-USD,,,,,,,
DERIBIT:OPTION:BTC-USD-230523-26500-PUT,DERIBIT,OPTION,BTC-USD-230523-26500-PUT,exchange,deribit,tardis,crypto,2023-05-20T00:00:00.000Z,2023-05-24T00:00:00.000Z,options_chain,BTC,USD,BTC,BTC-23MAY23-26500-P,btc-23may23-26500-p,True,26500,PUT,2023-05-23T08:00:00Z,,,BTC-USD,,,,,,,
DERIBIT:OPTION:BTC-USD-230523-27250-CALL,DERIBIT,OPTION,BTC-USD-230523-27250-CALL,exchange,deribit,tardis,crypto,2023-05-20T00:00:00.000Z,2023-05-24T00:00:00.000Z,options_chain,BTC,USD,BTC,BTC-23MAY23-27250-C,btc-23may23-27250-c,True,27250,CALL,2023-05-23T08:00:00Z,,,BTC-USD,,,,,,,
DERIBIT:OPTION:BTC-USD-230523-27000-PUT,DERIBIT,OPTION,BTC-USD-230523-27000-PUT,exchange,deribit,tardis,crypto,2023-05-20T00:00:00.000Z,2023-05-24T00:00:00.000Z,options_chain,BTC,USD,BTC,BTC-23MAY23-27000-P,btc-23may23-27000-p,True,27000,PUT,2023-05-23T08:00:00Z,,,BTC-USD,,,,,,,
DERIBIT:OPTION:BTC-USD-230523-26250-PUT,DERIBIT,OPTION,BTC-USD-230523-26250-PUT,exchange,deribit,tardis,crypto,2023-05-20T00:00:00.000Z,2023-05-24T00:00:00.000Z,options_chain,BTC,USD,BTC,BTC-23MAY23-26250-P,btc-23may23-26250-p,True,26250,PUT,2023-05-23T08:00:00Z,,,BTC-USD,,,,,,,
DERIBIT:OPTION:BTC-USD-230523-26750-CALL,DERIBIT,OPTION,BTC-USD-230523-26750-CALL,exchange,deribit,tardis,crypto,2023-05-20T00:00:00.000Z,2023-05-24T00:00:00.000Z,options_chain,BTC,USD,BTC,BTC-23MAY23-26750-C,btc-23may23-26750-c,True,26750,CALL,2023-05-23T08:00:00Z,,,BTC-USD,,,,,,,
DERIBIT:OPTION:BTC-USD-230523-27000-CALL,DERIBIT,OPTION,BTC-USD-230523-27000-CALL,exchange,deribit,tardis,crypto,2023-05-20T00:00:00.000Z,2023-05-24T00:00:00.000Z,options_chain,BTC,USD,BTC,BTC-23MAY23-27000-C,btc-23may23-27000-c,True,27000,CALL,2023-05-23T08:00:00Z,,,BTC-USD,,,,,,,
DERIBIT:OPTION:BTC-USD-230523-25000-PUT,DERIBIT,OPTION,BTC-USD-230523-25000-PUT,exchange,deribit,tardis,crypto,2023-05-20T00:00:00.000Z,2023-05-24T00:00:00.000Z,options_chain,BTC,USD,BTC,BTC-23MAY23-25000-P,btc-23may23-25000-p,True,25000,PUT,2023-05-23T08:00:00Z,,,BTC-USD,,,,,,,
DERIBIT:OPTION:BTC-USD-230523-27250-PUT,DERIBIT,OPTION,BTC-USD-230523-27250-PUT,exchange,deribit,tardis,crypto,2023-05-20T00:00:00.000Z,2023-05-24T00:00:00.000Z,options_chain,BTC,USD,BTC,BTC-23MAY23-27250-P,btc-23may23-27250-p,True,27250,PUT,2023-05-23T08:00:00Z,,,BTC-USD,,,,,,,
DERIBIT:OPTION:BTC-USD-230523-28000-PUT,DERIBIT,OPTION,BTC-USD-230523-28000-PUT,exchange,deribit,tardis,crypto,2023-05-20T00:00:00.000Z,2023-05-24T00:00:00.000Z,options_chain,BTC,USD,BTC,BTC-23MAY23-28000-P,btc-23may23-28000-p,True,28000,PUT,2023-05-23T08:00:00Z,,,BTC-USD,,,,,,,
DERIBIT:OPTION:BTC-USD-230523-26500-CALL,DERIBIT,OPTION,BTC-USD-230523-26500-CALL,exchange,deribit,tardis,crypto,2023-05-20T00:00:00.000Z,2023-05-24T00:00:00.000Z,options_chain,BTC,USD,BTC,BTC-23MAY23-26500-C,btc-23may23-26500-c,True,26500,CALL,2023-05-23T08:00:00Z,,,BTC-USD,,,,,,,
DERIBIT:OPTION:BTC-USD-230523-30000-CALL,DERIBIT,OPTION,BTC-USD-230523-30000-CALL,exchange,deribit,tardis,crypto,2023-05-20T00:00:00.000Z,2023-05-24T00:00:00.000Z,options_chain,BTC,USD,BTC,BTC-23MAY23-30000-C,btc-23may23-30000-c,True,30000,CALL,2023-05-23T08:00:00Z,,,BTC-USD,,,,,,,
DERIBIT:OPTION:BTC-USD-230523-24000-PUT,DERIBIT,OPTION,BTC-USD-230523-24000-PUT,exchange,deribit,tardis,crypto,2023-05-20T00:00:00.000Z,2023-05-24T00:00:00.000Z,options_chain,BTC,USD,BTC,BTC-23MAY23-24000-P,btc-23may23-24000-p,True,24000,PUT,2023-05-23T08:00:00Z,,,BTC-USD,,,,,,,
DERIBIT:OPTION:BTC-USD-230523-29500-CALL,DERIBIT,OPTION,BTC-USD-230523-29500-CALL,exchange,deribit,tardis,crypto,2023-05-20T00:00:00.000Z,2023-05-24T00:00:00.000Z,options_chain,BTC,USD,BTC,BTC-23MAY23-29500-C,btc-23may23-29500-c,True,29500,CALL,2023-05-23T08:00:00Z,,,BTC-USD,,,,,,,
DERIBIT:OPTION:BTC-USD-230523-24500-PUT,DERIBIT,OPTION,BTC-USD-230523-24500-PUT,exchange,deribit,tardis,crypto,2023-05-20T00:00:00.000Z,2023-05-24T00:00:00.000Z,options_chain,BTC,USD,BTC,BTC-23MAY23-24500-P,btc-23may23-24500-p,True,24500,PUT,2023-05-23T08:00:00Z,,,BTC-USD,,,,,,,
DERIBIT:OPTION:BTC-USD-230523-24000-CALL,DERIBIT,OPTION,BTC-USD-230523-24000-CALL,exchange,deribit,tardis,crypto,2023-05-20T00:00:00.000Z,2023-05-24T00:00:00.000Z,options_chain,BTC,USD,BTC,BTC-23MAY23-24000-C,btc-23may23-24000-c,True,24000,CALL,2023-05-23T08:00:00Z,,,BTC-USD,,,,,,,
DERIBIT:OPTION:BTC-USD-230523-27500-PUT,DERIBIT,OPTION,BTC-USD-230523-27500-PUT,exchange,deribit,tardis,crypto,2023-05-21T00:00:00.000Z,2023-05-24T00:00:00.000Z,options_chain,BTC,USD,BTC,BTC-23MAY23-27500-P,btc-23may23-27500-p,True,27500,PUT,2023-05-23T08:00:00Z,,,BTC-USD,,,,,,,
DERIBIT:OPTION:BTC-USD-230523-27750-PUT,DERIBIT,OPTION,BTC-USD-230523-27750-PUT,exchange,deribit,tardis,crypto,2023-05-21T00:00:00.000Z,2023-05-24T00:00:00.000Z,options_chain,BTC,USD,BTC,BTC-23MAY23-27750-P,btc-23may23-27750-p,True,27750,PUT,2023-05-23T08:00:00Z,,,BTC-USD,,,,,,,
DERIBIT:OPTION:BTC-USD-230523-28500-PUT,DERIBIT,OPTION,BTC-USD-230523-28500-PUT,exchange,deribit,tardis,crypto,2023-05-21T00:00:00.000Z,2023-05-24T00:00:00.000Z,options_chain,BTC,USD,BTC,BTC-23MAY23-28500-P,btc-23may23-28500-p,True,28500,PUT,2023-05-23T08:00:00Z,,,BTC-USD,,,,,,,
DERIBIT:OPTION:BTC-USD-230523-29000-PUT,DERIBIT,OPTION,BTC-USD-230523-29000-PUT,exchange,deribit,tardis,crypto,2023-05-21T00:00:00.000Z,2023-05-24T00:00:00.000Z,options_chain,BTC,USD,BTC,BTC-23MAY23-29000-P,btc-23may23-29000-p,True,29000,PUT,2023-05-23T08:00:00Z,,,BTC-USD,,,,,,,
DERIBIT:OPTION:BTC-USD-230523-29500-PUT,DERIBIT,OPTION,BTC-USD-230523-29500-PUT,exchange,deribit,tardis,crypto,2023-05-21T00:00:00.000Z,2023-05-24T00:00:00.000Z,options_chain,BTC,USD,BTC,BTC-23MAY23-29500-P,btc-23may23-29500-p,True,29500,PUT,2023-05-23T08:00:00Z,,,BTC-USD,,,,,,,
DERIBIT:OPTION:BTC-USD-230523-30000-PUT,DERIBIT,OPTION,BTC-USD-230523-30000-PUT,exchange,deribit,tardis,crypto,2023-05-21T00:00:00.000Z,2023-05-24T00:00:00.000Z,options_chain,BTC,USD,BTC,BTC-23MAY23-30000-P,btc-23may23-30000-p,True,30000,PUT,2023-05-23T08:00:00Z,,,BTC-USD,,,,,,,
DERIBIT:OPTION:BTC-USD-230523-24500-CALL,DERIBIT,OPTION,BTC-USD-230523-24500-CALL,exchange,deribit,tardis,crypto,2023-05-21T00:00:00.000Z,2023-05-24T00:00:00.000Z,options_chain,BTC,USD,BTC,BTC-23MAY23-24500-C,btc-23may23-24500-c,True,24500,CALL,2023-05-23T08:00:00Z,,,BTC-USD,,,,,,,
DERIBIT:OPTION:BTC-USD-230523-25000-CALL,DERIBIT,OPTION,BTC-USD-230523-25000-CALL,exchange,deribit,tardis,crypto,2023-05-21T00:00:00.000Z,2023-05-24T00:00:00.000Z,options_chain,BTC,USD,BTC,BTC-23MAY23-25000-C,btc-23may23-25000-c,True,25000,CALL,2023-05-23T08:00:00Z,,,BTC-USD,,,,,,,
DERIBIT:OPTION:BTC-USD-230523-25500-CALL,DERIBIT,OPTION,BTC-USD-230523-25500-CALL,exchange,deribit,tardis,crypto,2023-05-21T00:00:00.000Z,2023-05-24T00:00:00.000Z,options_chain,BTC,USD,BTC,BTC-23MAY23-25500-C,btc-23may23-25500-c,True,25500,CALL,2023-05-23T08:00:00Z,,,BTC-USD,,,,,,,
DERIBIT:OPTION:BTC-USD-230523-26000-CALL,DERIBIT,OPTION,BTC-USD-230523-26000-CALL,exchange,deribit,tardis,crypto,2023-05-21T00:00:00.000Z,2023-05-24T00:00:00.000Z,options_chain,BTC,USD,BTC,BTC-23MAY23-26000-C,btc-23may23-26000-c,True,26000,CALL,2023-05-23T08:00:00Z,,,BTC-USD,,,,,,,
DERIBIT:OPTION:BTC-USD-230523-26250-CALL,DERIBIT,OPTION,BTC-USD-230523-26250-CALL,exchange,deribit,tardis,crypto,2023-05-21T00:00:00.000Z,2023-05-24T00:00:00.000Z,options_chain,BTC,USD,BTC,BTC-23MAY23-26250-C,btc-23may23-26250-c,True,26250,CALL,2023-05-23T08:00:00Z,,,BTC-USD,,,,,,,
DERIBIT:OPTION:ETH-USD-240329-2400-CALL,DERIBIT,OPTION,ETH-USD-240329-2400-CALL,exchange,deribit,tardis,crypto,2023-03-30T00:00:00.000Z,2024-03-30T00:00:00.000Z,options_chain,ETH,USD,ETH,ETH-29MAR24-2400-C,eth-29mar24-2400-c,True,2400,CALL,2024-03-29T08:00:00Z,,,ETH-USD,,,,,,,
DERIBIT:OPTION:ETH-USD-240329-3500-CALL,DERIBIT,OPTION,ETH-USD-240329-3500-CALL,exchange,deribit,tardis,crypto,2023-03-30T00:00:00.000Z,2024-03-30T00:00:00.000Z,options_chain,ETH,USD,ETH,ETH-29MAR24-3500-C,eth-29mar24-3500-c,True,3500,CALL,2024-03-29T08:00:00Z,,,ETH-USD,,,,,,,
DERIBIT:OPTION:ETH-USD-240329-3000-CALL,DERIBIT,OPTION,ETH-USD-240329-3000-CALL,exchange,deribit,tardis,crypto,2023-03-30T00:00:00.000Z,2024-03-30T00:00:00.000Z,options_chain,ETH,USD,ETH,ETH-29MAR24-3000-C,eth-29mar24-3000-c,True,3000,CALL,2024-03-29T08:00:00Z,,,ETH-USD,,,,,,,
DERIBIT:OPTION:ETH-USD-240329-2000-CALL,DERIBIT,OPTION,ETH-USD-240329-2000-CALL,exchange,deribit,tardis,crypto,2023-03-30T00:00:00.000Z,2024-03-30T00:00:00.000Z,options_chain,ETH,USD,ETH,ETH-29MAR24-2000-C,eth-29mar24-2000-c,True,2000,CALL,2024-03-29T08:00:00Z,,,ETH-USD,,,,,,,
DERIBIT:OPTION:ETH-USD-240329-4000-CALL,DERIBIT,OPTION,ETH-USD-240329-4000-CALL,exchange,deribit,tardis,crypto,2023-03-30T00:00:00.000Z,2024-03-30T00:00:00.000Z,options_chain,ETH,USD,ETH,ETH-29MAR24-4000-C,eth-29mar24-4000-c,True,4000,CALL,2024-03-29T08:00:00Z,,,ETH-USD,,,,,,,
DERIBIT:OPTION:ETH-USD-240329-1700-PUT,DERIBIT,OPTION,ETH-USD-240329-1700-PUT,exchange,deribit,tardis,crypto,2023-03-30T00:00:00.000Z,2024-03-30T00:00:00.000Z,options_chain,ETH,USD,ETH,ETH-29MAR24-1700-P,eth-29mar24-1700-p,True,1700,PUT,2024-03-29T08:00:00Z,,,ETH-USD,,,,,,,
DERIBIT:OPTION:ETH-USD-240329-2200-CALL,DERIBIT,OPTION,ETH-USD-240329-2200-CALL,exchange,deribit,tardis,crypto,2023-03-30T00:00:00.000Z,2024-03-30T00:00:00.000Z,options_chain,ETH,USD,ETH,ETH-29MAR24-2200-C,eth-29mar24-2200-c,True,2200,CALL,2024-03-29T08:00:00Z,,,ETH-USD,,,,,,,
DERIBIT:OPTION:ETH-USD-240329-1600-PUT,DERIBIT,OPTION,ETH-USD-240329-1600-PUT,exchange,deribit,tardis,crypto,2023-03-30T00:00:00.000Z,2024-03-30T00:00:00.000Z,options_chain,ETH,USD,ETH,ETH-29MAR24-1600-P,eth-29mar24-1600-p,True,1600,PUT,2024-03-29T08:00:00Z,,,ETH-USD,,,,,,,
DERIBIT:OPTION:ETH-USD-240329-6500-CALL,DERIBIT,OPTION,ETH-USD-240329-6500-CALL,exchange,deribit,tardis,crypto,2023-03-30T00:00:00.000Z,2024-03-30T00:00:00.000Z,options_chain,ETH,USD,ETH,ETH-29MAR24-6500-C,eth-29mar24-6500-c,True,6500,CALL,2024-03-29T08:00:00Z,,,ETH-USD,,,,,,,
DERIBIT:OPTION:ETH-USD-240329-5000-CALL,DERIBIT,OPTION,ETH-USD-240329-5000-CALL,exchange,deribit,tardis,crypto,2023-03-30T00:00:00.000Z,2024-03-30T00:00:00.000Z,options_chain,ETH,USD,ETH,ETH-29MAR24-5000-C,eth-29mar24-5000-c,True,5000,CALL,2024-03-29T08:00:00Z,,,ETH-USD,,,,,,,
DERIBIT:OPTION:ETH-USD-240329-1500-PUT,DERIBIT,OPTION,ETH-USD-240329-1500-PUT,exchange,deribit,tardis,crypto,2023-03-30T00:00:00.000Z,2024-03-30T00:00:00.000Z,options_chain,ETH,USD,ETH,ETH-29MAR24-1500-P,eth-29mar24-1500-p,True,1500,PUT,2024-03-29T08:00:00Z,,,ETH-USD,,,,,,,
DERIBIT:OPTION:ETH-USD-240329-1200-PUT,DERIBIT,OPTION,ETH-USD-240329-1200-PUT,exchange,deribit,tardis,crypto,2023-03-30T00:00:00.000Z,2024-03-30T00:00:00.000Z,options_chain,ETH,USD,ETH,ETH-29MAR24-1200-P,eth-29mar24-1200-p,True,1200,PUT,2024-03-29T08:00:00Z,,,ETH-USD,,,,,,,
DERIBIT:OPTION:ETH-USD-240329-1400-PUT,DERIBIT,OPTION,ETH-USD-240329-1400-PUT,exchange,deribit,tardis,crypto,2023-03-30T00:00:00.000Z,2024-03-30T00:00:00.000Z,options_chain,ETH,USD,ETH,ETH-29MAR24-1400-P,eth-29mar24-1400-p,True,1400,PUT,2024-03-29T08:00:00Z,,,ETH-USD,,,,,,,
DERIBIT:OPTION:ETH-USD-240329-1000-PUT,DERIBIT,OPTION,ETH-USD-240329-1000-PUT,exchange,deribit,tardis,crypto,2023-03-30T00:00:00.000Z,2024-03-30T00:00:00.000Z,options_chain,ETH,USD,ETH,ETH-29MAR24-1000-P,eth-29mar24-1000-p,True,1000,PUT,2024-03-29T08:00:00Z,,,ETH-USD,,,,,,,
DERIBIT:OPTION:ETH-USD-240329-6000-CALL,DERIBIT,OPTION,ETH-USD-240329-6000-CALL,exchange,deribit,tardis,crypto,2023-03-30T00:00:00.000Z,2024-03-30T00:00:00.000Z,options_chain,ETH,USD,ETH,ETH-29MAR24-6000-C,eth-29mar24-6000-c,True,6000,CALL,2024-03-29T08:00:00Z,,,ETH-USD,,,,,,,
DERIBIT:OPTION:ETH-USD-240329-5500-CALL,DERIBIT,OPTION,ETH-USD-240329-5500-CALL,exchange,deribit,tardis,crypto,2023-03-30T00:00:00.000Z,2024-03-30T00:00:00.000Z,options_chain,ETH,USD,ETH,ETH-29MAR24-5500-C,eth-29mar24-5500-c,True,5500,CALL,2024-03-29T08:00:00Z,,,ETH-USD,,,,,,,
DERIBIT:OPTION:ETH-USD-240329-4500-CALL,DERIBIT,OPTION,ETH-USD-240329-4500-CALL,exchange,deribit,tardis,crypto,2023-03-30T00:00:00.000Z,2024-03-30T00:00:00.000Z,options_chain,ETH,USD,ETH,ETH-29MAR24-4500-C,eth-29mar24-4500-c,True,4500,CALL,2024-03-29T08:00:00Z,,,ETH-USD,,,,,,,
DERIBIT:OPTION:ETH-USD-240329-400-PUT,DERIBIT,OPTION,ETH-USD-240329-400-PUT,exchange,deribit,tardis,crypto,2023-03-30T00:00:00.000Z,2024-03-30T00:00:00.000Z,options_chain,ETH,USD,ETH,ETH-29MAR24-400-P,eth-29mar24-400-p,True,400,PUT,2024-03-29T08:00:00Z,,,ETH-USD,,,,,,,
DERIBIT:OPTION:ETH-USD-240329-600-PUT,DERIBIT,OPTION,ETH-USD-240329-600-PUT,exchange,deribit,tardis,crypto,2023-03-30T00:00:00.000Z,2024-03-30T00:00:00.000Z,options_chain,ETH,USD,ETH,ETH-29MAR24-600-P,eth-29mar24-600-p,True,600,PUT,2024-03-29T08:00:00Z,,,ETH-USD,,,,,,,
DERIBIT:OPTION:ETH-USD-240329-200-PUT,DERIBIT,OPTION,ETH-USD-240329-200-PUT,exchange,deribit,tardis,crypto,2023-03-30T00:00:00.000Z,2024-03-30T00:00:00.000Z,options_chain,ETH,USD,ETH,ETH-29MAR24-200-P,eth-29mar24-200-p,True,200,PUT,2024-03-29T08:00:00Z,,,ETH-USD,,,,,,,
DERIBIT:OPTION:ETH-USD-240329-800-PUT,DERIBIT,OPTION,ETH-USD-240329-800-PUT,exchange,deribit,tardis,crypto,2023-03-30T00:00:00.000Z,2024-03-30T00:00:00.000Z,options_chain,ETH,USD,ETH,ETH-29MAR24-800-P,eth-29mar24-800-p,True,800,PUT,2024-03-29T08:00:00Z,,,ETH-USD,,,,,,,
DERIBIT:OPTION:ETH-USD-240329-1900-CALL,DERIBIT,OPTION,ETH-USD-240329-1900-CALL,exchange,deribit,tardis,crypto,2023-03-30T00:00:00.000Z,2024-03-30T00:00:00.000Z,options_chain,ETH,USD,ETH,ETH-29MAR24-1900-C,eth-29mar24-1900-c,True,1900,CALL,2024-03-29T08:00:00Z,,,ETH-USD,,,,,,,
DERIBIT:OPTION:ETH-USD-240329-2100-CALL,DERIBIT,OPTION,ETH-USD-240329-2100-CALL,exchange,deribit,tardis,crypto,2023-03-30T00:00:00.000Z,2024-03-30T00:00:00.000Z,options_chain,ETH,USD,ETH,ETH-29MAR24-2100-C,eth-29mar24-2100-c,True,2100,CALL,2024-03-29T08:00:00Z,,,ETH-USD,,,,,,,
DERIBIT:OPTION:ETH-USD-240329-1800-CALL,DERIBIT,OPTION,ETH-USD-240329-1800-CALL,exchange,deribit,tardis,crypto,2023-03-30T00:00:00.000Z,2024-03-30T00:00:00.000Z,options_chain,ETH,USD,ETH,ETH-29MAR24-1800-C,eth-29mar24-1800-c,True,1800,CALL,2024-03-29T08:00:00Z,,,ETH-USD,,,,,,,
DERIBIT:OPTION:ETH-USD-240329-1800-PUT,DERIBIT,OPTION,ETH-USD-240329-1800-PUT,exchange,deribit,tardis,crypto,2023-03-30T00:00:00.000Z,2024-03-30T00:00:00.000Z,options_chain,ETH,USD,ETH,ETH-29MAR24-1800-P,eth-29mar24-1800-p,True,1800,PUT,2024-03-29T08:00:00Z,,,ETH-USD,,,,,,,
DERIBIT:OPTION:ETH-USD-240329-800-CALL,DERIBIT,OPTION,ETH-USD-240329-800-CALL,exchange,deribit,tardis,crypto,2023-03-30T00:00:00.000Z,2024-03-30T00:00:00.000Z,options_chain,ETH,USD,ETH,ETH-29MAR24-800-C,eth-29mar24-800-c,True,800,CALL,2024-03-29T08:00:00Z,,,ETH-USD,,,,,,,
DERIBIT:OPTION:ETH-USD-240329-600-CALL,DERIBIT,OPTION,ETH-USD-240329-600-CALL,exchange,deribit,tardis,crypto,2023-03-30T00:00:00.000Z,2024-03-30T00:00:00.000Z,options_chain,ETH,USD,ETH,ETH-29MAR24-600-C,eth-29mar24-600-c,True,600,CALL,2024-03-29T08:00:00Z,,,ETH-USD,,,,,,,
DERIBIT:OPTION:ETH-USD-240329-400-CALL,DERIBIT,OPTION,ETH-USD-240329-400-CALL,exchange,deribit,tardis,crypto,2023-03-30T00:00:00.000Z,2024-03-30T00:00:00.000Z,options_chain,ETH,USD,ETH,ETH-29MAR24-400-C,eth-29mar24-400-c,True,400,CALL,2024-03-29T08:00:00Z,,,ETH-USD,,,,,,,
DERIBIT:OPTION:ETH-USD-240329-1000-CALL,DERIBIT,OPTION,ETH-USD-240329-1000-CALL,exchange,deribit,tardis,crypto,2023-03-30T00:00:00.000Z,2024-03-30T00:00:00.000Z,options_chain,ETH,USD,ETH,ETH-29MAR24-1000-C,eth-29mar24-1000-c,True,1000,CALL,2024-03-29T08:00:00Z,,,ETH-USD,,,,,,,
DERIBIT:OPTION:ETH-USD-240329-200-CALL,DERIBIT,OPTION,ETH-USD-240329-200-CALL,exchange,deribit,tardis,crypto,2023-03-30T00:00:00.000Z,2024-03-30T00:00:00.000Z,options_chain,ETH,USD,ETH,ETH-29MAR24-200-C,eth-29mar24-200-c,True,200,CALL,2024-03-29T08:00:00Z,,,ETH-USD,,,,,,,
DERIBIT:OPTION:ETH-USD-240329-1200-CALL,DERIBIT,OPTION,ETH-USD-240329-1200-CALL,exchange,deribit,tardis,crypto,2023-03-30T00:00:00.000Z,2024-03-30T00:00:00.000Z,options_chain,ETH,USD,ETH,ETH-29MAR24-1200-C,eth-29mar24-1200-c,True,1200,CALL,2024-03-29T08:00:00Z,,,ETH-USD,,,,,,,
DERIBIT:OPTION:ETH-USD-240329-2400-PUT,DERIBIT,OPTION,ETH-USD-240329-2400-PUT,exchange,deribit,tardis,crypto,2023-03-30T00:00:00.000Z,2024-03-30T00:00:00.000Z,options_chain,ETH,USD,ETH,ETH-29MAR24-2400-P,eth-29mar24-2400-p,True,2400,PUT,2024-03-29T08:00:00Z,,,ETH-USD,,,,,,,
DERIBIT:OPTION:ETH-USD-240329-2200-PUT,DERIBIT,OPTION,ETH-USD-240329-2200-PUT,exchange,deribit,tardis,crypto,2023-03-30T00:00:00.000Z,2024-03-30T00:00:00.000Z,options_chain,ETH,USD,ETH,ETH-29MAR24-2200-P,eth-29mar24-2200-p,True,2200,PUT,2024-03-29T08:00:00Z,,,ETH-USD,,,,,,,
DERIBIT:OPTION:ETH-USD-240329-2100-PUT,DERIBIT,OPTION,ETH-USD-240329-2100-PUT,exchange,deribit,tardis,crypto,2023-03-30T00:00:00.000Z,2024-03-30T00:00:00.000Z,options_chain,ETH,USD,ETH,ETH-29MAR24-2100-P,eth-29mar24-2100-p,True,2100,PUT,2024-03-29T08:00:00Z,,,ETH-USD,,,,,,,
DERIBIT:OPTION:ETH-USD-240329-1900-PUT,DERIBIT,OPTION,ETH-USD-240329-1900-PUT,exchange,deribit,tardis,crypto,2023-03-30T00:00:00.000Z,2024-03-30T00:00:00.000Z,options_chain,ETH,USD,ETH,ETH-29MAR24-1900-P,eth-29mar24-1900-p,True,1900,PUT,2024-03-29T08:00:00Z,,,ETH-USD,,,,,,,
DERIBIT:OPTION:ETH-USD-240329-2000-PUT,DERIBIT,OPTION,ETH-USD-240329-2000-PUT,exchange,deribit,tardis,crypto,2023-03-30T00:00:00.000Z,2024-03-30T00:00:00.000Z,options_chain,ETH,USD,ETH,ETH-29MAR24-2000-P,eth-29mar24-2000-p,True,2000,PUT,2024-03-29T08:00:00Z,,,ETH-USD,,,,,,,
DERIBIT:OPTION:ETH-USD-240329-1700-CALL,DERIBIT,OPTION,ETH-USD-240329-1700-CALL,exchange,deribit,tardis,crypto,2023-03-30T00:00:00.000Z,2024-03-30T00:00:00.000Z,options_chain,ETH,USD,ETH,ETH-29MAR24-1700-C,eth-29mar24-1700-c,True,1700,CALL,2024-03-29T08:00:00Z,,,ETH-USD,,,,,,,
DERIBIT:OPTION:ETH-USD-240329-2500-CALL,DERIBIT,OPTION,ETH-USD-240329-2500-CALL,exchange,deribit,tardis,crypto,2023-03-30T00:00:00.000Z,2024-03-30T00:00:00.000Z,options_chain,ETH,USD,ETH,ETH-29MAR24-2500-C,eth-29mar24-2500-c,True,2500,CALL,2024-03-29T08:00:00Z,,,ETH-USD,,,,,,,
DERIBIT:OPTION:ETH-USD-240329-2500-PUT,DERIBIT,OPTION,ETH-USD-240329-2500-PUT,exchange,deribit,tardis,crypto,2023-03-31T00:00:00.000Z,2024-03-30T00:00:00.000Z,options_chain,ETH,USD,ETH,ETH-29MAR24-2500-P,eth-29mar24-2500-p,True,2500,PUT,2024-03-29T08:00:00Z,,,ETH-USD,,,,,,,
DERIBIT:OPTION:ETH-USD-240329-1600-CALL,DERIBIT,OPTION,ETH-USD-240329-1600-CALL,exchange,deribit,tardis,crypto,2023-04-02T00:00:00.000Z,2024-03-30T00:00:00.000Z,options_chain,ETH,USD,ETH,ETH-29MAR24-1600-C,eth-29mar24-1600-c,True,1600,CALL,2024-03-29T08:00:00Z,,,ETH-USD,,,,,,,
DERIBIT:OPTION:ETH-USD-240329-3500-PUT,DERIBIT,OPTION,ETH-USD-240329-3500-PUT,exchange,deribit,tardis,crypto,2023-04-04T00:00:00.000Z,2024-03-30T00:00:00.000Z,options_chain,ETH,USD,ETH,ETH-29MAR24-3500-P,eth-29mar24-3500-p,True,3500,PUT,2024-03-29T08:00:00Z,,,ETH-USD,,,,,,,
DERIBIT:OPTION:ETH-USD-240329-1400-CALL,DERIBIT,OPTION,ETH-USD-240329-1400-CALL,exchange,deribit,tardis,crypto,2023-04-04T00:00:00.000Z,2024-03-30T00:00:00.000Z,options_chain,ETH,USD,ETH,ETH-29MAR24-1400-C,eth-29mar24-1400-c,True,1400,CALL,2024-03-29T08:00:00Z,,,ETH-USD,,,,,,,
DERIBIT:OPTION:ETH-USD-240329-3000-PUT,DERIBIT,OPTION,ETH-USD-240329-3000-PUT,exchange,deribit,tardis,crypto,2023-04-04T00:00:00.000Z,2024-03-30T00:00:00.000Z,options_chain,ETH,USD,ETH,ETH-29MAR24-3000-P,eth-29mar24-3000-p,True,3000,PUT,2024-03-29T08:00:00Z,,,ETH-USD,,,,,,,
DERIBIT:OPTION:ETH-USD-240329-2600-CALL,DERIBIT,OPTION,ETH-USD-240329-2600-CALL,exchange,deribit,tardis,crypto,2023-04-04T00:00:00.000Z,2024-03-30T00:00:00.000Z,options_chain,ETH,USD,ETH,ETH-29MAR24-2600-C,eth-29mar24-2600-c,True,2600,CALL,2024-03-29T08:00:00Z,,,ETH-USD,,,,,,,
DERIBIT:OPTION:ETH-USD-240329-2600-PUT,DERIBIT,OPTION,ETH-USD-240329-2600-PUT,exchange,deribit,tardis,crypto,2023-04-04T00:00:00.000Z,2024-03-30T00:00:00.000Z,options_chain,ETH,USD,ETH,ETH-29MAR24-2600-P,eth-29mar24-2600-p,True,2600,PUT,2024-03-29T08:00:00Z,,,ETH-USD,,,,,,,
DERIBIT:OPTION:ETH-USD-240329-2300-PUT,DERIBIT,OPTION,ETH-USD-240329-2300-PUT,exchange,deribit,tardis,crypto,2023-04-11T00:00:00.000Z,2024-03-30T00:00:00.000Z,options_chain,ETH,USD,ETH,ETH-29MAR24-2300-P,eth-29mar24-2300-p,True,2300,PUT,2024-03-29T08:00:00Z,,,ETH-USD,,,,,,,
DERIBIT:OPTION:ETH-USD-240329-2300-CALL,DERIBIT,OPTION,ETH-USD-240329-2300-CALL,exchange,deribit,tardis,crypto,2023-04-11T00:00:00.000Z,2024-03-30T00:00:00.000Z,options_chain,ETH,USD,ETH,ETH-29MAR24-2300-C,eth-29mar24-2300-c,True,2300,CALL,2024-03-29T08:00:00Z,,,ETH-USD,,,,,,,
DERIBIT:OPTION:ETH-USD-240329-1500-CALL,DERIBIT,OPTION,ETH-USD-240329-1500-CALL,exchange,deribit,tardis,crypto,2023-04-12T00:00:00.000Z,2024-03-30T00:00:00.000Z,options_chain,ETH,USD,ETH,ETH-29MAR24-1500-C,eth-29mar24-1500-c,True,1500,CALL,2024-03-29T08:00:00Z,,,ETH-USD,,,,,,,
DERIBIT:OPTION:ETH-USD-240329-7000-CALL,DERIBIT,OPTION,ETH-USD-240329-7000-CALL,exchange,deribit,tardis,crypto,2023-04-13T00:00:00.000Z,2024-03-30T00:00:00.000Z,options_chain,ETH,USD,ETH,ETH-29MAR24-7000-C,eth-29mar24-7000-c,True,7000,CALL,2024-03-29T08:00:00Z,,,ETH-USD,,,,,,,
DERIBIT:OPTION:ETH-USD-240329-2800-CALL,DERIBIT,OPTION,ETH-USD-240329-2800-CALL,exchange,deribit,tardis,crypto,2023-04-13T00:00:00.000Z,2024-03-30T00:00:00.000Z,options_chain,ETH,USD,ETH,ETH-29MAR24-2800-C,eth-29mar24-2800-c,True,2800,CALL,2024-03-29T08:00:00Z,,,ETH-USD,,,,,,,
DERIBIT:OPTION:ETH-USD-240329-7500-CALL,DERIBIT,OPTION,ETH-USD-240329-7500-CALL,exchange,deribit,tardis,crypto,2023-04-14T00:00:00.000Z,2024-03-30T00:00:00.000Z,options_chain,ETH,USD,ETH,ETH-29MAR24-7500-C,eth-29mar24-7500-c,True,7500,CALL,2024-03-29T08:00:00Z,,,ETH-USD,,,,,,,
DERIBIT:OPTION:ETH-USD-240329-2800-PUT,DERIBIT,OPTION,ETH-USD-240329-2800-PUT,exchange,deribit,tardis,crypto,2023-04-14T00:00:00.000Z,2024-03-30T00:00:00.000Z,options_chain,ETH,USD,ETH,ETH-29MAR24-2800-P,eth-29mar24-2800-p,True,2800,PUT,2024-03-29T08:00:00Z,,,ETH-USD,,,,,,,
DERIBIT:OPTION:ETH-USD-240329-5000-PUT,DERIBIT,OPTION,ETH-USD-240329-5000-PUT,exchange,deribit,tardis,crypto,2023-04-17T00:00:00.000Z,2024-03-30T00:00:00.000Z,options_chain,ETH,USD,ETH,ETH-29MAR24-5000-P,eth-29mar24-5000-p,True,5000,PUT,2024-03-29T08:00:00Z,,,ETH-USD,,,,,,,
DERIBIT:OPTION:ETH-USD-240329-4500-PUT,DERIBIT,OPTION,ETH-USD-240329-4500-PUT,exchange,deribit,tardis,crypto,2023-04-17T00:00:00.000Z,2024-03-30T00:00:00.000Z,options_chain,ETH,USD,ETH,ETH-29MAR24-4500-P,eth-29mar24-4500-p,True,4500,PUT,2024-03-29T08:00:00Z,,,ETH-USD,,,,,,,
DERIBIT:OPTION:ETH-USD-240329-4000-PUT,DERIBIT,OPTION,ETH-USD-240329-4000-PUT,exchange,deribit,tardis,crypto,2023-04-17T00:00:00.000Z,2024-03-30T00:00:00.000Z,options_chain,ETH,USD,ETH,ETH-29MAR24-4000-P,eth-29mar24-4000-p,True,4000,PUT,2024-03-29T08:00:00Z,,,ETH-USD,,,,,,,
DERIBIT:OPTION:ETH-USD-240329-7000-PUT,DERIBIT,OPTION,ETH-USD-240329-7000-PUT,exchange,deribit,tardis,crypto,2023-04-17T00:00:00.000Z,2024-03-02T00:00:00.000Z,options_chain,ETH,USD,ETH,ETH-29MAR24-7000-P,eth-29mar24-7000-p,True,7000,PUT,2024-03-29T08:00:00Z,,,ETH-USD,,,,,,,
DERIBIT:OPTION:ETH-USD-240329-6500-PUT,DERIBIT,OPTION,ETH-USD-240329-6500-PUT,exchange,deribit,tardis,crypto,2023-04-17T00:00:00.000Z,2024-03-02T00:00:00.000Z,options_chain,ETH,USD,ETH,ETH-29MAR24-6500-P,eth-29mar24-6500-p,True,6500,PUT,2024-03-29T08:00:00Z,,,ETH-USD,,,,,,,
DERIBIT:OPTION:ETH-USD-240329-6000-PUT,DERIBIT,OPTION,ETH-USD-240329-6000-PUT,exchange,deribit,tardis,crypto,2023-04-17T00:00:00.000Z,2024-03-02T00:00:00.000Z,options_chain,ETH,USD,ETH,ETH-29MAR24-6000-P,eth-29mar24-6000-p,True,6000,PUT,2024-03-29T08:00:00Z,,,ETH-USD,,,,,,,
DERIBIT:OPTION:ETH-USD-240329-5500-PUT,DERIBIT,OPTION,ETH-USD-240329-5500-PUT,exchange,deribit,tardis,crypto,2023-04-17T00:00:00.000Z,2024-03-02T00:00:00.000Z,options_chain,ETH,USD,ETH,ETH-29MAR24-5500-P,eth-29mar24-5500-p,True,5500,PUT,2024-03-29T08:00:00Z,,,ETH-USD,,,,,,,
DERIBIT:OPTION:ETH-USD-240329-7500-PUT,DERIBIT,OPTION,ETH-USD-240329-7500-PUT,exchange,deribit,tardis,crypto,2023-04-17T00:00:00.000Z,2024-02-23T00:00:00.000Z,options_chain,ETH,USD,ETH,ETH-29MAR24-7500-P,eth-29mar24-7500-p,True,7500,PUT,2024-03-29T08:00:00Z,,,ETH-USD,,,,,,,
DERIBIT:OPTION:ETH-USD-231229-3000-CALL,DERIBIT,OPTION,ETH-USD-231229-3000-CALL,exchange,deribit,tardis,crypto,2022-12-29T00:00:00.000Z,2023-12-30T00:00:00.000Z,options_chain,ETH,USD,ETH,ETH-29DEC23-3000-C,eth-29dec23-3000-c,True,3000,CALL,2023-12-29T08:00:00Z,,,ETH-USD,,,,,,,
DERIBIT:OPTION:ETH-USD-231229-2000-CALL,DERIBIT,OPTION,ETH-USD-231229-2000-CALL,exchange,deribit,tardis,crypto,2022-12-29T00:00:00.000Z,2023-12-30T00:00:00.000Z,options_chain,ETH,USD,ETH,ETH-29DEC23-2000-C,eth-29dec23-2000-c,True,2000,CALL,2023-12-29T08:00:00Z,,,ETH-USD,,,,,,,
DERIBIT:OPTION:ETH-USD-231229-2500-CALL,DERIBIT,OPTION,ETH-USD-231229-2500-CALL,exchange,deribit,tardis,crypto,2022-12-29T00:00:00.000Z,2023-12-30T00:00:00.000Z,options_chain,ETH,USD,ETH,ETH-29DEC23-2500-C,eth-29dec23-2500-c,True,2500,CALL,2023-12-29T08:00:00Z,,,ETH-USD,,,,,,,
DERIBIT:OPTION:ETH-USD-231229-4000-CALL,DERIBIT,OPTION,ETH-USD-231229-4000-CALL,exchange,deribit,tardis,crypto,2022-12-29T00:00:00.000Z,2023-12-30T00:00:00.000Z,options_chain,ETH,USD,ETH,ETH-29DEC23-4000-C,eth-29dec23-4000-c,True,4000,CALL,2023-12-29T08:00:00Z,,,ETH-USD,,,,,,,
DERIBIT:OPTION:ETH-USD-231229-3500-CALL,DERIBIT,OPTION,ETH-USD-231229-3500-CALL,exchange,deribit,tardis,crypto,2022-12-29T00:00:00.000Z,2023-12-30T00:00:00.000Z,options_chain,ETH,USD,ETH,ETH-29DEC23-3500-C,eth-29dec23-3500-c,True,3500,CALL,2023-12-29T08:00:00Z,,,ETH-USD,,,,,,,
DERIBIT:OPTION:ETH-USD-231229-800-PUT,DERIBIT,OPTION,ETH-USD-231229-800-PUT,exchange,deribit,tardis,crypto,2022-12-29T00:00:00.000Z,2023-12-30T00:00:00.000Z,options_chain,ETH,USD,ETH,ETH-29DEC23-800-P,eth-29dec23-800-p,True,800,PUT,2023-12-29T08:00:00Z,,,ETH-USD,,,,,,,
DERIBIT:OPTION:ETH-USD-231229-400-PUT,DERIBIT,OPTION,ETH-USD-231229-400-PUT,exchange,deribit,tardis,crypto,2022-12-29T00:00:00.000Z,2023-12-30T00:00:00.000Z,options_chain,ETH,USD,ETH,ETH-29DEC23-400-P,eth-29dec23-400-p,True,400,PUT,2023-12-29T08:00:00Z,,,ETH-USD,,,,,,,
DERIBIT:OPTION:ETH-USD-231229-600-PUT,DERIBIT,OPTION,ETH-USD-231229-600-PUT,exchange,deribit,tardis,crypto,2022-12-29T00:00:00.000Z,2023-12-30T00:00:00.000Z,options_chain,ETH,USD,ETH,ETH-29DEC23-600-P,eth-29dec23-600-p,True,600,PUT,2023-12-29T08:00:00Z,,,ETH-USD,,,,,,,
DERIBIT:OPTION:ETH-USD-231229-200-PUT,DERIBIT,OPTION,ETH-USD-231229-200-PUT,exchange,deribit,tardis,crypto,2022-12-29T00:00:00.000Z,2023-12-30T00:00:00.000Z,options_chain,ETH,USD,ETH,ETH-29DEC23-200-P,eth-29dec23-200-p,True,200,PUT,2023-12-29T08:00:00Z,,,ETH-USD,,,,,,,
DERIBIT:OPTION:ETH-USD-231229-1000-PUT,DERIBIT,OPTION,ETH-USD-231229-1000-PUT,exchange,deribit,tardis,crypto,2022-12-29T00:00:00.000Z,2023-12-30T00:00:00.000Z,options_chain,ETH,USD,ETH,ETH-29DEC23-1000-P,eth-29dec23-1000-p,True,1000,PUT,2023-12-29T08:00:00Z,,,ETH-USD,,,,,,,
DERIBIT:OPTION:ETH-USD-231229-1600-CALL,DERIBIT,OPTION,ETH-USD-231229-1600-CALL,exchange,deribit,tardis,crypto,2022-12-29T00:00:00.000Z,2023-12-30T00:00:00.000Z,options_chain,ETH,USD,ETH,ETH-29DEC23-1600-C,eth-29dec23-1600-c,True,1600,CALL,2023-12-29T08:00:00Z,,,ETH-USD,,,,,,,
DERIBIT:OPTION:ETH-USD-231229-1100-PUT,DERIBIT,OPTION,ETH-USD-231229-1100-PUT,exchange,deribit,tardis,crypto,2022-12-29T00:00:00.000Z,2023-12-30T00:00:00.000Z,options_chain,ETH,USD,ETH,ETH-29DEC23-1100-P,eth-29dec23-1100-p,True,1100,PUT,2023-12-29T08:00:00Z,,,ETH-USD,,,,,,,
DERIBIT:OPTION:ETH-USD-231229-1200-PUT,DERIBIT,OPTION,ETH-USD-231229-1200-PUT,exchange,deribit,tardis,crypto,2022-12-29T00:00:00.000Z,2023-12-30T00:00:00.000Z,options_chain,ETH,USD,ETH,ETH-29DEC23-1200-P,eth-29dec23-1200-p,True,1200,PUT,2023-12-29T08:00:00Z,,,ETH-USD,,,,,,,
DERIBIT:OPTION:ETH-USD-231229-4000-PUT,DERIBIT,OPTION,ETH-USD-231229-4000-PUT,exchange,deribit,tardis,crypto,2022-12-29T00:00:00.000Z,2023-12-30T00:00:00.000Z,options_chain,ETH,USD,ETH,ETH-29DEC23-4000-P,eth-29dec23-4000-p,True,4000,PUT,2023-12-29T08:00:00Z,,,ETH-USD,,,,,,,
DERIBIT:OPTION:ETH-USD-231229-2500-PUT,DERIBIT,OPTION,ETH-USD-231229-2500-PUT,exchange,deribit,tardis,crypto,2022-12-29T00:00:00.000Z,2023-12-30T00:00:00.000Z,options_chain,ETH,USD,ETH,ETH-29DEC23-2500-P,eth-29dec23-2500-p,True,2500,PUT,2023-12-29T08:00:00Z,,,ETH-USD,,,,,,,
DERIBIT:OPTION:ETH-USD-231229-2000-PUT,DERIBIT,OPTION,ETH-USD-231229-2000-PUT,exchange,deribit,tardis,crypto,2022-12-29T00:00:00.000Z,2023-12-30T00:00:00.000Z,options_chain,ETH,USD,ETH,ETH-29DEC23-2000-P,eth-29dec23-2000-p,True,2000,PUT,2023-12-29T08:00:00Z,,,ETH-USD,,,,,,,
DERIBIT:OPTION:ETH-USD-231229-1600-PUT,DERIBIT,OPTION,ETH-USD-231229-1600-PUT,exchange,deribit,tardis,crypto,2022-12-29T00:00:00.000Z,2023-12-30T00:00:00.000Z,options_chain,ETH,USD,ETH,ETH-29DEC23-1600-P,eth-29dec23-1600-p,True,1600,PUT,2023-12-29T08:00:00Z,,,ETH-USD,,,,,,,
DERIBIT:OPTION:ETH-USD-231229-1400-PUT,DERIBIT,OPTION,ETH-USD-231229-1400-PUT,exchange,deribit,tardis,crypto,2022-12-29T00:00:00.000Z,2023-12-30T00:00:00.000Z,options_chain,ETH,USD,ETH,ETH-29DEC23-1400-P,eth-29dec23-1400-p,True,1400,PUT,2023-12-29T08:00:00Z,,,ETH-USD,,,,,,,
DERIBIT:OPTION:ETH-USD-231229-1300-PUT,DERIBIT,OPTION,ETH-USD-231229-1300-PUT,exchange,deribit,tardis,crypto,2022-12-29T00:00:00.000Z,2023-12-30T00:00:00.000Z,options_chain,ETH,USD,ETH,ETH-29DEC23-1300-P,eth-29dec23-1300-p,True,1300,PUT,2023-12-29T08:00:00Z,,,ETH-USD,,,,,,,
DERIBIT:OPTION:ETH-USD-231229-4500-CALL,DERIBIT,OPTION,ETH-USD-231229-4500-CALL,exchange,deribit,tardis,crypto,2023-01-04T00:00:00.000Z,2023-12-30T00:00:00.000Z,options_chain,ETH,USD,ETH,ETH-29DEC23-4500-C,eth-29dec23-4500-c,True,4500,CALL,2023-12-29T08:00:00Z,,,ETH-USD,,,,,,,
DERIBIT:OPTION:ETH-USD-231229-1500-PUT,DERIBIT,OPTION,ETH-USD-231229-1500-PUT,exchange,deribit,tardis,crypto,2023-01-04T00:00:00.000Z,2023-12-30T00:00:00.000Z,options_chain,ETH,USD,ETH,ETH-29DEC23-1500-P,eth-29dec23-1500-p,True,1500,PUT,2023-12-29T08:00:00Z,,,ETH-USD,,,,,,,
DERIBIT:OPTION:ETH-USD-231229-1800-CALL,DERIBIT,OPTION,ETH-USD-231229-1800-CALL,exchange,deribit,tardis,crypto,2023-01-09T00:00:00.000Z,2023-12-30T00:00:00.000Z,options_chain,ETH,USD,ETH,ETH-29DEC23-1800-C,eth-29dec23-1800-c,True,1800,CALL,2023-12-29T08:00:00Z,,,ETH-USD,,,,,,,
DERIBIT:OPTION:ETH-USD-231229-1800-PUT,DERIBIT,OPTION,ETH-USD-231229-1800-PUT,exchange,deribit,tardis,crypto,2023-01-09T00:00:00.000Z,2023-12-30T00:00:00.000Z,options_chain,ETH,USD,ETH,ETH-29DEC23-1800-P,eth-29dec23-1800-p,True,1800,PUT,2023-12-29T08:00:00Z,,,ETH-USD,,,,,,,
DERIBIT:OPTION:ETH-USD-231229-5000-CALL,DERIBIT,OPTION,ETH-USD-231229-5000-CALL,exchange,deribit,tardis,crypto,2023-01-12T00:00:00.000Z,2023-12-30T00:00:00.000Z,options_chain,ETH,USD,ETH,ETH-29DEC23-5000-C,eth-29dec23-5000-c,True,5000,CALL,2023-12-29T08:00:00Z,,,ETH-USD,,,,,,,
DERIBIT:OPTION:ETH-USD-231229-1700-CALL,DERIBIT,OPTION,ETH-USD-231229-1700-CALL,exchange,deribit,tardis,crypto,2023-01-12T00:00:00.000Z,2023-12-30T00:00:00.000Z,options_chain,ETH,USD,ETH,ETH-29DEC23-1700-C,eth-29dec23-1700-c,True,1700,CALL,2023-12-29T08:00:00Z,,,ETH-USD,,,,,,,
DERIBIT:OPTION:ETH-USD-231229-1700-PUT,DERIBIT,OPTION,ETH-USD-231229-1700-PUT,exchange,deribit,tardis,crypto,2023-01-13T00:00:00.000Z,2023-12-30T00:00:00.000Z,options_chain,ETH,USD,ETH,ETH-29DEC23-1700-P,eth-29dec23-1700-p,True,1700,PUT,2023-12-29T08:00:00Z,,,ETH-USD,,,,,,,
DERIBIT:OPTION:ETH-USD-231229-5500-CALL,DERIBIT,OPTION,ETH-USD-231229-5500-CALL,exchange,deribit,tardis,crypto,2023-01-14T00:00:00.000Z,2023-12-30T00:00:00.000Z,options_chain,ETH,USD,ETH,ETH-29DEC23-5500-C,eth-29dec23-5500-c,True,5500,CALL,2023-12-29T08:00:00Z,,,ETH-USD,,,,,,,
DERIBIT:OPTION:ETH-USD-231229-2200-PUT,DERIBIT,OPTION,ETH-USD-231229-2200-PUT,exchange,deribit,tardis,crypto,2023-01-17T00:00:00.000Z,2023-12-30T00:00:00.000Z,options_chain,ETH,USD,ETH,ETH-29DEC23-2200-P,eth-29dec23-2200-p,True,2200,PUT,2023-12-29T08:00:00Z,,,ETH-USD,,,,,,,
DERIBIT:OPTION:ETH-USD-231229-2200-CALL,DERIBIT,OPTION,ETH-USD-231229-2200-CALL,exchange,deribit,tardis,crypto,2023-01-17T00:00:00.000Z,2023-12-30T00:00:00.000Z,options_chain,ETH,USD,ETH,ETH-29DEC23-2200-C,eth-29dec23-2200-c,True,2200,CALL,2023-12-29T08:00:00Z,,,ETH-USD,,,,,,,
DERIBIT:OPTION:ETH-USD-231229-1900-PUT,DERIBIT,OPTION,ETH-USD-231229-1900-PUT,exchange,deribit,tardis,crypto,2023-01-20T00:00:00.000Z,2023-12-30T00:00:00.000Z,options_chain,ETH,USD,ETH,ETH-29DEC23-1900-P,eth-29dec23-1900-p,True,1900,PUT,2023-12-29T08:00:00Z,,,ETH-USD,,,,,,,
DERIBIT:OPTION:ETH-USD-231229-1900-CALL,DERIBIT,OPTION,ETH-USD-231229-1900-CALL,exchange,deribit,tardis,crypto,2023-01-20T00:00:00.000Z,2023-12-30T00:00:00.000Z,options_chain,ETH,USD,ETH,ETH-29DEC23-1900-C,eth-29dec23-1900-c,True,1900,CALL,2023-12-29T08:00:00Z,,,ETH-USD,,,,,,,
DERIBIT:OPTION:ETH-USD-231229-2400-CALL,DERIBIT,OPTION,ETH-USD-231229-2400-CALL,exchange,deribit,tardis,crypto,2023-03-14T00:00:00.000Z,2023-12-30T00:00:00.000Z,options_chain,ETH,USD,ETH,ETH-29DEC23-2400-C,eth-29dec23-2400-c,True,2400,CALL,2023-12-29T08:00:00Z,,,ETH-USD,,,,,,,
DERIBIT:OPTION:ETH-USD-231229-2400-PUT,DERIBIT,OPTION,ETH-USD-231229-2400-PUT,exchange,deribit,tardis,crypto,2023-03-15T00:00:00.000Z,2023-12-30T00:00:00.000Z,options_chain,ETH,USD,ETH,ETH-29DEC23-2400-P,eth-29dec23-2400-p,True,2400,PUT,2023-12-29T08:00:00Z,,,ETH-USD,,,,,,,
DERIBIT:OPTION:ETH-USD-231229-6000-CALL,DERIBIT,OPTION,ETH-USD-231229-6000-CALL,exchange,deribit,tardis,crypto,2023-03-18T00:00:00.000Z,2023-12-30T00:00:00.000Z,options_chain,ETH,USD,ETH,ETH-29DEC23-6000-C,eth-29dec23-6000-c,True,6000,CALL,2023-12-29T08:00:00Z,,,ETH-USD,,,,,,,
DERIBIT:OPTION:ETH-USD-231229-2100-PUT,DERIBIT,OPTION,ETH-USD-231229-2100-PUT,exchange,deribit,tardis,crypto,2023-03-18T00:00:00.000Z,2023-12-30T00:00:00.000Z,options_chain,ETH,USD,ETH,ETH-29DEC23-2100-P,eth-29dec23-2100-p,True,2100,PUT,2023-12-29T08:00:00Z,,,ETH-USD,,,,,,,
DERIBIT:OPTION:ETH-USD-231229-2100-CALL,DERIBIT,OPTION,ETH-USD-231229-2100-CALL,exchange,deribit,tardis,crypto,2023-03-18T00:00:00.000Z,2023-12-30T00:00:00.000Z,options_chain,ETH,USD,ETH,ETH-29DEC23-2100-C,eth-29dec23-2100-c,True,2100,CALL,2023-12-29T08:00:00Z,,,ETH-USD,,,,,,,
DERIBIT:OPTION:ETH-USD-231229-2300-PUT,DERIBIT,OPTION,ETH-USD-231229-2300-PUT,exchange,deribit,tardis,crypto,2023-04-13T00:00:00.000Z,2023-12-30T00:00:00.000Z,options_chain,ETH,USD,ETH,ETH-29DEC23-2300-P,eth-29dec23-2300-p,True,2300,PUT,2023-12-29T08:00:00Z,,,ETH-USD,,,,,,,
DERIBIT:OPTION:ETH-USD-231229-2600-CALL,DERIBIT,OPTION,ETH-USD-231229-2600-CALL,exchange,deribit,tardis,crypto,2023-04-13T00:00:00.000Z,2023-12-30T00:00:00.000Z,options_chain,ETH,USD,ETH,ETH-29DEC23-2600-C,eth-29dec23-2600-c,True,2600,CALL,2023-12-29T08:00:00Z,,,ETH-USD,,,,,,,
DERIBIT:OPTION:ETH-USD-231229-2300-CALL,DERIBIT,OPTION,ETH-USD-231229-2300-CALL,exchange,deribit,tardis,crypto,2023-04-13T00:00:00.000Z,2023-12-30T00:00:00.000Z,options_chain,ETH,USD,ETH,ETH-29DEC23-2300-C,eth-29dec23-2300-c,True,2300,CALL,2023-12-29T08:00:00Z,,,ETH-USD,,,,,,,
DERIBIT:OPTION:ETH-USD-231229-500-PUT,DERIBIT,OPTION,ETH-USD-231229-500-PUT,exchange,deribit,tardis,crypto,2023-04-14T00:00:00.000Z,2023-12-30T00:00:00.000Z,options_chain,ETH,USD,ETH,ETH-29DEC23-500-P,eth-29dec23-500-p,True,500,PUT,2023-12-29T08:00:00Z,,,ETH-USD,,,,,,,
DERIBIT:OPTION:ETH-USD-231229-6500-CALL,DERIBIT,OPTION,ETH-USD-231229-6500-CALL,exchange,deribit,tardis,crypto,2023-04-14T00:00:00.000Z,2023-12-30T00:00:00.000Z,options_chain,ETH,USD,ETH,ETH-29DEC23-6500-C,eth-29dec23-6500-c,True,6500,CALL,2023-12-29T08:00:00Z,,,ETH-USD,,,,,,,
DERIBIT:OPTION:ETH-USD-231229-2800-CALL,DERIBIT,OPTION,ETH-USD-231229-2800-CALL,exchange,deribit,tardis,crypto,2023-04-14T00:00:00.000Z,2023-12-30T00:00:00.000Z,options_chain,ETH,USD,ETH,ETH-29DEC23-2800-C,eth-29dec23-2800-c,True,2800,CALL,2023-12-29T08:00:00Z,,,ETH-USD,,,,,,,
DERIBIT:OPTION:ETH-USD-231229-2600-PUT,DERIBIT,OPTION,ETH-USD-231229-2600-PUT,exchange,deribit,tardis,crypto,2023-04-14T00:00:00.000Z,2023-12-30T00:00:00.000Z,options_chain,ETH,USD,ETH,ETH-29DEC23-2600-P,eth-29dec23-2600-p,True,2600,PUT,2023-12-29T08:00:00Z,,,ETH-USD,,,,,,,
DERIBIT:OPTION:ETH-USD-231229-2800-PUT,DERIBIT,OPTION,ETH-USD-231229-2800-PUT,exchange,deribit,tardis,crypto,2023-04-14T00:00:00.000Z,2023-12-30T00:00:00.000Z,options_chain,ETH,USD,ETH,ETH-29DEC23-2800-P,eth-29dec23-2800-p,True,2800,PUT,2023-12-29T08:00:00Z,,,ETH-USD,,,,,,,
DERIBIT:OPTION:ETH-USD-231229-1200-CALL,DERIBIT,OPTION,ETH-USD-231229-1200-CALL,exchange,deribit,tardis,crypto,2022-12-29T00:00:00.000Z,2023-12-29T00:00:00.000Z,options_chain,ETH,USD,ETH,ETH-29DEC23-1200-C,eth-29dec23-1200-c,True,1200,CALL,2023-12-29T08:00:00Z,,,ETH-USD,,,,,,,
DERIBIT:OPTION:ETH-USD-231229-1400-CALL,DERIBIT,OPTION,ETH-USD-231229-1400-CALL,exchange,deribit,tardis,crypto,2022-12-29T00:00:00.000Z,2023-12-29T00:00:00.000Z,options_chain,ETH,USD,ETH,ETH-29DEC23-1400-C,eth-29dec23-1400-c,True,1400,CALL,2023-12-29T08:00:00Z,,,ETH-USD,,,,,,,
DERIBIT:OPTION:ETH-USD-231229-1300-CALL,DERIBIT,OPTION,ETH-USD-231229-1300-CALL,exchange,deribit,tardis,crypto,2022-12-29T00:00:00.000Z,2023-12-29T00:00:00.000Z,options_chain,ETH,USD,ETH,ETH-29DEC23-1300-C,eth-29dec23-1300-c,True,1300,CALL,2023-12-29T08:00:00Z,,,ETH-USD,,,,,,,
DERIBIT:OPTION:ETH-USD-231229-3000-PUT,DERIBIT,OPTION,ETH-USD-231229-3000-PUT,exchange,deribit,tardis,crypto,2022-12-29T00:00:00.000Z,2023-12-29T00:00:00.000Z,options_chain,ETH,USD,ETH,ETH-29DEC23-3000-P,eth-29dec23-3000-p,True,3000,PUT,2023-12-29T08:00:00Z,,,ETH-USD,,,,,,,
DERIBIT:OPTION:ETH-USD-231229-1100-CALL,DERIBIT,OPTION,ETH-USD-231229-1100-CALL,exchange,deribit,tardis,crypto,2022-12-30T00:00:00.000Z,2023-12-29T00:00:00.000Z,options_chain,ETH,USD,ETH,ETH-29DEC23-1100-C,eth-29dec23-1100-c,True,1100,CALL,2023-12-29T08:00:00Z,,,ETH-USD,,,,,,,
DERIBIT:OPTION:ETH-USD-231229-200-CALL,DERIBIT,OPTION,ETH-USD-231229-200-CALL,exchange,deribit,tardis,crypto,2023-01-03T00:00:00.000Z,2023-12-29T00:00:00.000Z,options_chain,ETH,USD,ETH,ETH-29DEC23-200-C,eth-29dec23-200-c,True,200,CALL,2023-12-29T08:00:00Z,,,ETH-USD,,,,,,,
DERIBIT:OPTION:ETH-USD-231229-400-CALL,DERIBIT,OPTION,ETH-USD-231229-400-CALL,exchange,deribit,tardis,crypto,2023-01-03T00:00:00.000Z,2023-12-29T00:00:00.000Z,options_chain,ETH,USD,ETH,ETH-29DEC23-400-C,eth-29dec23-400-c,True,400,CALL,2023-12-29T08:00:00Z,,,ETH-USD,,,,,,,
DERIBIT:OPTION:ETH-USD-231229-800-CALL,DERIBIT,OPTION,ETH-USD-231229-800-CALL,exchange,deribit,tardis,crypto,2023-01-03T00:00:00.000Z,2023-12-29T00:00:00.000Z,options_chain,ETH,USD,ETH,ETH-29DEC23-800-C,eth-29dec23-800-c,True,800,CALL,2023-12-29T08:00:00Z,,,ETH-USD,,,,,,,
DERIBIT:OPTION:ETH-USD-231229-600-CALL,DERIBIT,OPTION,ETH-USD-231229-600-CALL,exchange,deribit,tardis,crypto,2023-01-03T00:00:00.000Z,2023-12-29T00:00:00.000Z,options_chain,ETH,USD,ETH,ETH-29DEC23-600-C,eth-29dec23-600-c,True,600,CALL,2023-12-29T08:00:00Z,,,ETH-USD,,,,,,,
DERIBIT:OPTION:ETH-USD-231229-1500-CALL,DERIBIT,OPTION,ETH-USD-231229-1500-CALL,exchange,deribit,tardis,crypto,2023-01-04T00:00:00.000Z,2023-12-29T00:00:00.000Z,options_chain,ETH,USD,ETH,ETH-29DEC23-1500-C,eth-29dec23-1500-c,True,1500,CALL,2023-12-29T08:00:00Z,,,ETH-USD,,,,,,,
DERIBIT:OPTION:ETH-USD-231229-1000-CALL,DERIBIT,OPTION,ETH-USD-231229-1000-CALL,exchange,deribit,tardis,crypto,2023-01-08T00:00:00.000Z,2023-12-29T00:00:00.000Z,options_chain,ETH,USD,ETH,ETH-29DEC23-1000-C,eth-29dec23-1000-c,True,1000,CALL,2023-12-29T08:00:00Z,,,ETH-USD,,,,,,,
DERIBIT:OPTION:ETH-USD-231229-500-CALL,DERIBIT,OPTION,ETH-USD-231229-500-CALL,exchange,deribit,tardis,crypto,2023-04-14T00:00:00.000Z,2023-12-29T00:00:00.000Z,options_chain,ETH,USD,ETH,ETH-29DEC23-500-C,eth-29dec23-500-c,True,500,CALL,2023-12-29T08:00:00Z,,,ETH-USD,,,,,,,
DERIBIT:OPTION:ETH-USD-231229-3500-PUT,DERIBIT,OPTION,ETH-USD-231229-3500-PUT,exchange,deribit,tardis,crypto,2022-12-29T00:00:00.000Z,2023-12-22T00:00:00.000Z,options_chain,ETH,USD,ETH,ETH-29DEC23-3500-P,eth-29dec23-3500-p,True,3500,PUT,2023-12-29T08:00:00Z,,,ETH-USD,,,,,,,
DERIBIT:OPTION:ETH-USD-231229-4500-PUT,DERIBIT,OPTION,ETH-USD-231229-4500-PUT,exchange,deribit,tardis,crypto,2023-01-06T00:00:00.000Z,2023-11-10T00:00:00.000Z,options_chain,ETH,USD,ETH,ETH-29DEC23-4500-P,eth-29dec23-4500-p,True,4500,PUT,2023-12-29T08:00:00Z,,,ETH-USD,,,,,,,
DERIBIT:OPTION:ETH-USD-231229-5000-PUT,DERIBIT,OPTION,ETH-USD-231229-5000-PUT,exchange,deribit,tardis,crypto,2023-01-26T00:00:00.000Z,2023-11-10T00:00:00.000Z,options_chain,ETH,USD,ETH,ETH-29DEC23-5000-P,eth-29dec23-5000-p,True,5000,PUT,2023-12-29T08:00:00Z,,,ETH-USD,,,,,,,
DERIBIT:OPTION:ETH-USD-231229-5500-PUT,DERIBIT,OPTION,ETH-USD-231229-5500-PUT,exchange,deribit,tardis,crypto,2023-03-10T00:00:00.000Z,2023-11-10T00:00:00.000Z,options_chain,ETH,USD,ETH,ETH-29DEC23-5500-P,eth-29dec23-5500-p,True,5500,PUT,2023-12-29T08:00:00Z,,,ETH-USD,,,,,,,
DERIBIT:OPTION:ETH-USD-231229-6500-PUT,DERIBIT,OPTION,ETH-USD-231229-6500-PUT,exchange,deribit,tardis,crypto,2023-04-17T00:00:00.000Z,2023-11-10T00:00:00.000Z,options_chain,ETH,USD,ETH,ETH-29DEC23-6500-P,eth-29dec23-6500-p,True,6500,PUT,2023-12-29T08:00:00Z,,,ETH-USD,,,,,,,
DERIBIT:OPTION:ETH-USD-231229-6000-PUT,DERIBIT,OPTION,ETH-USD-231229-6000-PUT,exchange,deribit,tardis,crypto,2023-04-17T00:00:00.000Z,2023-11-10T00:00:00.000Z,options_chain,ETH,USD,ETH,ETH-29DEC23-6000-P,eth-29dec23-6000-p,True,6000,PUT,2023-12-29T08:00:00Z,,,ETH-USD,,,,,,,
DERIBIT:OPTION:ETH-USD-230929-4500-CALL,DERIBIT,OPTION,ETH-USD-230929-4500-CALL,exchange,deribit,tardis,crypto,2022-09-29T00:00:00.000Z,2023-09-30T00:00:00.000Z,options_chain,ETH,USD,ETH,ETH-29SEP23-4500-C,eth-29sep23-4500-c,True,4500,CALL,2023-09-29T08:00:00Z,,,ETH-USD,,,,,,,
DERIBIT:OPTION:ETH-USD-230929-1100-PUT,DERIBIT,OPTION,ETH-USD-230929-1100-PUT,exchange,deribit,tardis,crypto,2022-09-29T00:00:00.000Z,2023-09-30T00:00:00.000Z,options_chain,ETH,USD,ETH,ETH-29SEP23-1100-P,eth-29sep23-1100-p,True,1100,PUT,2023-09-29T08:00:00Z,,,ETH-USD,,,,,,,
DERIBIT:OPTION:ETH-USD-230929-3000-CALL,DERIBIT,OPTION,ETH-USD-230929-3000-CALL,exchange,deribit,tardis,crypto,2022-09-29T00:00:00.000Z,2023-09-30T00:00:00.000Z,options_chain,ETH,USD,ETH,ETH-29SEP23-3000-C,eth-29sep23-3000-c,True,3000,CALL,2023-09-29T08:00:00Z,,,ETH-USD,,,,,,,
DERIBIT:OPTION:ETH-USD-230929-3000-PUT,DERIBIT,OPTION,ETH-USD-230929-3000-PUT,exchange,deribit,tardis,crypto,2022-09-29T00:00:00.000Z,2023-09-30T00:00:00.000Z,options_chain,ETH,USD,ETH,ETH-29SEP23-3000-P,eth-29sep23-3000-p,True,3000,PUT,2023-09-29T08:00:00Z,,,ETH-USD,,,,,,,
DERIBIT:OPTION:ETH-USD-230929-3500-CALL,DERIBIT,OPTION,ETH-USD-230929-3500-CALL,exchange,deribit,tardis,crypto,2022-09-29T00:00:00.000Z,2023-09-30T00:00:00.000Z,options_chain,ETH,USD,ETH,ETH-29SEP23-3500-C,eth-29sep23-3500-c,True,3500,CALL,2023-09-29T08:00:00Z,,,ETH-USD,,,,,,,
DERIBIT:OPTION:ETH-USD-230929-600-PUT,DERIBIT,OPTION,ETH-USD-230929-600-PUT,exchange,deribit,tardis,crypto,2022-09-29T00:00:00.000Z,2023-09-30T00:00:00.000Z,options_chain,ETH,USD,ETH,ETH-29SEP23-600-P,eth-29sep23-600-p,True,600,PUT,2023-09-29T08:00:00Z,,,ETH-USD,,,,,,,
DERIBIT:OPTION:ETH-USD-230929-2000-CALL,DERIBIT,OPTION,ETH-USD-230929-2000-CALL,exchange,deribit,tardis,crypto,2022-09-29T00:00:00.000Z,2023-09-30T00:00:00.000Z,options_chain,ETH,USD,ETH,ETH-29SEP23-2000-C,eth-29sep23-2000-c,True,2000,CALL,2023-09-29T08:00:00Z,,,ETH-USD,,,,,,,
DERIBIT:OPTION:ETH-USD-230929-1800-CALL,DERIBIT,OPTION,ETH-USD-230929-1800-CALL,exchange,deribit,tardis,crypto,2022-09-29T00:00:00.000Z,2023-09-30T00:00:00.000Z,options_chain,ETH,USD,ETH,ETH-29SEP23-1800-C,eth-29sep23-1800-c,True,1800,CALL,2023-09-29T08:00:00Z,,,ETH-USD,,,,,,,
DERIBIT:OPTION:ETH-USD-230929-700-PUT,DERIBIT,OPTION,ETH-USD-230929-700-PUT,exchange,deribit,tardis,crypto,2022-09-29T00:00:00.000Z,2023-09-30T00:00:00.000Z,options_chain,ETH,USD,ETH,ETH-29SEP23-700-P,eth-29sep23-700-p,True,700,PUT,2023-09-29T08:00:00Z,,,ETH-USD,,,,,,,
DERIBIT:OPTION:ETH-USD-230929-1600-CALL,DERIBIT,OPTION,ETH-USD-230929-1600-CALL,exchange,deribit,tardis,crypto,2022-09-29T00:00:00.000Z,2023-09-30T00:00:00.000Z,options_chain,ETH,USD,ETH,ETH-29SEP23-1600-C,eth-29sep23-1600-c,True,1600,CALL,2023-09-29T08:00:00Z,,,ETH-USD,,,,,,,
DERIBIT:OPTION:ETH-USD-230929-1300-PUT,DERIBIT,OPTION,ETH-USD-230929-1300-PUT,exchange,deribit,tardis,crypto,2022-09-29T00:00:00.000Z,2023-09-30T00:00:00.000Z,options_chain,ETH,USD,ETH,ETH-29SEP23-1300-P,eth-29sep23-1300-p,True,1300,PUT,2023-09-29T08:00:00Z,,,ETH-USD,,,,,,,
DERIBIT:OPTION:ETH-USD-230929-900-PUT,DERIBIT,OPTION,ETH-USD-230929-900-PUT,exchange,deribit,tardis,crypto,2022-09-29T00:00:00.000Z,2023-09-30T00:00:00.000Z,options_chain,ETH,USD,ETH,ETH-29SEP23-900-P,eth-29sep23-900-p,True,900,PUT,2023-09-29T08:00:00Z,,,ETH-USD,,,,,,,
DERIBIT:OPTION:ETH-USD-230929-1200-PUT,DERIBIT,OPTION,ETH-USD-230929-1200-PUT,exchange,deribit,tardis,crypto,2022-09-29T00:00:00.000Z,2023-09-30T00:00:00.000Z,options_chain,ETH,USD,ETH,ETH-29SEP23-1200-P,eth-29sep23-1200-p,True,1200,PUT,2023-09-29T08:00:00Z,,,ETH-USD,,,,,,,
DERIBIT:OPTION:ETH-USD-230929-400-PUT,DERIBIT,OPTION,ETH-USD-230929-400-PUT,exchange,deribit,tardis,crypto,2022-09-29T00:00:00.000Z,2023-09-30T00:00:00.000Z,options_chain,ETH,USD,ETH,ETH-29SEP23-400-P,eth-29sep23-400-p,True,400,PUT,2023-09-29T08:00:00Z,,,ETH-USD,,,,,,,
DERIBIT:OPTION:ETH-USD-230929-1000-PUT,DERIBIT,OPTION,ETH-USD-230929-1000-PUT,exchange,deribit,tardis,crypto,2022-09-29T00:00:00.000Z,2023-09-30T00:00:00.000Z,options_chain,ETH,USD,ETH,ETH-29SEP23-1000-P,eth-29sep23-1000-p,True,1000,PUT,2023-09-29T08:00:00Z,,,ETH-USD,,,,,,,
DERIBIT:OPTION:ETH-USD-230929-4000-CALL,DERIBIT,OPTION,ETH-USD-230929-4000-CALL,exchange,deribit,tardis,crypto,2022-09-29T00:00:00.000Z,2023-09-30T00:00:00.000Z,options_chain,ETH,USD,ETH,ETH-29SEP23-4000-C,eth-29sep23-4000-c,True,4000,CALL,2023-09-29T08:00:00Z,,,ETH-USD,,,,,,,
DERIBIT:OPTION:ETH-USD-230929-2500-CALL,DERIBIT,OPTION,ETH-USD-230929-2500-CALL,exchange,deribit,tardis,crypto,2022-09-29T00:00:00.000Z,2023-09-30T00:00:00.000Z,options_chain,ETH,USD,ETH,ETH-29SEP23-2500-C,eth-29sep23-2500-c,True,2500,CALL,2023-09-29T08:00:00Z,,,ETH-USD,,,,,,,
DERIBIT:OPTION:ETH-USD-230929-500-PUT,DERIBIT,OPTION,ETH-USD-230929-500-PUT,exchange,deribit,tardis,crypto,2022-09-29T00:00:00.000Z,2023-09-30T00:00:00.000Z,options_chain,ETH,USD,ETH,ETH-29SEP23-500-P,eth-29sep23-500-p,True,500,PUT,2023-09-29T08:00:00Z,,,ETH-USD,,,,,,,
DERIBIT:OPTION:ETH-USD-230929-800-PUT,DERIBIT,OPTION,ETH-USD-230929-800-PUT,exchange,deribit,tardis,crypto,2022-09-29T00:00:00.000Z,2023-09-30T00:00:00.000Z,options_chain,ETH,USD,ETH,ETH-29SEP23-800-P,eth-29sep23-800-p,True,800,PUT,2023-09-29T08:00:00Z,,,ETH-USD,,,,,,,
DERIBIT:OPTION:ETH-USD-230929-300-PUT,DERIBIT,OPTION,ETH-USD-230929-300-PUT,exchange,deribit,tardis,crypto,2022-09-29T00:00:00.000Z,2023-09-30T00:00:00.000Z,options_chain,ETH,USD,ETH,ETH-29SEP23-300-P,eth-29sep23-300-p,True,300,PUT,2023-09-29T08:00:00Z,,,ETH-USD,,,,,,,
DERIBIT:OPTION:ETH-USD-230929-1500-PUT,DERIBIT,OPTION,ETH-USD-230929-1500-PUT,exchange,deribit,tardis,crypto,2022-09-29T00:00:00.000Z,2023-09-30T00:00:00.000Z,options_chain,ETH,USD,ETH,ETH-29SEP23-1500-P,eth-29sep23-1500-p,True,1500,PUT,2023-09-29T08:00:00Z,,,ETH-USD,,,,,,,
DERIBIT:OPTION:ETH-USD-230929-1600-PUT,DERIBIT,OPTION,ETH-USD-230929-1600-PUT,exchange,deribit,tardis,crypto,2022-09-29T00:00:00.000Z,2023-09-30T00:00:00.000Z,options_chain,ETH,USD,ETH,ETH-29SEP23-1600-P,eth-29sep23-1600-p,True,1600,PUT,2023-09-29T08:00:00Z,,,ETH-USD,,,,,,,
DERIBIT:OPTION:ETH-USD-230929-1400-CALL,DERIBIT,OPTION,ETH-USD-230929-1400-CALL,exchange,deribit,tardis,crypto,2022-09-29T00:00:00.000Z,2023-09-30T00:00:00.000Z,options_chain,ETH,USD,ETH,ETH-29SEP23-1400-C,eth-29sep23-1400-c,True,1400,CALL,2023-09-29T08:00:00Z,,,ETH-USD,,,,,,,
DERIBIT:OPTION:ETH-USD-230929-3500-PUT,DERIBIT,OPTION,ETH-USD-230929-3500-PUT,exchange,deribit,tardis,crypto,2022-09-29T00:00:00.000Z,2023-09-30T00:00:00.000Z,options_chain,ETH,USD,ETH,ETH-29SEP23-3500-P,eth-29sep23-3500-p,True,3500,PUT,2023-09-29T08:00:00Z,,,ETH-USD,,,,,,,
DERIBIT:OPTION:ETH-USD-230929-1800-PUT,DERIBIT,OPTION,ETH-USD-230929-1800-PUT,exchange,deribit,tardis,crypto,2022-09-29T00:00:00.000Z,2023-09-30T00:00:00.000Z,options_chain,ETH,USD,ETH,ETH-29SEP23-1800-P,eth-29sep23-1800-p,True,1800,PUT,2023-09-29T08:00:00Z,,,ETH-USD,,,,,,,
DERIBIT:OPTION:ETH-USD-230929-700-CALL,DERIBIT,OPTION,ETH-USD-230929-700-CALL,exchange,deribit,tardis,crypto,2022-09-29T00:00:00.000Z,2023-09-30T00:00:00.000Z,options_chain,ETH,USD,ETH,ETH-29SEP23-700-C,eth-29sep23-700-c,True,700,CALL,2023-09-29T08:00:00Z,,,ETH-USD,,,,,,,
DERIBIT:OPTION:ETH-USD-230929-2000-PUT,DERIBIT,OPTION,ETH-USD-230929-2000-PUT,exchange,deribit,tardis,crypto,2022-09-29T00:00:00.000Z,2023-09-30T00:00:00.000Z,options_chain,ETH,USD,ETH,ETH-29SEP23-2000-P,eth-29sep23-2000-p,True,2000,PUT,2023-09-29T08:00:00Z,,,ETH-USD,,,,,,,
DERIBIT:OPTION:ETH-USD-230929-1400-PUT,DERIBIT,OPTION,ETH-USD-230929-1400-PUT,exchange,deribit,tardis,crypto,2022-09-29T00:00:00.000Z,2023-09-30T00:00:00.000Z,options_chain,ETH,USD,ETH,ETH-29SEP23-1400-P,eth-29sep23-1400-p,True,1400,PUT,2023-09-29T08:00:00Z,,,ETH-USD,,,,,,,
DERIBIT:OPTION:ETH-USD-230929-900-CALL,DERIBIT,OPTION,ETH-USD-230929-900-CALL,exchange,deribit,tardis,crypto,2022-09-29T00:00:00.000Z,2023-09-30T00:00:00.000Z,options_chain,ETH,USD,ETH,ETH-29SEP23-900-C,eth-29sep23-900-c,True,900,CALL,2023-09-29T08:00:00Z,,,ETH-USD,,,,,,,
DERIBIT:OPTION:ETH-USD-230929-4000-PUT,DERIBIT,OPTION,ETH-USD-230929-4000-PUT,exchange,deribit,tardis,crypto,2022-09-29T00:00:00.000Z,2023-09-30T00:00:00.000Z,options_chain,ETH,USD,ETH,ETH-29SEP23-4000-P,eth-29sep23-4000-p,True,4000,PUT,2023-09-29T08:00:00Z,,,ETH-USD,,,,,,,
DERIBIT:OPTION:ETH-USD-230929-1000-CALL,DERIBIT,OPTION,ETH-USD-230929-1000-CALL,exchange,deribit,tardis,crypto,2022-09-29T00:00:00.000Z,2023-09-30T00:00:00.000Z,options_chain,ETH,USD,ETH,ETH-29SEP23-1000-C,eth-29sep23-1000-c,True,1000,CALL,2023-09-29T08:00:00Z,,,ETH-USD,,,,,,,
DERIBIT:OPTION:ETH-USD-230929-200-PUT,DERIBIT,OPTION,ETH-USD-230929-200-PUT,exchange,deribit,tardis,crypto,2022-09-29T00:00:00.000Z,2023-09-30T00:00:00.000Z,options_chain,ETH,USD,ETH,ETH-29SEP23-200-P,eth-29sep23-200-p,True,200,PUT,2023-09-29T08:00:00Z,,,ETH-USD,,,,,,,
DERIBIT:OPTION:ETH-USD-230929-1200-CALL,DERIBIT,OPTION,ETH-USD-230929-1200-CALL,exchange,deribit,tardis,crypto,2022-09-29T00:00:00.000Z,2023-09-30T00:00:00.000Z,options_chain,ETH,USD,ETH,ETH-29SEP23-1200-C,eth-29sep23-1200-c,True,1200,CALL,2023-09-29T08:00:00Z,,,ETH-USD,,,,,,,
DERIBIT:OPTION:ETH-USD-230929-2500-PUT,DERIBIT,OPTION,ETH-USD-230929-2500-PUT,exchange,deribit,tardis,crypto,2022-09-29T00:00:00.000Z,2023-09-30T00:00:00.000Z,options_chain,ETH,USD,ETH,ETH-29SEP23-2500-P,eth-29sep23-2500-p,True,2500,PUT,2023-09-29T08:00:00Z,,,ETH-USD,,,,,,,
DERIBIT:OPTION:ETH-USD-230929-1500-CALL,DERIBIT,OPTION,ETH-USD-230929-1500-CALL,exchange,deribit,tardis,crypto,2022-09-29T00:00:00.000Z,2023-09-30T00:00:00.000Z,options_chain,ETH,USD,ETH,ETH-29SEP23-1500-C,eth-29sep23-1500-c,True,1500,CALL,2023-09-29T08:00:00Z,,,ETH-USD,,,,,,,
DERIBIT:OPTION:ETH-USD-230929-1300-CALL,DERIBIT,OPTION,ETH-USD-230929-1300-CALL,exchange,deribit,tardis,crypto,2022-09-29T00:00:00.000Z,2023-09-30T00:00:00.000Z,options_chain,ETH,USD,ETH,ETH-29SEP23-1300-C,eth-29sep23-1300-c,True,1300,CALL,2023-09-29T08:00:00Z,,,ETH-USD,,,,,,,
DERIBIT:OPTION:ETH-USD-230929-1100-CALL,DERIBIT,OPTION,ETH-USD-230929-1100-CALL,exchange,deribit,tardis,crypto,2022-09-29T00:00:00.000Z,2023-09-30T00:00:00.000Z,options_chain,ETH,USD,ETH,ETH-29SEP23-1100-C,eth-29sep23-1100-c,True,1100,CALL,2023-09-29T08:00:00Z,,,ETH-USD,,,,,,,
DERIBIT:OPTION:ETH-USD-230929-4500-PUT,DERIBIT,OPTION,ETH-USD-230929-4500-PUT,exchange,deribit,tardis,crypto,2022-09-29T00:00:00.000Z,2023-09-30T00:00:00.000Z,options_chain,ETH,USD,ETH,ETH-29SEP23-4500-P,eth-29sep23-4500-p,True,4500,PUT,2023-09-29T08:00:00Z,,,ETH-USD,,,,,,,
DERIBIT:OPTION:ETH-USD-230929-5000-PUT,DERIBIT,OPTION,ETH-USD-230929-5000-PUT,exchange,deribit,tardis,crypto,2022-10-25T00:00:00.000Z,2023-09-30T00:00:00.000Z,options_chain,ETH,USD,ETH,ETH-29SEP23-5000-P,eth-29sep23-5000-p,True,5000,PUT,2023-09-29T08:00:00Z,,,ETH-USD,,,,,,,
DERIBIT:OPTION:ETH-USD-230929-5000-CALL,DERIBIT,OPTION,ETH-USD-230929-5000-CALL,exchange,deribit,tardis,crypto,2022-10-25T00:00:00.000Z,2023-09-30T00:00:00.000Z,options_chain,ETH,USD,ETH,ETH-29SEP23-5000-C,eth-29sep23-5000-c,True,5000,CALL,2023-09-29T08:00:00Z,,,ETH-USD,,,,,,,
DERIBIT:OPTION:ETH-USD-230929-1700-CALL,DERIBIT,OPTION,ETH-USD-230929-1700-CALL,exchange,deribit,tardis,crypto,2022-10-25T00:00:00.000Z,2023-09-30T00:00:00.000Z,options_chain,ETH,USD,ETH,ETH-29SEP23-1700-C,eth-29sep23-1700-c,True,1700,CALL,2023-09-29T08:00:00Z,,,ETH-USD,,,,,,,
DERIBIT:OPTION:ETH-USD-230929-1700-PUT,DERIBIT,OPTION,ETH-USD-230929-1700-PUT,exchange,deribit,tardis,crypto,2022-10-25T00:00:00.000Z,2023-09-30T00:00:00.000Z,options_chain,ETH,USD,ETH,ETH-29SEP23-1700-P,eth-29sep23-1700-p,True,1700,PUT,2023-09-29T08:00:00Z,,,ETH-USD,,,,,,,
DERIBIT:OPTION:ETH-USD-230929-5500-CALL,DERIBIT,OPTION,ETH-USD-230929-5500-CALL,exchange,deribit,tardis,crypto,2022-10-26T00:00:00.000Z,2023-09-30T00:00:00.000Z,options_chain,ETH,USD,ETH,ETH-29SEP23-5500-C,eth-29sep23-5500-c,True,5500,CALL,2023-09-29T08:00:00Z,,,ETH-USD,,,,,,,
DERIBIT:OPTION:ETH-USD-230929-2200-CALL,DERIBIT,OPTION,ETH-USD-230929-2200-CALL,exchange,deribit,tardis,crypto,2022-10-29T00:00:00.000Z,2023-09-30T00:00:00.000Z,options_chain,ETH,USD,ETH,ETH-29SEP23-2200-C,eth-29sep23-2200-c,True,2200,CALL,2023-09-29T08:00:00Z,,,ETH-USD,,,,,,,
DERIBIT:OPTION:ETH-USD-230929-2200-PUT,DERIBIT,OPTION,ETH-USD-230929-2200-PUT,exchange,deribit,tardis,crypto,2022-10-29T00:00:00.000Z,2023-09-30T00:00:00.000Z,options_chain,ETH,USD,ETH,ETH-29SEP23-2200-P,eth-29sep23-2200-p,True,2200,PUT,2023-09-29T08:00:00Z,,,ETH-USD,,,,,,,
DERIBIT:OPTION:ETH-USD-230929-1900-CALL,DERIBIT,OPTION,ETH-USD-230929-1900-CALL,exchange,deribit,tardis,crypto,2022-10-29T00:00:00.000Z,2023-09-30T00:00:00.000Z,options_chain,ETH,USD,ETH,ETH-29SEP23-1900-C,eth-29sep23-1900-c,True,1900,CALL,2023-09-29T08:00:00Z,,,ETH-USD,,,,,,,
DERIBIT:OPTION:ETH-USD-230929-1900-PUT,DERIBIT,OPTION,ETH-USD-230929-1900-PUT,exchange,deribit,tardis,crypto,2022-10-29T00:00:00.000Z,2023-09-30T00:00:00.000Z,options_chain,ETH,USD,ETH,ETH-29SEP23-1900-P,eth-29sep23-1900-p,True,1900,PUT,2023-09-29T08:00:00Z,,,ETH-USD,,,,,,,
DERIBIT:OPTION:ETH-USD-230929-5500-PUT,DERIBIT,OPTION,ETH-USD-230929-5500-PUT,exchange,deribit,tardis,crypto,2022-11-04T00:00:00.000Z,2023-09-30T00:00:00.000Z,options_chain,ETH,USD,ETH,ETH-29SEP23-5500-P,eth-29sep23-5500-p,True,5500,PUT,2023-09-29T08:00:00Z,,,ETH-USD,,,,,,,
DERIBIT:OPTION:ETH-USD-230929-500-CALL,DERIBIT,OPTION,ETH-USD-230929-500-CALL,exchange,deribit,tardis,crypto,2022-11-09T00:00:00.000Z,2023-09-30T00:00:00.000Z,options_chain,ETH,USD,ETH,ETH-29SEP23-500-C,eth-29sep23-500-c,True,500,CALL,2023-09-29T08:00:00Z,,,ETH-USD,,,,,,,
DERIBIT:OPTION:ETH-USD-230929-400-CALL,DERIBIT,OPTION,ETH-USD-230929-400-CALL,exchange,deribit,tardis,crypto,2022-12-20T00:00:00.000Z,2023-09-30T00:00:00.000Z,options_chain,ETH,USD,ETH,ETH-29SEP23-400-C,eth-29sep23-400-c,True,400,CALL,2023-09-29T08:00:00Z,,,ETH-USD,,,,,,,
DERIBIT:OPTION:ETH-USD-230929-200-CALL,DERIBIT,OPTION,ETH-USD-230929-200-CALL,exchange,deribit,tardis,crypto,2022-12-20T00:00:00.000Z,2023-09-30T00:00:00.000Z,options_chain,ETH,USD,ETH,ETH-29SEP23-200-C,eth-29sep23-200-c,True,200,CALL,2023-09-29T08:00:00Z,,,ETH-USD,,,,,,,
DERIBIT:OPTION:ETH-USD-230929-2100-CALL,DERIBIT,OPTION,ETH-USD-230929-2100-CALL,exchange,deribit,tardis,crypto,2023-04-04T00:00:00.000Z,2023-09-30T00:00:00.000Z,options_chain,ETH,USD,ETH,ETH-29SEP23-2100-C,eth-29sep23-2100-c,True,2100,CALL,2023-09-29T08:00:00Z,,,ETH-USD,,,,,,,
DERIBIT:OPTION:ETH-USD-230929-2100-PUT,DERIBIT,OPTION,ETH-USD-230929-2100-PUT,exchange,deribit,tardis,crypto,2023-04-04T00:00:00.000Z,2023-09-30T00:00:00.000Z,options_chain,ETH,USD,ETH,ETH-29SEP23-2100-P,eth-29sep23-2100-p,True,2100,PUT,2023-09-29T08:00:00Z,,,ETH-USD,,,,,,,
DERIBIT:OPTION:ETH-USD-230929-2400-CALL,DERIBIT,OPTION,ETH-USD-230929-2400-CALL,exchange,deribit,tardis,crypto,2023-04-05T00:00:00.000Z,2023-09-30T00:00:00.000Z,options_chain,ETH,USD,ETH,ETH-29SEP23-2400-C,eth-29sep23-2400-c,True,2400,CALL,2023-09-29T08:00:00Z,,,ETH-USD,,,,,,,
DERIBIT:OPTION:ETH-USD-230929-2400-PUT,DERIBIT,OPTION,ETH-USD-230929-2400-PUT,exchange,deribit,tardis,crypto,2023-04-05T00:00:00.000Z,2023-09-30T00:00:00.000Z,options_chain,ETH,USD,ETH,ETH-29SEP23-2400-P,eth-29sep23-2400-p,True,2400,PUT,2023-09-29T08:00:00Z,,,ETH-USD,,,,,,,
DERIBIT:OPTION:ETH-USD-230929-2300-CALL,DERIBIT,OPTION,ETH-USD-230929-2300-CALL,exchange,deribit,tardis,crypto,2023-04-14T00:00:00.000Z,2023-09-30T00:00:00.000Z,options_chain,ETH,USD,ETH,ETH-29SEP23-2300-C,eth-29sep23-2300-c,True,2300,CALL,2023-09-29T08:00:00Z,,,ETH-USD,,,,,,,
DERIBIT:OPTION:ETH-USD-230929-2600-CALL,DERIBIT,OPTION,ETH-USD-230929-2600-CALL,exchange,deribit,tardis,crypto,2023-04-14T00:00:00.000Z,2023-09-30T00:00:00.000Z,options_chain,ETH,USD,ETH,ETH-29SEP23-2600-C,eth-29sep23-2600-c,True,2600,CALL,2023-09-29T08:00:00Z,,,ETH-USD,,,,,,,
DERIBIT:OPTION:ETH-USD-230929-2300-PUT,DERIBIT,OPTION,ETH-USD-230929-2300-PUT,exchange,deribit,tardis,crypto,2023-04-14T00:00:00.000Z,2023-09-30T00:00:00.000Z,options_chain,ETH,USD,ETH,ETH-29SEP23-2300-P,eth-29sep23-2300-p,True,2300,PUT,2023-09-29T08:00:00Z,,,ETH-USD,,,,,,,
DERIBIT:OPTION:ETH-USD-230929-2600-PUT,DERIBIT,OPTION,ETH-USD-230929-2600-PUT,exchange,deribit,tardis,crypto,2023-04-14T00:00:00.000Z,2023-09-30T00:00:00.000Z,options_chain,ETH,USD,ETH,ETH-29SEP23-2600-P,eth-29sep23-2600-p,True,2600,PUT,2023-09-29T08:00:00Z,,,ETH-USD,,,,,,,
DERIBIT:OPTION:ETH-USD-230929-600-CALL,DERIBIT,OPTION,ETH-USD-230929-600-CALL,exchange,deribit,tardis,crypto,2022-09-29T00:00:00.000Z,2023-09-29T00:00:00.000Z,options_chain,ETH,USD,ETH,ETH-29SEP23-600-C,eth-29sep23-600-c,True,600,CALL,2023-09-29T08:00:00Z,,,ETH-USD,,,,,,,
DERIBIT:OPTION:ETH-USD-230929-800-CALL,DERIBIT,OPTION,ETH-USD-230929-800-CALL,exchange,deribit,tardis,crypto,2022-09-29T00:00:00.000Z,2023-09-29T00:00:00.000Z,options_chain,ETH,USD,ETH,ETH-29SEP23-800-C,eth-29sep23-800-c,True,800,CALL,2023-09-29T08:00:00Z,,,ETH-USD,,,,,,,
DERIBIT:OPTION:ETH-USD-230929-300-CALL,DERIBIT,OPTION,ETH-USD-230929-300-CALL,exchange,deribit,tardis,crypto,2022-12-20T00:00:00.000Z,2023-09-29T00:00:00.000Z,options_chain,ETH,USD,ETH,ETH-29SEP23-300-C,eth-29sep23-300-c,True,300,CALL,2023-09-29T08:00:00Z,,,ETH-USD,,,,,,,
DERIBIT:OPTION:ETH-USD-230728-2700-CALL,DERIBIT,OPTION,ETH-USD-230728-2700-CALL,exchange,deribit,tardis,crypto,2023-04-27T00:00:00.000Z,2023-07-29T00:00:00.000Z,options_chain,ETH,USD,ETH,ETH-28JUL23-2700-C,eth-28jul23-2700-c,True,2700,CALL,2023-07-28T08:00:00Z,,,ETH-USD,,,,,,,
DERIBIT:OPTION:ETH-USD-230728-900-PUT,DERIBIT,OPTION,ETH-USD-230728-900-PUT,exchange,deribit,tardis,crypto,2023-04-27T00:00:00.000Z,2023-07-29T00:00:00.000Z,options_chain,ETH,USD,ETH,ETH-28JUL23-900-P,eth-28jul23-900-p,True,900,PUT,2023-07-28T08:00:00Z,,,ETH-USD,,,,,,,
DERIBIT:OPTION:ETH-USD-230728-800-PUT,DERIBIT,OPTION,ETH-USD-230728-800-PUT,exchange,deribit,tardis,crypto,2023-04-27T00:00:00.000Z,2023-07-29T00:00:00.000Z,options_chain,ETH,USD,ETH,ETH-28JUL23-800-P,eth-28jul23-800-p,True,800,PUT,2023-07-28T08:00:00Z,,,ETH-USD,,,,,,,
DERIBIT:OPTION:ETH-USD-230728-1000-PUT,DERIBIT,OPTION,ETH-USD-230728-1000-PUT,exchange,deribit,tardis,crypto,2023-04-27T00:00:00.000Z,2023-07-29T00:00:00.000Z,options_chain,ETH,USD,ETH,ETH-28JUL23-1000-P,eth-28jul23-1000-p,True,1000,PUT,2023-07-28T08:00:00Z,,,ETH-USD,,,,,,,
DERIBIT:OPTION:ETH-USD-230728-2600-CALL,DERIBIT,OPTION,ETH-USD-230728-2600-CALL,exchange,deribit,tardis,crypto,2023-04-27T00:00:00.000Z,2023-07-29T00:00:00.000Z,options_chain,ETH,USD,ETH,ETH-28JUL23-2600-C,eth-28jul23-2600-c,True,2600,CALL,2023-07-28T08:00:00Z,,,ETH-USD,,,,,,,
DERIBIT:OPTION:ETH-USD-230728-2800-CALL,DERIBIT,OPTION,ETH-USD-230728-2800-CALL,exchange,deribit,tardis,crypto,2023-04-27T00:00:00.000Z,2023-07-29T00:00:00.000Z,options_chain,ETH,USD,ETH,ETH-28JUL23-2800-C,eth-28jul23-2800-c,True,2800,CALL,2023-07-28T08:00:00Z,,,ETH-USD,,,,,,,
DERIBIT:OPTION:ETH-USD-230728-2900-CALL,DERIBIT,OPTION,ETH-USD-230728-2900-CALL,exchange,deribit,tardis,crypto,2023-04-27T00:00:00.000Z,2023-07-29T00:00:00.000Z,options_chain,ETH,USD,ETH,ETH-28JUL23-2900-C,eth-28jul23-2900-c,True,2900,CALL,2023-07-28T08:00:00Z,,,ETH-USD,,,,,,,
DERIBIT:OPTION:ETH-USD-230728-3400-CALL,DERIBIT,OPTION,ETH-USD-230728-3400-CALL,exchange,deribit,tardis,crypto,2023-04-27T00:00:00.000Z,2023-07-29T00:00:00.000Z,options_chain,ETH,USD,ETH,ETH-28JUL23-3400-C,eth-28jul23-3400-c,True,3400,CALL,2023-07-28T08:00:00Z,,,ETH-USD,,,,,,,
DERIBIT:OPTION:ETH-USD-230728-3600-CALL,DERIBIT,OPTION,ETH-USD-230728-3600-CALL,exchange,deribit,tardis,crypto,2023-04-27T00:00:00.000Z,2023-07-29T00:00:00.000Z,options_chain,ETH,USD,ETH,ETH-28JUL23-3600-C,eth-28jul23-3600-c,True,3600,CALL,2023-07-28T08:00:00Z,,,ETH-USD,,,,,,,
DERIBIT:OPTION:ETH-USD-230728-1500-PUT,DERIBIT,OPTION,ETH-USD-230728-1500-PUT,exchange,deribit,tardis,crypto,2023-04-27T00:00:00.000Z,2023-07-29T00:00:00.000Z,options_chain,ETH,USD,ETH,ETH-28JUL23-1500-P,eth-28jul23-1500-p,True,1500,PUT,2023-07-28T08:00:00Z,,,ETH-USD,,,,,,,
DERIBIT:OPTION:ETH-USD-230728-2200-CALL,DERIBIT,OPTION,ETH-USD-230728-2200-CALL,exchange,deribit,tardis,crypto,2023-04-27T00:00:00.000Z,2023-07-29T00:00:00.000Z,options_chain,ETH,USD,ETH,ETH-28JUL23-2200-C,eth-28jul23-2200-c,True,2200,CALL,2023-07-28T08:00:00Z,,,ETH-USD,,,,,,,
DERIBIT:OPTION:ETH-USD-230728-1800-PUT,DERIBIT,OPTION,ETH-USD-230728-1800-PUT,exchange,deribit,tardis,crypto,2023-04-27T00:00:00.000Z,2023-07-29T00:00:00.000Z,options_chain,ETH,USD,ETH,ETH-28JUL23-1800-P,eth-28jul23-1800-p,True,1800,PUT,2023-07-28T08:00:00Z,,,ETH-USD,,,,,,,
DERIBIT:OPTION:ETH-USD-230728-3000-CALL,DERIBIT,OPTION,ETH-USD-230728-3000-CALL,exchange,deribit,tardis,crypto,2023-04-27T00:00:00.000Z,2023-07-29T00:00:00.000Z,options_chain,ETH,USD,ETH,ETH-28JUL23-3000-C,eth-28jul23-3000-c,True,3000,CALL,2023-07-28T08:00:00Z,,,ETH-USD,,,,,,,
DERIBIT:OPTION:ETH-USD-230728-2300-CALL,DERIBIT,OPTION,ETH-USD-230728-2300-CALL,exchange,deribit,tardis,crypto,2023-04-27T00:00:00.000Z,2023-07-29T00:00:00.000Z,options_chain,ETH,USD,ETH,ETH-28JUL23-2300-C,eth-28jul23-2300-c,True,2300,CALL,2023-07-28T08:00:00Z,,,ETH-USD,,,,,,,
DERIBIT:OPTION:ETH-USD-230728-2400-CALL,DERIBIT,OPTION,ETH-USD-230728-2400-CALL,exchange,deribit,tardis,crypto,2023-04-27T00:00:00.000Z,2023-07-29T00:00:00.000Z,options_chain,ETH,USD,ETH,ETH-28JUL23-2400-C,eth-28jul23-2400-c,True,2400,CALL,2023-07-28T08:00:00Z,,,ETH-USD,,,,,,,
DERIBIT:OPTION:ETH-USD-230728-2500-CALL,DERIBIT,OPTION,ETH-USD-230728-2500-CALL,exchange,deribit,tardis,crypto,2023-04-27T00:00:00.000Z,2023-07-29T00:00:00.000Z,options_chain,ETH,USD,ETH,ETH-28JUL23-2500-C,eth-28jul23-2500-c,True,2500,CALL,2023-07-28T08:00:00Z,,,ETH-USD,,,,,,,
DERIBIT:OPTION:ETH-USD-230728-1400-PUT,DERIBIT,OPTION,ETH-USD-230728-1400-PUT,exchange,deribit,tardis,crypto,2023-04-27T00:00:00.000Z,2023-07-29T00:00:00.000Z,options_chain,ETH,USD,ETH,ETH-28JUL23-1400-P,eth-28jul23-1400-p,True,1400,PUT,2023-07-28T08:00:00Z,,,ETH-USD,,,,,,,
DERIBIT:OPTION:ETH-USD-230728-1900-PUT,DERIBIT,OPTION,ETH-USD-230728-1900-PUT,exchange,deribit,tardis,crypto,2023-04-27T00:00:00.000Z,2023-07-29T00:00:00.000Z,options_chain,ETH,USD,ETH,ETH-28JUL23-1900-P,eth-28jul23-1900-p,True,1900,PUT,2023-07-28T08:00:00Z,,,ETH-USD,,,,,,,
DERIBIT:OPTION:ETH-USD-230728-1200-PUT,DERIBIT,OPTION,ETH-USD-230728-1200-PUT,exchange,deribit,tardis,crypto,2023-04-27T00:00:00.000Z,2023-07-29T00:00:00.000Z,options_chain,ETH,USD,ETH,ETH-28JUL23-1200-P,eth-28jul23-1200-p,True,1200,PUT,2023-07-28T08:00:00Z,,,ETH-USD,,,,,,,
DERIBIT:OPTION:ETH-USD-230728-1100-PUT,DERIBIT,OPTION,ETH-USD-230728-1100-PUT,exchange,deribit,tardis,crypto,2023-04-27T00:00:00.000Z,2023-07-29T00:00:00.000Z,options_chain,ETH,USD,ETH,ETH-28JUL23-1100-P,eth-28jul23-1100-p,True,1100,PUT,2023-07-28T08:00:00Z,,,ETH-USD,,,,,,,
DERIBIT:OPTION:ETH-USD-230728-1600-PUT,DERIBIT,OPTION,ETH-USD-230728-1600-PUT,exchange,deribit,tardis,crypto,2023-04-27T00:00:00.000Z,2023-07-29T00:00:00.000Z,options_chain,ETH,USD,ETH,ETH-28JUL23-1600-P,eth-28jul23-1600-p,True,1600,PUT,2023-07-28T08:00:00Z,,,ETH-USD,,,,,,,
DERIBIT:OPTION:ETH-USD-230728-2000-CALL,DERIBIT,OPTION,ETH-USD-230728-2000-CALL,exchange,deribit,tardis,crypto,2023-04-27T00:00:00.000Z,2023-07-29T00:00:00.000Z,options_chain,ETH,USD,ETH,ETH-28JUL23-2000-C,eth-28jul23-2000-c,True,2000,CALL,2023-07-28T08:00:00Z,,,ETH-USD,,,,,,,
DERIBIT:OPTION:ETH-USD-230728-3200-CALL,DERIBIT,OPTION,ETH-USD-230728-3200-CALL,exchange,deribit,tardis,crypto,2023-04-27T00:00:00.000Z,2023-07-29T00:00:00.000Z,options_chain,ETH,USD,ETH,ETH-28JUL23-3200-C,eth-28jul23-3200-c,True,3200,CALL,2023-07-28T08:00:00Z,,,ETH-USD,,,,,,,
DERIBIT:OPTION:ETH-USD-230728-3800-CALL,DERIBIT,OPTION,ETH-USD-230728-3800-CALL,exchange,deribit,tardis,crypto,2023-04-27T00:00:00.000Z,2023-07-29T00:00:00.000Z,options_chain,ETH,USD,ETH,ETH-28JUL23-3800-C,eth-28jul23-3800-c,True,3800,CALL,2023-07-28T08:00:00Z,,,ETH-USD,,,,,,,
DERIBIT:OPTION:ETH-USD-230728-4000-CALL,DERIBIT,OPTION,ETH-USD-230728-4000-CALL,exchange,deribit,tardis,crypto,2023-04-27T00:00:00.000Z,2023-07-29T00:00:00.000Z,options_chain,ETH,USD,ETH,ETH-28JUL23-4000-C,eth-28jul23-4000-c,True,4000,CALL,2023-07-28T08:00:00Z,,,ETH-USD,,,,,,,
DERIBIT:OPTION:ETH-USD-230728-4200-CALL,DERIBIT,OPTION,ETH-USD-230728-4200-CALL,exchange,deribit,tardis,crypto,2023-04-27T00:00:00.000Z,2023-07-29T00:00:00.000Z,options_chain,ETH,USD,ETH,ETH-28JUL23-4200-C,eth-28jul23-4200-c,True,4200,CALL,2023-07-28T08:00:00Z,,,ETH-USD,,,,,,,
DERIBIT:OPTION:ETH-USD-230728-600-PUT,DERIBIT,OPTION,ETH-USD-230728-600-PUT,exchange,deribit,tardis,crypto,2023-04-27T00:00:00.000Z,2023-07-29T00:00:00.000Z,options_chain,ETH,USD,ETH,ETH-28JUL23-600-P,eth-28jul23-600-p,True,600,PUT,2023-07-28T08:00:00Z,,,ETH-USD,,,,,,,
DERIBIT:OPTION:ETH-USD-230728-2000-PUT,DERIBIT,OPTION,ETH-USD-230728-2000-PUT,exchange,deribit,tardis,crypto,2023-04-27T00:00:00.000Z,2023-07-29T00:00:00.000Z,options_chain,ETH,USD,ETH,ETH-28JUL23-2000-P,eth-28jul23-2000-p,True,2000,PUT,2023-07-28T08:00:00Z,,,ETH-USD,,,,,,,
DERIBIT:OPTION:ETH-USD-230728-1900-CALL,DERIBIT,OPTION,ETH-USD-230728-1900-CALL,exchange,deribit,tardis,crypto,2023-04-27T00:00:00.000Z,2023-07-29T00:00:00.000Z,options_chain,ETH,USD,ETH,ETH-28JUL23-1900-C,eth-28jul23-1900-c,True,1900,CALL,2023-07-28T08:00:00Z,,,ETH-USD,,,,,,,
DERIBIT:OPTION:ETH-USD-230728-1700-PUT,DERIBIT,OPTION,ETH-USD-230728-1700-PUT,exchange,deribit,tardis,crypto,2023-04-27T00:00:00.000Z,2023-07-29T00:00:00.000Z,options_chain,ETH,USD,ETH,ETH-28JUL23-1700-P,eth-28jul23-1700-p,True,1700,PUT,2023-07-28T08:00:00Z,,,ETH-USD,,,,,,,
DERIBIT:OPTION:ETH-USD-230728-2100-CALL,DERIBIT,OPTION,ETH-USD-230728-2100-CALL,exchange,deribit,tardis,crypto,2023-04-27T00:00:00.000Z,2023-07-29T00:00:00.000Z,options_chain,ETH,USD,ETH,ETH-28JUL23-2100-C,eth-28jul23-2100-c,True,2100,CALL,2023-07-28T08:00:00Z,,,ETH-USD,,,,,,,
DERIBIT:OPTION:ETH-USD-230728-1300-PUT,DERIBIT,OPTION,ETH-USD-230728-1300-PUT,exchange,deribit,tardis,crypto,2023-04-27T00:00:00.000Z,2023-07-29T00:00:00.000Z,options_chain,ETH,USD,ETH,ETH-28JUL23-1300-P,eth-28jul23-1300-p,True,1300,PUT,2023-07-28T08:00:00Z,,,ETH-USD,,,,,,,
DERIBIT:OPTION:ETH-USD-230728-2700-PUT,DERIBIT,OPTION,ETH-USD-230728-2700-PUT,exchange,deribit,tardis,crypto,2023-04-27T00:00:00.000Z,2023-07-29T00:00:00.000Z,options_chain,ETH,USD,ETH,ETH-28JUL23-2700-P,eth-28jul23-2700-p,True,2700,PUT,2023-07-28T08:00:00Z,,,ETH-USD,,,,,,,
DERIBIT:OPTION:ETH-USD-230728-2600-PUT,DERIBIT,OPTION,ETH-USD-230728-2600-PUT,exchange,deribit,tardis,crypto,2023-04-27T00:00:00.000Z,2023-07-29T00:00:00.000Z,options_chain,ETH,USD,ETH,ETH-28JUL23-2600-P,eth-28jul23-2600-p,True,2600,PUT,2023-07-28T08:00:00Z,,,ETH-USD,,,,,,,
DERIBIT:OPTION:ETH-USD-230728-1100-CALL,DERIBIT,OPTION,ETH-USD-230728-1100-CALL,exchange,deribit,tardis,crypto,2023-04-27T00:00:00.000Z,2023-07-29T00:00:00.000Z,options_chain,ETH,USD,ETH,ETH-28JUL23-1100-C,eth-28jul23-1100-c,True,1100,CALL,2023-07-28T08:00:00Z,,,ETH-USD,,,,,,,
DERIBIT:OPTION:ETH-USD-230728-900-CALL,DERIBIT,OPTION,ETH-USD-230728-900-CALL,exchange,deribit,tardis,crypto,2023-04-27T00:00:00.000Z,2023-07-29T00:00:00.000Z,options_chain,ETH,USD,ETH,ETH-28JUL23-900-C,eth-28jul23-900-c,True,900,CALL,2023-07-28T08:00:00Z,,,ETH-USD,,,,,,,
DERIBIT:OPTION:ETH-USD-230728-1500-CALL,DERIBIT,OPTION,ETH-USD-230728-1500-CALL,exchange,deribit,tardis,crypto,2023-04-27T00:00:00.000Z,2023-07-29T00:00:00.000Z,options_chain,ETH,USD,ETH,ETH-28JUL23-1500-C,eth-28jul23-1500-c,True,1500,CALL,2023-07-28T08:00:00Z,,,ETH-USD,,,,,,,
DERIBIT:OPTION:ETH-USD-230728-3200-PUT,DERIBIT,OPTION,ETH-USD-230728-3200-PUT,exchange,deribit,tardis,crypto,2023-04-27T00:00:00.000Z,2023-07-29T00:00:00.000Z,options_chain,ETH,USD,ETH,ETH-28JUL23-3200-P,eth-28jul23-3200-p,True,3200,PUT,2023-07-28T08:00:00Z,,,ETH-USD,,,,,,,
DERIBIT:OPTION:ETH-USD-230728-2500-PUT,DERIBIT,OPTION,ETH-USD-230728-2500-PUT,exchange,deribit,tardis,crypto,2023-04-27T00:00:00.000Z,2023-07-29T00:00:00.000Z,options_chain,ETH,USD,ETH,ETH-28JUL23-2500-P,eth-28jul23-2500-p,True,2500,PUT,2023-07-28T08:00:00Z,,,ETH-USD,,,,,,,
DERIBIT:OPTION:ETH-USD-230728-2900-PUT,DERIBIT,OPTION,ETH-USD-230728-2900-PUT,exchange,deribit,tardis,crypto,2023-04-27T00:00:00.000Z,2023-07-29T00:00:00.000Z,options_chain,ETH,USD,ETH,ETH-28JUL23-2900-P,eth-28jul23-2900-p,True,2900,PUT,2023-07-28T08:00:00Z,,,ETH-USD,,,,,,,
DERIBIT:OPTION:ETH-USD-230728-2400-PUT,DERIBIT,OPTION,ETH-USD-230728-2400-PUT,exchange,deribit,tardis,crypto,2023-04-27T00:00:00.000Z,2023-07-29T00:00:00.000Z,options_chain,ETH,USD,ETH,ETH-28JUL23-2400-P,eth-28jul23-2400-p,True,2400,PUT,2023-07-28T08:00:00Z,,,ETH-USD,,,,,,,
DERIBIT:OPTION:ETH-USD-230728-2800-PUT,DERIBIT,OPTION,ETH-USD-230728-2800-PUT,exchange,deribit,tardis,crypto,2023-04-27T00:00:00.000Z,2023-07-29T00:00:00.000Z,options_chain,ETH,USD,ETH,ETH-28JUL23-2800-P,eth-28jul23-2800-p,True,2800,PUT,2023-07-28T08:00:00Z,,,ETH-USD,,,,,,,
DERIBIT:OPTION:ETH-USD-230728-1400-CALL,DERIBIT,OPTION,ETH-USD-230728-1400-CALL,exchange,deribit,tardis,crypto,2023-04-27T00:00:00.000Z,2023-07-29T00:00:00.000Z,options_chain,ETH,USD,ETH,ETH-28JUL23-1400-C,eth-28jul23-1400-c,True,1400,CALL,2023-07-28T08:00:00Z,,,ETH-USD,,,,,,,
DERIBIT:OPTION:ETH-USD-230728-2300-PUT,DERIBIT,OPTION,ETH-USD-230728-2300-PUT,exchange,deribit,tardis,crypto,2023-04-27T00:00:00.000Z,2023-07-29T00:00:00.000Z,options_chain,ETH,USD,ETH,ETH-28JUL23-2300-P,eth-28jul23-2300-p,True,2300,PUT,2023-07-28T08:00:00Z,,,ETH-USD,,,,,,,
DERIBIT:OPTION:ETH-USD-230728-2200-PUT,DERIBIT,OPTION,ETH-USD-230728-2200-PUT,exchange,deribit,tardis,crypto,2023-04-27T00:00:00.000Z,2023-07-29T00:00:00.000Z,options_chain,ETH,USD,ETH,ETH-28JUL23-2200-P,eth-28jul23-2200-p,True,2200,PUT,2023-07-28T08:00:00Z,,,ETH-USD,,,,,,,
DERIBIT:OPTION:ETH-USD-230728-600-CALL,DERIBIT,OPTION,ETH-USD-230728-600-CALL,exchange,deribit,tardis,crypto,2023-04-27T00:00:00.000Z,2023-07-29T00:00:00.000Z,options_chain,ETH,USD,ETH,ETH-28JUL23-600-C,eth-28jul23-600-c,True,600,CALL,2023-07-28T08:00:00Z,,,ETH-USD,,,,,,,
DERIBIT:OPTION:ETH-USD-230728-1600-CALL,DERIBIT,OPTION,ETH-USD-230728-1600-CALL,exchange,deribit,tardis,crypto,2023-04-27T00:00:00.000Z,2023-07-29T00:00:00.000Z,options_chain,ETH,USD,ETH,ETH-28JUL23-1600-C,eth-28jul23-1600-c,True,1600,CALL,2023-07-28T08:00:00Z,,,ETH-USD,,,,,,,
DERIBIT:OPTION:ETH-USD-230728-1000-CALL,DERIBIT,OPTION,ETH-USD-230728-1000-CALL,exchange,deribit,tardis,crypto,2023-04-27T00:00:00.000Z,2023-07-29T00:00:00.000Z,options_chain,ETH,USD,ETH,ETH-28JUL23-1000-C,eth-28jul23-1000-c,True,1000,CALL,2023-07-28T08:00:00Z,,,ETH-USD,,,,,,,
DERIBIT:OPTION:ETH-USD-230728-1300-CALL,DERIBIT,OPTION,ETH-USD-230728-1300-CALL,exchange,deribit,tardis,crypto,2023-04-27T00:00:00.000Z,2023-07-29T00:00:00.000Z,options_chain,ETH,USD,ETH,ETH-28JUL23-1300-C,eth-28jul23-1300-c,True,1300,CALL,2023-07-28T08:00:00Z,,,ETH-USD,,,,,,,
DERIBIT:OPTION:ETH-USD-230728-800-CALL,DERIBIT,OPTION,ETH-USD-230728-800-CALL,exchange,deribit,tardis,crypto,2023-04-27T00:00:00.000Z,2023-07-29T00:00:00.000Z,options_chain,ETH,USD,ETH,ETH-28JUL23-800-C,eth-28jul23-800-c,True,800,CALL,2023-07-28T08:00:00Z,,,ETH-USD,,,,,,,
DERIBIT:OPTION:ETH-USD-230728-3000-PUT,DERIBIT,OPTION,ETH-USD-230728-3000-PUT,exchange,deribit,tardis,crypto,2023-04-27T00:00:00.000Z,2023-07-29T00:00:00.000Z,options_chain,ETH,USD,ETH,ETH-28JUL23-3000-P,eth-28jul23-3000-p,True,3000,PUT,2023-07-28T08:00:00Z,,,ETH-USD,,,,,,,
DERIBIT:OPTION:ETH-USD-230728-2100-PUT,DERIBIT,OPTION,ETH-USD-230728-2100-PUT,exchange,deribit,tardis,crypto,2023-04-27T00:00:00.000Z,2023-07-29T00:00:00.000Z,options_chain,ETH,USD,ETH,ETH-28JUL23-2100-P,eth-28jul23-2100-p,True,2100,PUT,2023-07-28T08:00:00Z,,,ETH-USD,,,,,,,
DERIBIT:OPTION:ETH-USD-230728-1700-CALL,DERIBIT,OPTION,ETH-USD-230728-1700-CALL,exchange,deribit,tardis,crypto,2023-04-27T00:00:00.000Z,2023-07-29T00:00:00.000Z,options_chain,ETH,USD,ETH,ETH-28JUL23-1700-C,eth-28jul23-1700-c,True,1700,CALL,2023-07-28T08:00:00Z,,,ETH-USD,,,,,,,
DERIBIT:OPTION:ETH-USD-230728-1800-CALL,DERIBIT,OPTION,ETH-USD-230728-1800-CALL,exchange,deribit,tardis,crypto,2023-04-27T00:00:00.000Z,2023-07-29T00:00:00.000Z,options_chain,ETH,USD,ETH,ETH-28JUL23-1800-C,eth-28jul23-1800-c,True,1800,CALL,2023-07-28T08:00:00Z,,,ETH-USD,,,,,,,
DERIBIT:OPTION:ETH-USD-230728-3400-PUT,DERIBIT,OPTION,ETH-USD-230728-3400-PUT,exchange,deribit,tardis,crypto,2023-04-27T00:00:00.000Z,2023-07-29T00:00:00.000Z,options_chain,ETH,USD,ETH,ETH-28JUL23-3400-P,eth-28jul23-3400-p,True,3400,PUT,2023-07-28T08:00:00Z,,,ETH-USD,,,,,,,
DERIBIT:OPTION:ETH-USD-230728-1200-CALL,DERIBIT,OPTION,ETH-USD-230728-1200-CALL,exchange,deribit,tardis,crypto,2023-04-28T00:00:00.000Z,2023-07-29T00:00:00.000Z,options_chain,ETH,USD,ETH,ETH-28JUL23-1200-C,eth-28jul23-1200-c,True,1200,CALL,2023-07-28T08:00:00Z,,,ETH-USD,,,,,,,
DERIBIT:OPTION:ETH-USD-230728-3100-CALL,DERIBIT,OPTION,ETH-USD-230728-3100-CALL,exchange,deribit,tardis,crypto,2023-05-05T00:00:00.000Z,2023-07-29T00:00:00.000Z,options_chain,ETH,USD,ETH,ETH-28JUL23-3100-C,eth-28jul23-3100-c,True,3100,CALL,2023-07-28T08:00:00Z,,,ETH-USD,,,,,,,
DERIBIT:OPTION:ETH-USD-230728-3100-PUT,DERIBIT,OPTION,ETH-USD-230728-3100-PUT,exchange,deribit,tardis,crypto,2023-05-08T00:00:00.000Z,2023-07-29T00:00:00.000Z,options_chain,ETH,USD,ETH,ETH-28JUL23-3100-P,eth-28jul23-3100-p,True,3100,PUT,2023-07-28T08:00:00Z,,,ETH-USD,,,,,,,
DERIBIT:OPTION:ETH-USD-230630-3000-CALL,DERIBIT,OPTION,ETH-USD-230630-3000-CALL,exchange,deribit,tardis,crypto,2022-06-23T00:00:00.000Z,2023-07-01T00:00:00.000Z,options_chain,ETH,USD,ETH,ETH-30JUN23-3000-C,eth-30jun23-3000-c,True,3000,CALL,2023-06-30T08:00:00Z,,,ETH-USD,,,,,,,
DERIBIT:OPTION:ETH-USD-230630-200-PUT,DERIBIT,OPTION,ETH-USD-230630-200-PUT,exchange,deribit,tardis,crypto,2022-06-23T00:00:00.000Z,2023-07-01T00:00:00.000Z,options_chain,ETH,USD,ETH,ETH-30JUN23-200-P,eth-30jun23-200-p,True,200,PUT,2023-06-30T08:00:00Z,,,ETH-USD,,,,,,,
DERIBIT:OPTION:ETH-USD-230630-1000-PUT,DERIBIT,OPTION,ETH-USD-230630-1000-PUT,exchange,deribit,tardis,crypto,2022-06-23T00:00:00.000Z,2023-07-01T00:00:00.000Z,options_chain,ETH,USD,ETH,ETH-30JUN23-1000-P,eth-30jun23-1000-p,True,1000,PUT,2023-06-30T08:00:00Z,,,ETH-USD,,,,,,,
DERIBIT:OPTION:ETH-USD-230630-1200-PUT,DERIBIT,OPTION,ETH-USD-230630-1200-PUT,exchange,deribit,tardis,crypto,2022-06-23T00:00:00.000Z,2023-07-01T00:00:00.000Z,options_chain,ETH,USD,ETH,ETH-30JUN23-1200-P,eth-30jun23-1200-p,True,1200,PUT,2023-06-30T08:00:00Z,,,ETH-USD,,,,,,,
DERIBIT:OPTION:ETH-USD-230630-1300-PUT,DERIBIT,OPTION,ETH-USD-230630-1300-PUT,exchange,deribit,tardis,crypto,2022-06-23T00:00:00.000Z,2023-07-01T00:00:00.000Z,options_chain,ETH,USD,ETH,ETH-30JUN23-1300-P,eth-30jun23-1300-p,True,1300,PUT,2023-06-30T08:00:00Z,,,ETH-USD,,,,,,,
DERIBIT:OPTION:ETH-USD-230630-1100-PUT,DERIBIT,OPTION,ETH-USD-230630-1100-PUT,exchange,deribit,tardis,crypto,2022-06-23T00:00:00.000Z,2023-07-01T00:00:00.000Z,options_chain,ETH,USD,ETH,ETH-30JUN23-1100-P,eth-30jun23-1100-p,True,1100,PUT,2023-06-30T08:00:00Z,,,ETH-USD,,,,,,,
DERIBIT:OPTION:ETH-USD-230630-3500-CALL,DERIBIT,OPTION,ETH-USD-230630-3500-CALL,exchange,deribit,tardis,crypto,2022-06-23T00:00:00.000Z,2023-07-01T00:00:00.000Z,options_chain,ETH,USD,ETH,ETH-30JUN23-3500-C,eth-30jun23-3500-c,True,3500,CALL,2023-06-30T08:00:00Z,,,ETH-USD,,,,,,,
DERIBIT:OPTION:ETH-USD-230630-900-PUT,DERIBIT,OPTION,ETH-USD-230630-900-PUT,exchange,deribit,tardis,crypto,2022-06-23T00:00:00.000Z,2023-07-01T00:00:00.000Z,options_chain,ETH,USD,ETH,ETH-30JUN23-900-P,eth-30jun23-900-p,True,900,PUT,2023-06-30T08:00:00Z,,,ETH-USD,,,,,,,
DERIBIT:OPTION:ETH-USD-230630-800-PUT,DERIBIT,OPTION,ETH-USD-230630-800-PUT,exchange,deribit,tardis,crypto,2022-06-23T00:00:00.000Z,2023-07-01T00:00:00.000Z,options_chain,ETH,USD,ETH,ETH-30JUN23-800-P,eth-30jun23-800-p,True,800,PUT,2023-06-30T08:00:00Z,,,ETH-USD,,,,,,,
DERIBIT:OPTION:ETH-USD-230630-2500-CALL,DERIBIT,OPTION,ETH-USD-230630-2500-CALL,exchange,deribit,tardis,crypto,2022-06-23T00:00:00.000Z,2023-07-01T00:00:00.000Z,options_chain,ETH,USD,ETH,ETH-30JUN23-2500-C,eth-30jun23-2500-c,True,2500,CALL,2023-06-30T08:00:00Z,,,ETH-USD,,,,,,,
DERIBIT:OPTION:ETH-USD-230630-500-PUT,DERIBIT,OPTION,ETH-USD-230630-500-PUT,exchange,deribit,tardis,crypto,2022-06-23T00:00:00.000Z,2023-07-01T00:00:00.000Z,options_chain,ETH,USD,ETH,ETH-30JUN23-500-P,eth-30jun23-500-p,True,500,PUT,2023-06-30T08:00:00Z,,,ETH-USD,,,,,,,
DERIBIT:OPTION:ETH-USD-230630-600-PUT,DERIBIT,OPTION,ETH-USD-230630-600-PUT,exchange,deribit,tardis,crypto,2022-06-23T00:00:00.000Z,2023-07-01T00:00:00.000Z,options_chain,ETH,USD,ETH,ETH-30JUN23-600-P,eth-30jun23-600-p,True,600,PUT,2023-06-30T08:00:00Z,,,ETH-USD,,,,,,,
DERIBIT:OPTION:ETH-USD-230630-300-PUT,DERIBIT,OPTION,ETH-USD-230630-300-PUT,exchange,deribit,tardis,crypto,2022-06-23T00:00:00.000Z,2023-07-01T00:00:00.000Z,options_chain,ETH,USD,ETH,ETH-30JUN23-300-P,eth-30jun23-300-p,True,300,PUT,2023-06-30T08:00:00Z,,,ETH-USD,,,,,,,
DERIBIT:OPTION:ETH-USD-230630-400-PUT,DERIBIT,OPTION,ETH-USD-230630-400-PUT,exchange,deribit,tardis,crypto,2022-06-23T00:00:00.000Z,2023-07-01T00:00:00.000Z,options_chain,ETH,USD,ETH,ETH-30JUN23-400-P,eth-30jun23-400-p,True,400,PUT,2023-06-30T08:00:00Z,,,ETH-USD,,,,,,,
DERIBIT:OPTION:ETH-USD-230630-2000-CALL,DERIBIT,OPTION,ETH-USD-230630-2000-CALL,exchange,deribit,tardis,crypto,2022-06-23T00:00:00.000Z,2023-07-01T00:00:00.000Z,options_chain,ETH,USD,ETH,ETH-30JUN23-2000-C,eth-30jun23-2000-c,True,2000,CALL,2023-06-30T08:00:00Z,,,ETH-USD,,,,,,,
DERIBIT:OPTION:ETH-USD-230630-700-PUT,DERIBIT,OPTION,ETH-USD-230630-700-PUT,exchange,deribit,tardis,crypto,2022-06-23T00:00:00.000Z,2023-07-01T00:00:00.000Z,options_chain,ETH,USD,ETH,ETH-30JUN23-700-P,eth-30jun23-700-p,True,700,PUT,2023-06-30T08:00:00Z,,,ETH-USD,,,,,,,
DERIBIT:OPTION:ETH-USD-230630-3500-PUT,DERIBIT,OPTION,ETH-USD-230630-3500-PUT,exchange,deribit,tardis,crypto,2022-06-23T00:00:00.000Z,2023-07-01T00:00:00.000Z,options_chain,ETH,USD,ETH,ETH-30JUN23-3500-P,eth-30jun23-3500-p,True,3500,PUT,2023-06-30T08:00:00Z,,,ETH-USD,,,,,,,
DERIBIT:OPTION:ETH-USD-230630-600-CALL,DERIBIT,OPTION,ETH-USD-230630-600-CALL,exchange,deribit,tardis,crypto,2022-06-23T00:00:00.000Z,2023-07-01T00:00:00.000Z,options_chain,ETH,USD,ETH,ETH-30JUN23-600-C,eth-30jun23-600-c,True,600,CALL,2023-06-30T08:00:00Z,,,ETH-USD,,,,,,,
DERIBIT:OPTION:ETH-USD-230630-1200-CALL,DERIBIT,OPTION,ETH-USD-230630-1200-CALL,exchange,deribit,tardis,crypto,2022-06-23T00:00:00.000Z,2023-07-01T00:00:00.000Z,options_chain,ETH,USD,ETH,ETH-30JUN23-1200-C,eth-30jun23-1200-c,True,1200,CALL,2023-06-30T08:00:00Z,,,ETH-USD,,,,,,,
DERIBIT:OPTION:ETH-USD-230630-1000-CALL,DERIBIT,OPTION,ETH-USD-230630-1000-CALL,exchange,deribit,tardis,crypto,2022-06-23T00:00:00.000Z,2023-07-01T00:00:00.000Z,options_chain,ETH,USD,ETH,ETH-30JUN23-1000-C,eth-30jun23-1000-c,True,1000,CALL,2023-06-30T08:00:00Z,,,ETH-USD,,,,,,,
DERIBIT:OPTION:ETH-USD-230630-800-CALL,DERIBIT,OPTION,ETH-USD-230630-800-CALL,exchange,deribit,tardis,crypto,2022-06-23T00:00:00.000Z,2023-07-01T00:00:00.000Z,options_chain,ETH,USD,ETH,ETH-30JUN23-800-C,eth-30jun23-800-c,True,800,CALL,2023-06-30T08:00:00Z,,,ETH-USD,,,,,,,
DERIBIT:OPTION:ETH-USD-230630-2000-PUT,DERIBIT,OPTION,ETH-USD-230630-2000-PUT,exchange,deribit,tardis,crypto,2022-06-23T00:00:00.000Z,2023-07-01T00:00:00.000Z,options_chain,ETH,USD,ETH,ETH-30JUN23-2000-P,eth-30jun23-2000-p,True,2000,PUT,2023-06-30T08:00:00Z,,,ETH-USD,,,,,,,
DERIBIT:OPTION:ETH-USD-230630-1400-PUT,DERIBIT,OPTION,ETH-USD-230630-1400-PUT,exchange,deribit,tardis,crypto,2022-06-23T00:00:00.000Z,2023-07-01T00:00:00.000Z,options_chain,ETH,USD,ETH,ETH-30JUN23-1400-P,eth-30jun23-1400-p,True,1400,PUT,2023-06-30T08:00:00Z,,,ETH-USD,,,,,,,
DERIBIT:OPTION:ETH-USD-230630-1300-CALL,DERIBIT,OPTION,ETH-USD-230630-1300-CALL,exchange,deribit,tardis,crypto,2022-06-23T00:00:00.000Z,2023-07-01T00:00:00.000Z,options_chain,ETH,USD,ETH,ETH-30JUN23-1300-C,eth-30jun23-1300-c,True,1300,CALL,2023-06-30T08:00:00Z,,,ETH-USD,,,,,,,
DERIBIT:OPTION:ETH-USD-230630-100-PUT,DERIBIT,OPTION,ETH-USD-230630-100-PUT,exchange,deribit,tardis,crypto,2022-06-23T00:00:00.000Z,2023-07-01T00:00:00.000Z,options_chain,ETH,USD,ETH,ETH-30JUN23-100-P,eth-30jun23-100-p,True,100,PUT,2023-06-30T08:00:00Z,,,ETH-USD,,,,,,,
DERIBIT:OPTION:ETH-USD-230630-1400-CALL,DERIBIT,OPTION,ETH-USD-230630-1400-CALL,exchange,deribit,tardis,crypto,2022-06-23T00:00:00.000Z,2023-07-01T00:00:00.000Z,options_chain,ETH,USD,ETH,ETH-30JUN23-1400-C,eth-30jun23-1400-c,True,1400,CALL,2023-06-30T08:00:00Z,,,ETH-USD,,,,,,,
DERIBIT:OPTION:ETH-USD-230630-1100-CALL,DERIBIT,OPTION,ETH-USD-230630-1100-CALL,exchange,deribit,tardis,crypto,2022-06-23T00:00:00.000Z,2023-07-01T00:00:00.000Z,options_chain,ETH,USD,ETH,ETH-30JUN23-1100-C,eth-30jun23-1100-c,True,1100,CALL,2023-06-30T08:00:00Z,,,ETH-USD,,,,,,,
DERIBIT:OPTION:ETH-USD-230630-2500-PUT,DERIBIT,OPTION,ETH-USD-230630-2500-PUT,exchange,deribit,tardis,crypto,2022-06-23T00:00:00.000Z,2023-07-01T00:00:00.000Z,options_chain,ETH,USD,ETH,ETH-30JUN23-2500-P,eth-30jun23-2500-p,True,2500,PUT,2023-06-30T08:00:00Z,,,ETH-USD,,,,,,,
DERIBIT:OPTION:ETH-USD-230630-3000-PUT,DERIBIT,OPTION,ETH-USD-230630-3000-PUT,exchange,deribit,tardis,crypto,2022-06-23T00:00:00.000Z,2023-07-01T00:00:00.000Z,options_chain,ETH,USD,ETH,ETH-30JUN23-3000-P,eth-30jun23-3000-p,True,3000,PUT,2023-06-30T08:00:00Z,,,ETH-USD,,,,,,,
DERIBIT:OPTION:ETH-USD-230630-4000-CALL,DERIBIT,OPTION,ETH-USD-230630-4000-CALL,exchange,deribit,tardis,crypto,2022-06-23T00:00:00.000Z,2023-07-01T00:00:00.000Z,options_chain,ETH,USD,ETH,ETH-30JUN23-4000-C,eth-30jun23-4000-c,True,4000,CALL,2023-06-30T08:00:00Z,,,ETH-USD,,,,,,,
DERIBIT:OPTION:ETH-USD-230630-4000-PUT,DERIBIT,OPTION,ETH-USD-230630-4000-PUT,exchange,deribit,tardis,crypto,2022-06-23T00:00:00.000Z,2023-07-01T00:00:00.000Z,options_chain,ETH,USD,ETH,ETH-30JUN23-4000-P,eth-30jun23-4000-p,True,4000,PUT,2023-06-30T08:00:00Z,,,ETH-USD,,,,,,,
DERIBIT:OPTION:ETH-USD-230630-1600-CALL,DERIBIT,OPTION,ETH-USD-230630-1600-CALL,exchange,deribit,tardis,crypto,2022-06-24T00:00:00.000Z,2023-07-01T00:00:00.000Z,options_chain,ETH,USD,ETH,ETH-30JUN23-1600-C,eth-30jun23-1600-c,True,1600,CALL,2023-06-30T08:00:00Z,,,ETH-USD,,,,,,,
DERIBIT:OPTION:ETH-USD-230630-1600-PUT,DERIBIT,OPTION,ETH-USD-230630-1600-PUT,exchange,deribit,tardis,crypto,2022-06-24T00:00:00.000Z,2023-07-01T00:00:00.000Z,options_chain,ETH,USD,ETH,ETH-30JUN23-1600-P,eth-30jun23-1600-p,True,1600,PUT,2023-06-30T08:00:00Z,,,ETH-USD,,,,,,,
DERIBIT:OPTION:ETH-USD-230630-4500-CALL,DERIBIT,OPTION,ETH-USD-230630-4500-CALL,exchange,deribit,tardis,crypto,2022-06-24T00:00:00.000Z,2023-07-01T00:00:00.000Z,options_chain,ETH,USD,ETH,ETH-30JUN23-4500-C,eth-30jun23-4500-c,True,4500,CALL,2023-06-30T08:00:00Z,,,ETH-USD,,,,,,,
DERIBIT:OPTION:ETH-USD-230630-4500-PUT,DERIBIT,OPTION,ETH-USD-230630-4500-PUT,exchange,deribit,tardis,crypto,2022-06-24T00:00:00.000Z,2023-07-01T00:00:00.000Z,options_chain,ETH,USD,ETH,ETH-30JUN23-4500-P,eth-30jun23-4500-p,True,4500,PUT,2023-06-30T08:00:00Z,,,ETH-USD,,,,,,,
DERIBIT:OPTION:ETH-USD-230630-1500-PUT,DERIBIT,OPTION,ETH-USD-230630-1500-PUT,exchange,deribit,tardis,crypto,2022-06-30T00:00:00.000Z,2023-07-01T00:00:00.000Z,options_chain,ETH,USD,ETH,ETH-30JUN23-1500-P,eth-30jun23-1500-p,True,1500,PUT,2023-06-30T08:00:00Z,,,ETH-USD,,,,,,,
DERIBIT:OPTION:ETH-USD-230630-1500-CALL,DERIBIT,OPTION,ETH-USD-230630-1500-CALL,exchange,deribit,tardis,crypto,2022-06-30T00:00:00.000Z,2023-07-01T00:00:00.000Z,options_chain,ETH,USD,ETH,ETH-30JUN23-1500-C,eth-30jun23-1500-c,True,1500,CALL,2023-06-30T08:00:00Z,,,ETH-USD,,,,,,,
DERIBIT:OPTION:ETH-USD-230630-1800-CALL,DERIBIT,OPTION,ETH-USD-230630-1800-CALL,exchange,deribit,tardis,crypto,2022-07-16T00:00:00.000Z,2023-07-01T00:00:00.000Z,options_chain,ETH,USD,ETH,ETH-30JUN23-1800-C,eth-30jun23-1800-c,True,1800,CALL,2023-06-30T08:00:00Z,,,ETH-USD,,,,,,,
DERIBIT:OPTION:ETH-USD-230630-1800-PUT,DERIBIT,OPTION,ETH-USD-230630-1800-PUT,exchange,deribit,tardis,crypto,2022-07-16T00:00:00.000Z,2023-07-01T00:00:00.000Z,options_chain,ETH,USD,ETH,ETH-30JUN23-1800-P,eth-30jun23-1800-p,True,1800,PUT,2023-06-30T08:00:00Z,,,ETH-USD,,,,,,,
DERIBIT:OPTION:ETH-USD-230630-5000-CALL,DERIBIT,OPTION,ETH-USD-230630-5000-CALL,exchange,deribit,tardis,crypto,2022-07-18T00:00:00.000Z,2023-07-01T00:00:00.000Z,options_chain,ETH,USD,ETH,ETH-30JUN23-5000-C,eth-30jun23-5000-c,True,5000,CALL,2023-06-30T08:00:00Z,,,ETH-USD,,,,,,,
DERIBIT:OPTION:ETH-USD-230630-1700-PUT,DERIBIT,OPTION,ETH-USD-230630-1700-PUT,exchange,deribit,tardis,crypto,2022-07-18T00:00:00.000Z,2023-07-01T00:00:00.000Z,options_chain,ETH,USD,ETH,ETH-30JUN23-1700-P,eth-30jun23-1700-p,True,1700,PUT,2023-06-30T08:00:00Z,,,ETH-USD,,,,,,,
DERIBIT:OPTION:ETH-USD-230630-1700-CALL,DERIBIT,OPTION,ETH-USD-230630-1700-CALL,exchange,deribit,tardis,crypto,2022-07-18T00:00:00.000Z,2023-07-01T00:00:00.000Z,options_chain,ETH,USD,ETH,ETH-30JUN23-1700-C,eth-30jun23-1700-c,True,1700,CALL,2023-06-30T08:00:00Z,,,ETH-USD,,,,,,,
DERIBIT:OPTION:ETH-USD-230630-5500-CALL,DERIBIT,OPTION,ETH-USD-230630-5500-CALL,exchange,deribit,tardis,crypto,2022-07-18T00:00:00.000Z,2023-07-01T00:00:00.000Z,options_chain,ETH,USD,ETH,ETH-30JUN23-5500-C,eth-30jun23-5500-c,True,5500,CALL,2023-06-30T08:00:00Z,,,ETH-USD,,,,,,,
DERIBIT:OPTION:ETH-USD-230630-2200-PUT,DERIBIT,OPTION,ETH-USD-230630-2200-PUT,exchange,deribit,tardis,crypto,2022-07-20T00:00:00.000Z,2023-07-01T00:00:00.000Z,options_chain,ETH,USD,ETH,ETH-30JUN23-2200-P,eth-30jun23-2200-p,True,2200,PUT,2023-06-30T08:00:00Z,,,ETH-USD,,,,,,,
DERIBIT:OPTION:ETH-USD-230630-2200-CALL,DERIBIT,OPTION,ETH-USD-230630-2200-CALL,exchange,deribit,tardis,crypto,2022-07-20T00:00:00.000Z,2023-07-01T00:00:00.000Z,options_chain,ETH,USD,ETH,ETH-30JUN23-2200-C,eth-30jun23-2200-c,True,2200,CALL,2023-06-30T08:00:00Z,,,ETH-USD,,,,,,,
DERIBIT:OPTION:ETH-USD-230630-1900-PUT,DERIBIT,OPTION,ETH-USD-230630-1900-PUT,exchange,deribit,tardis,crypto,2022-07-20T00:00:00.000Z,2023-07-01T00:00:00.000Z,options_chain,ETH,USD,ETH,ETH-30JUN23-1900-P,eth-30jun23-1900-p,True,1900,PUT,2023-06-30T08:00:00Z,,,ETH-USD,,,,,,,
DERIBIT:OPTION:ETH-USD-230630-1900-CALL,DERIBIT,OPTION,ETH-USD-230630-1900-CALL,exchange,deribit,tardis,crypto,2022-07-20T00:00:00.000Z,2023-07-01T00:00:00.000Z,options_chain,ETH,USD,ETH,ETH-30JUN23-1900-C,eth-30jun23-1900-c,True,1900,CALL,2023-06-30T08:00:00Z,,,ETH-USD,,,,,,,
DERIBIT:OPTION:ETH-USD-230630-6000-CALL,DERIBIT,OPTION,ETH-USD-230630-6000-CALL,exchange,deribit,tardis,crypto,2022-07-28T00:00:00.000Z,2023-07-01T00:00:00.000Z,options_chain,ETH,USD,ETH,ETH-30JUN23-6000-C,eth-30jun23-6000-c,True,6000,CALL,2023-06-30T08:00:00Z,,,ETH-USD,,,,,,,
DERIBIT:OPTION:ETH-USD-230630-2400-CALL,DERIBIT,OPTION,ETH-USD-230630-2400-CALL,exchange,deribit,tardis,crypto,2022-07-28T00:00:00.000Z,2023-07-01T00:00:00.000Z,options_chain,ETH,USD,ETH,ETH-30JUN23-2400-C,eth-30jun23-2400-c,True,2400,CALL,2023-06-30T08:00:00Z,,,ETH-USD,,,,,,,
DERIBIT:OPTION:ETH-USD-230630-2400-PUT,DERIBIT,OPTION,ETH-USD-230630-2400-PUT,exchange,deribit,tardis,crypto,2022-07-28T00:00:00.000Z,2023-07-01T00:00:00.000Z,options_chain,ETH,USD,ETH,ETH-30JUN23-2400-P,eth-30jun23-2400-p,True,2400,PUT,2023-06-30T08:00:00Z,,,ETH-USD,,,,,,,
DERIBIT:OPTION:ETH-USD-230630-2100-CALL,DERIBIT,OPTION,ETH-USD-230630-2100-CALL,exchange,deribit,tardis,crypto,2022-08-08T00:00:00.000Z,2023-07-01T00:00:00.000Z,options_chain,ETH,USD,ETH,ETH-30JUN23-2100-C,eth-30jun23-2100-c,True,2100,CALL,2023-06-30T08:00:00Z,,,ETH-USD,,,,,,,
DERIBIT:OPTION:ETH-USD-230630-2100-PUT,DERIBIT,OPTION,ETH-USD-230630-2100-PUT,exchange,deribit,tardis,crypto,2022-08-08T00:00:00.000Z,2023-07-01T00:00:00.000Z,options_chain,ETH,USD,ETH,ETH-30JUN23-2100-P,eth-30jun23-2100-p,True,2100,PUT,2023-06-30T08:00:00Z,,,ETH-USD,,,,,,,
DERIBIT:OPTION:ETH-USD-230630-6500-CALL,DERIBIT,OPTION,ETH-USD-230630-6500-CALL,exchange,deribit,tardis,crypto,2022-08-10T00:00:00.000Z,2023-07-01T00:00:00.000Z,options_chain,ETH,USD,ETH,ETH-30JUN23-6500-C,eth-30jun23-6500-c,True,6500,CALL,2023-06-30T08:00:00Z,,,ETH-USD,,,,,,,
DERIBIT:OPTION:ETH-USD-230630-6500-PUT,DERIBIT,OPTION,ETH-USD-230630-6500-PUT,exchange,deribit,tardis,crypto,2022-08-10T00:00:00.000Z,2023-07-01T00:00:00.000Z,options_chain,ETH,USD,ETH,ETH-30JUN23-6500-P,eth-30jun23-6500-p,True,6500,PUT,2023-06-30T08:00:00Z,,,ETH-USD,,,,,,,
DERIBIT:OPTION:ETH-USD-230630-2600-CALL,DERIBIT,OPTION,ETH-USD-230630-2600-CALL,exchange,deribit,tardis,crypto,2022-08-11T00:00:00.000Z,2023-07-01T00:00:00.000Z,options_chain,ETH,USD,ETH,ETH-30JUN23-2600-C,eth-30jun23-2600-c,True,2600,CALL,2023-06-30T08:00:00Z,,,ETH-USD,,,,,,,
DERIBIT:OPTION:ETH-USD-230630-2600-PUT,DERIBIT,OPTION,ETH-USD-230630-2600-PUT,exchange,deribit,tardis,crypto,2022-08-11T00:00:00.000Z,2023-07-01T00:00:00.000Z,options_chain,ETH,USD,ETH,ETH-30JUN23-2600-P,eth-30jun23-2600-p,True,2600,PUT,2023-06-30T08:00:00Z,,,ETH-USD,,,,,,,
DERIBIT:OPTION:ETH-USD-230630-2300-CALL,DERIBIT,OPTION,ETH-USD-230630-2300-CALL,exchange,deribit,tardis,crypto,2022-08-13T00:00:00.000Z,2023-07-01T00:00:00.000Z,options_chain,ETH,USD,ETH,ETH-30JUN23-2300-C,eth-30jun23-2300-c,True,2300,CALL,2023-06-30T08:00:00Z,,,ETH-USD,,,,,,,
DERIBIT:OPTION:ETH-USD-230630-2700-CALL,DERIBIT,OPTION,ETH-USD-230630-2700-CALL,exchange,deribit,tardis,crypto,2023-03-29T00:00:00.000Z,2023-07-01T00:00:00.000Z,options_chain,ETH,USD,ETH,ETH-30JUN23-2700-C,eth-30jun23-2700-c,True,2700,CALL,2023-06-30T08:00:00Z,,,ETH-USD,,,,,,,
DERIBIT:OPTION:ETH-USD-230630-2800-CALL,DERIBIT,OPTION,ETH-USD-230630-2800-CALL,exchange,deribit,tardis,crypto,2023-03-29T00:00:00.000Z,2023-07-01T00:00:00.000Z,options_chain,ETH,USD,ETH,ETH-30JUN23-2800-C,eth-30jun23-2800-c,True,2800,CALL,2023-06-30T08:00:00Z,,,ETH-USD,,,,,,,
DERIBIT:OPTION:ETH-USD-230630-500-CALL,DERIBIT,OPTION,ETH-USD-230630-500-CALL,exchange,deribit,tardis,crypto,2022-06-23T00:00:00.000Z,2023-06-30T00:00:00.000Z,options_chain,ETH,USD,ETH,ETH-30JUN23-500-C,eth-30jun23-500-c,True,500,CALL,2023-06-30T08:00:00Z,,,ETH-USD,,,,,,,
DERIBIT:OPTION:ETH-USD-230630-900-CALL,DERIBIT,OPTION,ETH-USD-230630-900-CALL,exchange,deribit,tardis,crypto,2022-06-23T00:00:00.000Z,2023-06-30T00:00:00.000Z,options_chain,ETH,USD,ETH,ETH-30JUN23-900-C,eth-30jun23-900-c,True,900,CALL,2023-06-30T08:00:00Z,,,ETH-USD,,,,,,,
DERIBIT:OPTION:ETH-USD-230630-700-CALL,DERIBIT,OPTION,ETH-USD-230630-700-CALL,exchange,deribit,tardis,crypto,2022-06-23T00:00:00.000Z,2023-06-30T00:00:00.000Z,options_chain,ETH,USD,ETH,ETH-30JUN23-700-C,eth-30jun23-700-c,True,700,CALL,2023-06-30T08:00:00Z,,,ETH-USD,,,,,,,
DERIBIT:OPTION:ETH-USD-230630-400-CALL,DERIBIT,OPTION,ETH-USD-230630-400-CALL,exchange,deribit,tardis,crypto,2022-06-23T00:00:00.000Z,2023-06-30T00:00:00.000Z,options_chain,ETH,USD,ETH,ETH-30JUN23-400-C,eth-30jun23-400-c,True,400,CALL,2023-06-30T08:00:00Z,,,ETH-USD,,,,,,,
DERIBIT:OPTION:ETH-USD-230630-300-CALL,DERIBIT,OPTION,ETH-USD-230630-300-CALL,exchange,deribit,tardis,crypto,2022-07-01T00:00:00.000Z,2023-06-30T00:00:00.000Z,options_chain,ETH,USD,ETH,ETH-30JUN23-300-C,eth-30jun23-300-c,True,300,CALL,2023-06-30T08:00:00Z,,,ETH-USD,,,,,,,
DERIBIT:OPTION:ETH-USD-230630-5000-PUT,DERIBIT,OPTION,ETH-USD-230630-5000-PUT,exchange,deribit,tardis,crypto,2022-07-18T00:00:00.000Z,2023-06-30T00:00:00.000Z,options_chain,ETH,USD,ETH,ETH-30JUN23-5000-P,eth-30jun23-5000-p,True,5000,PUT,2023-06-30T08:00:00Z,,,ETH-USD,,,,,,,
DERIBIT:OPTION:ETH-USD-230630-100-CALL,DERIBIT,OPTION,ETH-USD-230630-100-CALL,exchange,deribit,tardis,crypto,2022-08-03T00:00:00.000Z,2023-06-30T00:00:00.000Z,options_chain,ETH,USD,ETH,ETH-30JUN23-100-C,eth-30jun23-100-c,True,100,CALL,2023-06-30T08:00:00Z,,,ETH-USD,,,,,,,
DERIBIT:OPTION:ETH-USD-230630-200-CALL,DERIBIT,OPTION,ETH-USD-230630-200-CALL,exchange,deribit,tardis,crypto,2022-08-03T00:00:00.000Z,2023-06-30T00:00:00.000Z,options_chain,ETH,USD,ETH,ETH-30JUN23-200-C,eth-30jun23-200-c,True,200,CALL,2023-06-30T08:00:00Z,,,ETH-USD,,,,,,,
DERIBIT:OPTION:ETH-USD-230630-2300-PUT,DERIBIT,OPTION,ETH-USD-230630-2300-PUT,exchange,deribit,tardis,crypto,2022-08-13T00:00:00.000Z,2023-06-30T00:00:00.000Z,options_chain,ETH,USD,ETH,ETH-30JUN23-2300-P,eth-30jun23-2300-p,True,2300,PUT,2023-06-30T08:00:00Z,,,ETH-USD,,,,,,,
DERIBIT:OPTION:ETH-USD-230630-2700-PUT,DERIBIT,OPTION,ETH-USD-230630-2700-PUT,exchange,deribit,tardis,crypto,2023-03-30T00:00:00.000Z,2023-06-20T00:00:00.000Z,options_chain,ETH,USD,ETH,ETH-30JUN23-2700-P,eth-30jun23-2700-p,True,2700,PUT,2023-06-30T08:00:00Z,,,ETH-USD,,,,,,,
DERIBIT:OPTION:ETH-USD-230630-2800-PUT,DERIBIT,OPTION,ETH-USD-230630-2800-PUT,exchange,deribit,tardis,crypto,2023-03-30T00:00:00.000Z,2023-06-20T00:00:00.000Z,options_chain,ETH,USD,ETH,ETH-30JUN23-2800-P,eth-30jun23-2800-p,True,2800,PUT,2023-06-30T08:00:00Z,,,ETH-USD,,,,,,,
DERIBIT:OPTION:ETH-USD-230609-1700-PUT,DERIBIT,OPTION,ETH-USD-230609-1700-PUT,exchange,deribit,tardis,crypto,2023-05-18T00:00:00.000Z,2023-06-10T00:00:00.000Z,options_chain,ETH,USD,ETH,ETH-9JUN23-1700-P,eth-9jun23-1700-p,True,1700,PUT,2023-06-09T08:00:00Z,,,ETH-USD,,,,,,,
DERIBIT:OPTION:ETH-USD-230609-2100-CALL,DERIBIT,OPTION,ETH-USD-230609-2100-CALL,exchange,deribit,tardis,crypto,2023-05-18T00:00:00.000Z,2023-06-10T00:00:00.000Z,options_chain,ETH,USD,ETH,ETH-9JUN23-2100-C,eth-9jun23-2100-c,True,2100,CALL,2023-06-09T08:00:00Z,,,ETH-USD,,,,,,,
DERIBIT:OPTION:ETH-USD-230609-2300-CALL,DERIBIT,OPTION,ETH-USD-230609-2300-CALL,exchange,deribit,tardis,crypto,2023-05-18T00:00:00.000Z,2023-06-10T00:00:00.000Z,options_chain,ETH,USD,ETH,ETH-9JUN23-2300-C,eth-9jun23-2300-c,True,2300,CALL,2023-06-09T08:00:00Z,,,ETH-USD,,,,,,,
DERIBIT:OPTION:ETH-USD-230609-1450-PUT,DERIBIT,OPTION,ETH-USD-230609-1450-PUT,exchange,deribit,tardis,crypto,2023-05-18T00:00:00.000Z,2023-06-10T00:00:00.000Z,options_chain,ETH,USD,ETH,ETH-9JUN23-1450-P,eth-9jun23-1450-p,True,1450,PUT,2023-06-09T08:00:00Z,,,ETH-USD,,,,,,,
DERIBIT:OPTION:ETH-USD-230609-1950-CALL,DERIBIT,OPTION,ETH-USD-230609-1950-CALL,exchange,deribit,tardis,crypto,2023-05-18T00:00:00.000Z,2023-06-10T00:00:00.000Z,options_chain,ETH,USD,ETH,ETH-9JUN23-1950-C,eth-9jun23-1950-c,True,1950,CALL,2023-06-09T08:00:00Z,,,ETH-USD,,,,,,,
DERIBIT:OPTION:ETH-USD-230609-1650-PUT,DERIBIT,OPTION,ETH-USD-230609-1650-PUT,exchange,deribit,tardis,crypto,2023-05-18T00:00:00.000Z,2023-06-10T00:00:00.000Z,options_chain,ETH,USD,ETH,ETH-9JUN23-1650-P,eth-9jun23-1650-p,True,1650,PUT,2023-06-09T08:00:00Z,,,ETH-USD,,,,,,,
DERIBIT:OPTION:ETH-USD-230609-1550-PUT,DERIBIT,OPTION,ETH-USD-230609-1550-PUT,exchange,deribit,tardis,crypto,2023-05-18T00:00:00.000Z,2023-06-10T00:00:00.000Z,options_chain,ETH,USD,ETH,ETH-9JUN23-1550-P,eth-9jun23-1550-p,True,1550,PUT,2023-06-09T08:00:00Z,,,ETH-USD,,,,,,,
DERIBIT:OPTION:ETH-USD-230609-2000-CALL,DERIBIT,OPTION,ETH-USD-230609-2000-CALL,exchange,deribit,tardis,crypto,2023-05-18T00:00:00.000Z,2023-06-10T00:00:00.000Z,options_chain,ETH,USD,ETH,ETH-9JUN23-2000-C,eth-9jun23-2000-c,True,2000,CALL,2023-06-09T08:00:00Z,,,ETH-USD,,,,,,,
DERIBIT:OPTION:ETH-USD-230609-1600-PUT,DERIBIT,OPTION,ETH-USD-230609-1600-PUT,exchange,deribit,tardis,crypto,2023-05-18T00:00:00.000Z,2023-06-10T00:00:00.000Z,options_chain,ETH,USD,ETH,ETH-9JUN23-1600-P,eth-9jun23-1600-p,True,1600,PUT,2023-06-09T08:00:00Z,,,ETH-USD,,,,,,,
DERIBIT:OPTION:ETH-USD-230609-1800-PUT,DERIBIT,OPTION,ETH-USD-230609-1800-PUT,exchange,deribit,tardis,crypto,2023-05-18T00:00:00.000Z,2023-06-10T00:00:00.000Z,options_chain,ETH,USD,ETH,ETH-9JUN23-1800-P,eth-9jun23-1800-p,True,1800,PUT,2023-06-09T08:00:00Z,,,ETH-USD,,,,,,,
DERIBIT:OPTION:ETH-USD-230609-1750-PUT,DERIBIT,OPTION,ETH-USD-230609-1750-PUT,exchange,deribit,tardis,crypto,2023-05-18T00:00:00.000Z,2023-06-10T00:00:00.000Z,options_chain,ETH,USD,ETH,ETH-9JUN23-1750-P,eth-9jun23-1750-p,True,1750,PUT,2023-06-09T08:00:00Z,,,ETH-USD,,,,,,,
DERIBIT:OPTION:ETH-USD-230609-1500-PUT,DERIBIT,OPTION,ETH-USD-230609-1500-PUT,exchange,deribit,tardis,crypto,2023-05-18T00:00:00.000Z,2023-06-10T00:00:00.000Z,options_chain,ETH,USD,ETH,ETH-9JUN23-1500-P,eth-9jun23-1500-p,True,1500,PUT,2023-06-09T08:00:00Z,,,ETH-USD,,,,,,,
DERIBIT:OPTION:ETH-USD-230609-1100-PUT,DERIBIT,OPTION,ETH-USD-230609-1100-PUT,exchange,deribit,tardis,crypto,2023-05-18T00:00:00.000Z,2023-06-10T00:00:00.000Z,options_chain,ETH,USD,ETH,ETH-9JUN23-1100-P,eth-9jun23-1100-p,True,1100,PUT,2023-06-09T08:00:00Z,,,ETH-USD,,,,,,,
DERIBIT:OPTION:ETH-USD-230609-1850-CALL,DERIBIT,OPTION,ETH-USD-230609-1850-CALL,exchange,deribit,tardis,crypto,2023-05-18T00:00:00.000Z,2023-06-10T00:00:00.000Z,options_chain,ETH,USD,ETH,ETH-9JUN23-1850-C,eth-9jun23-1850-c,True,1850,CALL,2023-06-09T08:00:00Z,,,ETH-USD,,,,,,,
DERIBIT:OPTION:ETH-USD-230609-1800-CALL,DERIBIT,OPTION,ETH-USD-230609-1800-CALL,exchange,deribit,tardis,crypto,2023-05-18T00:00:00.000Z,2023-06-10T00:00:00.000Z,options_chain,ETH,USD,ETH,ETH-9JUN23-1800-C,eth-9jun23-1800-c,True,1800,CALL,2023-06-09T08:00:00Z,,,ETH-USD,,,,,,,
DERIBIT:OPTION:ETH-USD-230609-3200-CALL,DERIBIT,OPTION,ETH-USD-230609-3200-CALL,exchange,deribit,tardis,crypto,2023-05-18T00:00:00.000Z,2023-06-10T00:00:00.000Z,options_chain,ETH,USD,ETH,ETH-9JUN23-3200-C,eth-9jun23-3200-c,True,3200,CALL,2023-06-09T08:00:00Z,,,ETH-USD,,,,,,,
DERIBIT:OPTION:ETH-USD-230609-1400-PUT,DERIBIT,OPTION,ETH-USD-230609-1400-PUT,exchange,deribit,tardis,crypto,2023-05-18T00:00:00.000Z,2023-06-10T00:00:00.000Z,options_chain,ETH,USD,ETH,ETH-9JUN23-1400-P,eth-9jun23-1400-p,True,1400,PUT,2023-06-09T08:00:00Z,,,ETH-USD,,,,,,,
DERIBIT:OPTION:ETH-USD-230609-1900-CALL,DERIBIT,OPTION,ETH-USD-230609-1900-CALL,exchange,deribit,tardis,crypto,2023-05-18T00:00:00.000Z,2023-06-10T00:00:00.000Z,options_chain,ETH,USD,ETH,ETH-9JUN23-1900-C,eth-9jun23-1900-c,True,1900,CALL,2023-06-09T08:00:00Z,,,ETH-USD,,,,,,,
DERIBIT:OPTION:ETH-USD-230609-2200-CALL,DERIBIT,OPTION,ETH-USD-230609-2200-CALL,exchange,deribit,tardis,crypto,2023-05-18T00:00:00.000Z,2023-06-10T00:00:00.000Z,options_chain,ETH,USD,ETH,ETH-9JUN23-2200-C,eth-9jun23-2200-c,True,2200,CALL,2023-06-09T08:00:00Z,,,ETH-USD,,,,,,,
DERIBIT:OPTION:ETH-USD-230609-1300-PUT,DERIBIT,OPTION,ETH-USD-230609-1300-PUT,exchange,deribit,tardis,crypto,2023-05-18T00:00:00.000Z,2023-06-10T00:00:00.000Z,options_chain,ETH,USD,ETH,ETH-9JUN23-1300-P,eth-9jun23-1300-p,True,1300,PUT,2023-06-09T08:00:00Z,,,ETH-USD,,,,,,,
DERIBIT:OPTION:ETH-USD-230609-1200-PUT,DERIBIT,OPTION,ETH-USD-230609-1200-PUT,exchange,deribit,tardis,crypto,2023-05-18T00:00:00.000Z,2023-06-10T00:00:00.000Z,options_chain,ETH,USD,ETH,ETH-9JUN23-1200-P,eth-9jun23-1200-p,True,1200,PUT,2023-06-09T08:00:00Z,,,ETH-USD,,,,,,,
DERIBIT:OPTION:ETH-USD-230609-1350-PUT,DERIBIT,OPTION,ETH-USD-230609-1350-PUT,exchange,deribit,tardis,crypto,2023-05-18T00:00:00.000Z,2023-06-10T00:00:00.000Z,options_chain,ETH,USD,ETH,ETH-9JUN23-1350-P,eth-9jun23-1350-p,True,1350,PUT,2023-06-09T08:00:00Z,,,ETH-USD,,,,,,,
DERIBIT:OPTION:ETH-USD-230609-900-PUT,DERIBIT,OPTION,ETH-USD-230609-900-PUT,exchange,deribit,tardis,crypto,2023-05-18T00:00:00.000Z,2023-06-10T00:00:00.000Z,options_chain,ETH,USD,ETH,ETH-9JUN23-900-P,eth-9jun23-900-p,True,900,PUT,2023-06-09T08:00:00Z,,,ETH-USD,,,,,,,
DERIBIT:OPTION:ETH-USD-230609-2400-CALL,DERIBIT,OPTION,ETH-USD-230609-2400-CALL,exchange,deribit,tardis,crypto,2023-05-18T00:00:00.000Z,2023-06-10T00:00:00.000Z,options_chain,ETH,USD,ETH,ETH-9JUN23-2400-C,eth-9jun23-2400-c,True,2400,CALL,2023-06-09T08:00:00Z,,,ETH-USD,,,,,,,
DERIBIT:OPTION:ETH-USD-230609-1000-PUT,DERIBIT,OPTION,ETH-USD-230609-1000-PUT,exchange,deribit,tardis,crypto,2023-05-18T00:00:00.000Z,2023-06-10T00:00:00.000Z,options_chain,ETH,USD,ETH,ETH-9JUN23-1000-P,eth-9jun23-1000-p,True,1000,PUT,2023-06-09T08:00:00Z,,,ETH-USD,,,,,,,
DERIBIT:OPTION:ETH-USD-230609-2600-CALL,DERIBIT,OPTION,ETH-USD-230609-2600-CALL,exchange,deribit,tardis,crypto,2023-05-18T00:00:00.000Z,2023-06-10T00:00:00.000Z,options_chain,ETH,USD,ETH,ETH-9JUN23-2600-C,eth-9jun23-2600-c,True,2600,CALL,2023-06-09T08:00:00Z,,,ETH-USD,,,,,,,
DERIBIT:OPTION:ETH-USD-230609-2800-CALL,DERIBIT,OPTION,ETH-USD-230609-2800-CALL,exchange,deribit,tardis,crypto,2023-05-18T00:00:00.000Z,2023-06-10T00:00:00.000Z,options_chain,ETH,USD,ETH,ETH-9JUN23-2800-C,eth-9jun23-2800-c,True,2800,CALL,2023-06-09T08:00:00Z,,,ETH-USD,,,,,,,
DERIBIT:OPTION:ETH-USD-230609-1850-PUT,DERIBIT,OPTION,ETH-USD-230609-1850-PUT,exchange,deribit,tardis,crypto,2023-05-18T00:00:00.000Z,2023-06-10T00:00:00.000Z,options_chain,ETH,USD,ETH,ETH-9JUN23-1850-P,eth-9jun23-1850-p,True,1850,PUT,2023-06-09T08:00:00Z,,,ETH-USD,,,,,,,
DERIBIT:OPTION:ETH-USD-230609-800-PUT,DERIBIT,OPTION,ETH-USD-230609-800-PUT,exchange,deribit,tardis,crypto,2023-05-18T00:00:00.000Z,2023-06-10T00:00:00.000Z,options_chain,ETH,USD,ETH,ETH-9JUN23-800-P,eth-9jun23-800-p,True,800,PUT,2023-06-09T08:00:00Z,,,ETH-USD,,,,,,,
DERIBIT:OPTION:ETH-USD-230609-3400-CALL,DERIBIT,OPTION,ETH-USD-230609-3400-CALL,exchange,deribit,tardis,crypto,2023-05-18T00:00:00.000Z,2023-06-10T00:00:00.000Z,options_chain,ETH,USD,ETH,ETH-9JUN23-3400-C,eth-9jun23-3400-c,True,3400,CALL,2023-06-09T08:00:00Z,,,ETH-USD,,,,,,,
DERIBIT:OPTION:ETH-USD-230609-3000-CALL,DERIBIT,OPTION,ETH-USD-230609-3000-CALL,exchange,deribit,tardis,crypto,2023-05-18T00:00:00.000Z,2023-06-10T00:00:00.000Z,options_chain,ETH,USD,ETH,ETH-9JUN23-3000-C,eth-9jun23-3000-c,True,3000,CALL,2023-06-09T08:00:00Z,,,ETH-USD,,,,,,,
DERIBIT:OPTION:ETH-USD-230609-1750-CALL,DERIBIT,OPTION,ETH-USD-230609-1750-CALL,exchange,deribit,tardis,crypto,2023-05-18T00:00:00.000Z,2023-06-10T00:00:00.000Z,options_chain,ETH,USD,ETH,ETH-9JUN23-1750-C,eth-9jun23-1750-c,True,1750,CALL,2023-06-09T08:00:00Z,,,ETH-USD,,,,,,,
DERIBIT:OPTION:ETH-USD-230609-1900-PUT,DERIBIT,OPTION,ETH-USD-230609-1900-PUT,exchange,deribit,tardis,crypto,2023-05-18T00:00:00.000Z,2023-06-10T00:00:00.000Z,options_chain,ETH,USD,ETH,ETH-9JUN23-1900-P,eth-9jun23-1900-p,True,1900,PUT,2023-06-09T08:00:00Z,,,ETH-USD,,,,,,,
DERIBIT:OPTION:ETH-USD-230609-1700-CALL,DERIBIT,OPTION,ETH-USD-230609-1700-CALL,exchange,deribit,tardis,crypto,2023-05-18T00:00:00.000Z,2023-06-10T00:00:00.000Z,options_chain,ETH,USD,ETH,ETH-9JUN23-1700-C,eth-9jun23-1700-c,True,1700,CALL,2023-06-09T08:00:00Z,,,ETH-USD,,,,,,,
DERIBIT:OPTION:ETH-USD-230609-800-CALL,DERIBIT,OPTION,ETH-USD-230609-800-CALL,exchange,deribit,tardis,crypto,2023-05-18T00:00:00.000Z,2023-06-10T00:00:00.000Z,options_chain,ETH,USD,ETH,ETH-9JUN23-800-C,eth-9jun23-800-c,True,800,CALL,2023-06-09T08:00:00Z,,,ETH-USD,,,,,,,
DERIBIT:OPTION:ETH-USD-230609-1950-PUT,DERIBIT,OPTION,ETH-USD-230609-1950-PUT,exchange,deribit,tardis,crypto,2023-05-18T00:00:00.000Z,2023-06-10T00:00:00.000Z,options_chain,ETH,USD,ETH,ETH-9JUN23-1950-P,eth-9jun23-1950-p,True,1950,PUT,2023-06-09T08:00:00Z,,,ETH-USD,,,,,,,
DERIBIT:OPTION:ETH-USD-230609-2000-PUT,DERIBIT,OPTION,ETH-USD-230609-2000-PUT,exchange,deribit,tardis,crypto,2023-05-18T00:00:00.000Z,2023-06-10T00:00:00.000Z,options_chain,ETH,USD,ETH,ETH-9JUN23-2000-P,eth-9jun23-2000-p,True,2000,PUT,2023-06-09T08:00:00Z,,,ETH-USD,,,,,,,
DERIBIT:OPTION:ETH-USD-230609-900-CALL,DERIBIT,OPTION,ETH-USD-230609-900-CALL,exchange,deribit,tardis,crypto,2023-05-18T00:00:00.000Z,2023-06-09T00:00:00.000Z,options_chain,ETH,USD,ETH,ETH-9JUN23-900-C,eth-9jun23-900-c,True,900,CALL,2023-06-09T08:00:00Z,,,ETH-USD,,,,,,,
DERIBIT:OPTION:ETH-USD-230609-1550-CALL,DERIBIT,OPTION,ETH-USD-230609-1550-CALL,exchange,deribit,tardis,crypto,2023-05-18T00:00:00.000Z,2023-06-09T00:00:00.000Z,options_chain,ETH,USD,ETH,ETH-9JUN23-1550-C,eth-9jun23-1550-c,True,1550,CALL,2023-06-09T08:00:00Z,,,ETH-USD,,,,,,,
DERIBIT:OPTION:ETH-USD-230609-1650-CALL,DERIBIT,OPTION,ETH-USD-230609-1650-CALL,exchange,deribit,tardis,crypto,2023-05-18T00:00:00.000Z,2023-06-09T00:00:00.000Z,options_chain,ETH,USD,ETH,ETH-9JUN23-1650-C,eth-9jun23-1650-c,True,1650,CALL,2023-06-09T08:00:00Z,,,ETH-USD,,,,,,,
DERIBIT:OPTION:ETH-USD-230609-1500-CALL,DERIBIT,OPTION,ETH-USD-230609-1500-CALL,exchange,deribit,tardis,crypto,2023-05-18T00:00:00.000Z,2023-06-09T00:00:00.000Z,options_chain,ETH,USD,ETH,ETH-9JUN23-1500-C,eth-9jun23-1500-c,True,1500,CALL,2023-06-09T08:00:00Z,,,ETH-USD,,,,,,,
DERIBIT:OPTION:ETH-USD-230609-1600-CALL,DERIBIT,OPTION,ETH-USD-230609-1600-CALL,exchange,deribit,tardis,crypto,2023-05-18T00:00:00.000Z,2023-06-09T00:00:00.000Z,options_chain,ETH,USD,ETH,ETH-9JUN23-1600-C,eth-9jun23-1600-c,True,1600,CALL,2023-06-09T08:00:00Z,,,ETH-USD,,,,,,,
DERIBIT:OPTION:ETH-USD-230609-1300-CALL,DERIBIT,OPTION,ETH-USD-230609-1300-CALL,exchange,deribit,tardis,crypto,2023-05-18T00:00:00.000Z,2023-06-09T00:00:00.000Z,options_chain,ETH,USD,ETH,ETH-9JUN23-1300-C,eth-9jun23-1300-c,True,1300,CALL,2023-06-09T08:00:00Z,,,ETH-USD,,,,,,,
DERIBIT:OPTION:ETH-USD-230609-1450-CALL,DERIBIT,OPTION,ETH-USD-230609-1450-CALL,exchange,deribit,tardis,crypto,2023-05-18T00:00:00.000Z,2023-06-09T00:00:00.000Z,options_chain,ETH,USD,ETH,ETH-9JUN23-1450-C,eth-9jun23-1450-c,True,1450,CALL,2023-06-09T08:00:00Z,,,ETH-USD,,,,,,,
DERIBIT:OPTION:ETH-USD-230609-1350-CALL,DERIBIT,OPTION,ETH-USD-230609-1350-CALL,exchange,deribit,tardis,crypto,2023-05-18T00:00:00.000Z,2023-06-09T00:00:00.000Z,options_chain,ETH,USD,ETH,ETH-9JUN23-1350-C,eth-9jun23-1350-c,True,1350,CALL,2023-06-09T08:00:00Z,,,ETH-USD,,,,,,,
DERIBIT:OPTION:ETH-USD-230609-1200-CALL,DERIBIT,OPTION,ETH-USD-230609-1200-CALL,exchange,deribit,tardis,crypto,2023-05-18T00:00:00.000Z,2023-06-09T00:00:00.000Z,options_chain,ETH,USD,ETH,ETH-9JUN23-1200-C,eth-9jun23-1200-c,True,1200,CALL,2023-06-09T08:00:00Z,,,ETH-USD,,,,,,,
DERIBIT:OPTION:ETH-USD-230609-1000-CALL,DERIBIT,OPTION,ETH-USD-230609-1000-CALL,exchange,deribit,tardis,crypto,2023-05-18T00:00:00.000Z,2023-06-09T00:00:00.000Z,options_chain,ETH,USD,ETH,ETH-9JUN23-1000-C,eth-9jun23-1000-c,True,1000,CALL,2023-06-09T08:00:00Z,,,ETH-USD,,,,,,,
DERIBIT:OPTION:ETH-USD-230609-1400-CALL,DERIBIT,OPTION,ETH-USD-230609-1400-CALL,exchange,deribit,tardis,crypto,2023-05-18T00:00:00.000Z,2023-06-09T00:00:00.000Z,options_chain,ETH,USD,ETH,ETH-9JUN23-1400-C,eth-9jun23-1400-c,True,1400,CALL,2023-06-09T08:00:00Z,,,ETH-USD,,,,,,,
DERIBIT:OPTION:ETH-USD-230609-1100-CALL,DERIBIT,OPTION,ETH-USD-230609-1100-CALL,exchange,deribit,tardis,crypto,2023-05-18T00:00:00.000Z,2023-06-09T00:00:00.000Z,options_chain,ETH,USD,ETH,ETH-9JUN23-1100-C,eth-9jun23-1100-c,True,1100,CALL,2023-06-09T08:00:00Z,,,ETH-USD,,,,,,,
DERIBIT:OPTION:ETH-USD-230602-1800-CALL,DERIBIT,OPTION,ETH-USD-230602-1800-CALL,exchange,deribit,tardis,crypto,2023-05-11T00:00:00.000Z,2023-06-03T00:00:00.000Z,options_chain,ETH,USD,ETH,ETH-2JUN23-1800-C,eth-2jun23-1800-c,True,1800,CALL,2023-06-02T08:00:00Z,,,ETH-USD,,,,,,,
DERIBIT:OPTION:ETH-USD-230602-2800-CALL,DERIBIT,OPTION,ETH-USD-230602-2800-CALL,exchange,deribit,tardis,crypto,2023-05-11T00:00:00.000Z,2023-06-03T00:00:00.000Z,options_chain,ETH,USD,ETH,ETH-2JUN23-2800-C,eth-2jun23-2800-c,True,2800,CALL,2023-06-02T08:00:00Z,,,ETH-USD,,,,,,,
DERIBIT:OPTION:ETH-USD-230602-1650-PUT,DERIBIT,OPTION,ETH-USD-230602-1650-PUT,exchange,deribit,tardis,crypto,2023-05-11T00:00:00.000Z,2023-06-03T00:00:00.000Z,options_chain,ETH,USD,ETH,ETH-2JUN23-1650-P,eth-2jun23-1650-p,True,1650,PUT,2023-06-02T08:00:00Z,,,ETH-USD,,,,,,,
DERIBIT:OPTION:ETH-USD-230602-1950-CALL,DERIBIT,OPTION,ETH-USD-230602-1950-CALL,exchange,deribit,tardis,crypto,2023-05-11T00:00:00.000Z,2023-06-03T00:00:00.000Z,options_chain,ETH,USD,ETH,ETH-2JUN23-1950-C,eth-2jun23-1950-c,True,1950,CALL,2023-06-02T08:00:00Z,,,ETH-USD,,,,,,,
DERIBIT:OPTION:ETH-USD-230602-2000-CALL,DERIBIT,OPTION,ETH-USD-230602-2000-CALL,exchange,deribit,tardis,crypto,2023-05-11T00:00:00.000Z,2023-06-03T00:00:00.000Z,options_chain,ETH,USD,ETH,ETH-2JUN23-2000-C,eth-2jun23-2000-c,True,2000,CALL,2023-06-02T08:00:00Z,,,ETH-USD,,,,,,,
DERIBIT:OPTION:ETH-USD-230602-2100-CALL,DERIBIT,OPTION,ETH-USD-230602-2100-CALL,exchange,deribit,tardis,crypto,2023-05-11T00:00:00.000Z,2023-06-03T00:00:00.000Z,options_chain,ETH,USD,ETH,ETH-2JUN23-2100-C,eth-2jun23-2100-c,True,2100,CALL,2023-06-02T08:00:00Z,,,ETH-USD,,,,,,,
DERIBIT:OPTION:ETH-USD-230602-1900-CALL,DERIBIT,OPTION,ETH-USD-230602-1900-CALL,exchange,deribit,tardis,crypto,2023-05-11T00:00:00.000Z,2023-06-03T00:00:00.000Z,options_chain,ETH,USD,ETH,ETH-2JUN23-1900-C,eth-2jun23-1900-c,True,1900,CALL,2023-06-02T08:00:00Z,,,ETH-USD,,,,,,,
DERIBIT:OPTION:ETH-USD-230602-2300-CALL,DERIBIT,OPTION,ETH-USD-230602-2300-CALL,exchange,deribit,tardis,crypto,2023-05-11T00:00:00.000Z,2023-06-03T00:00:00.000Z,options_chain,ETH,USD,ETH,ETH-2JUN23-2300-C,eth-2jun23-2300-c,True,2300,CALL,2023-06-02T08:00:00Z,,,ETH-USD,,,,,,,
DERIBIT:OPTION:ETH-USD-230602-1750-PUT,DERIBIT,OPTION,ETH-USD-230602-1750-PUT,exchange,deribit,tardis,crypto,2023-05-11T00:00:00.000Z,2023-06-03T00:00:00.000Z,options_chain,ETH,USD,ETH,ETH-2JUN23-1750-P,eth-2jun23-1750-p,True,1750,PUT,2023-06-02T08:00:00Z,,,ETH-USD,,,,,,,
DERIBIT:OPTION:ETH-USD-230602-1600-PUT,DERIBIT,OPTION,ETH-USD-230602-1600-PUT,exchange,deribit,tardis,crypto,2023-05-11T00:00:00.000Z,2023-06-03T00:00:00.000Z,options_chain,ETH,USD,ETH,ETH-2JUN23-1600-P,eth-2jun23-1600-p,True,1600,PUT,2023-06-02T08:00:00Z,,,ETH-USD,,,,,,,
DERIBIT:OPTION:ETH-USD-230602-1500-PUT,DERIBIT,OPTION,ETH-USD-230602-1500-PUT,exchange,deribit,tardis,crypto,2023-05-11T00:00:00.000Z,2023-06-03T00:00:00.000Z,options_chain,ETH,USD,ETH,ETH-2JUN23-1500-P,eth-2jun23-1500-p,True,1500,PUT,2023-06-02T08:00:00Z,,,ETH-USD,,,,,,,
DERIBIT:OPTION:ETH-USD-230602-1800-PUT,DERIBIT,OPTION,ETH-USD-230602-1800-PUT,exchange,deribit,tardis,crypto,2023-05-11T00:00:00.000Z,2023-06-03T00:00:00.000Z,options_chain,ETH,USD,ETH,ETH-2JUN23-1800-P,eth-2jun23-1800-p,True,1800,PUT,2023-06-02T08:00:00Z,,,ETH-USD,,,,,,,
DERIBIT:OPTION:ETH-USD-230602-1850-PUT,DERIBIT,OPTION,ETH-USD-230602-1850-PUT,exchange,deribit,tardis,crypto,2023-05-11T00:00:00.000Z,2023-06-03T00:00:00.000Z,options_chain,ETH,USD,ETH,ETH-2JUN23-1850-P,eth-2jun23-1850-p,True,1850,PUT,2023-06-02T08:00:00Z,,,ETH-USD,,,,,,,
DERIBIT:OPTION:ETH-USD-230602-1850-CALL,DERIBIT,OPTION,ETH-USD-230602-1850-CALL,exchange,deribit,tardis,crypto,2023-05-11T00:00:00.000Z,2023-06-03T00:00:00.000Z,options_chain,ETH,USD,ETH,ETH-2JUN23-1850-C,eth-2jun23-1850-c,True,1850,CALL,2023-06-02T08:00:00Z,,,ETH-USD,,,,,,,
DERIBIT:OPTION:ETH-USD-230602-1550-PUT,DERIBIT,OPTION,ETH-USD-230602-1550-PUT,exchange,deribit,tardis,crypto,2023-05-11T00:00:00.000Z,2023-06-03T00:00:00.000Z,options_chain,ETH,USD,ETH,ETH-2JUN23-1550-P,eth-2jun23-1550-p,True,1550,PUT,2023-06-02T08:00:00Z,,,ETH-USD,,,,,,,
DERIBIT:OPTION:ETH-USD-230602-1700-CALL,DERIBIT,OPTION,ETH-USD-230602-1700-CALL,exchange,deribit,tardis,crypto,2023-05-11T00:00:00.000Z,2023-06-03T00:00:00.000Z,options_chain,ETH,USD,ETH,ETH-2JUN23-1700-C,eth-2jun23-1700-c,True,1700,CALL,2023-06-02T08:00:00Z,,,ETH-USD,,,,,,,
DERIBIT:OPTION:ETH-USD-230602-2200-CALL,DERIBIT,OPTION,ETH-USD-230602-2200-CALL,exchange,deribit,tardis,crypto,2023-05-11T00:00:00.000Z,2023-06-03T00:00:00.000Z,options_chain,ETH,USD,ETH,ETH-2JUN23-2200-C,eth-2jun23-2200-c,True,2200,CALL,2023-06-02T08:00:00Z,,,ETH-USD,,,,,,,
DERIBIT:OPTION:ETH-USD-230602-1700-PUT,DERIBIT,OPTION,ETH-USD-230602-1700-PUT,exchange,deribit,tardis,crypto,2023-05-11T00:00:00.000Z,2023-06-03T00:00:00.000Z,options_chain,ETH,USD,ETH,ETH-2JUN23-1700-P,eth-2jun23-1700-p,True,1700,PUT,2023-06-02T08:00:00Z,,,ETH-USD,,,,,,,
DERIBIT:OPTION:ETH-USD-230602-1750-CALL,DERIBIT,OPTION,ETH-USD-230602-1750-CALL,exchange,deribit,tardis,crypto,2023-05-11T00:00:00.000Z,2023-06-03T00:00:00.000Z,options_chain,ETH,USD,ETH,ETH-2JUN23-1750-C,eth-2jun23-1750-c,True,1750,CALL,2023-06-02T08:00:00Z,,,ETH-USD,,,,,,,
DERIBIT:OPTION:ETH-USD-230602-2400-CALL,DERIBIT,OPTION,ETH-USD-230602-2400-CALL,exchange,deribit,tardis,crypto,2023-05-11T00:00:00.000Z,2023-06-03T00:00:00.000Z,options_chain,ETH,USD,ETH,ETH-2JUN23-2400-C,eth-2jun23-2400-c,True,2400,CALL,2023-06-02T08:00:00Z,,,ETH-USD,,,,,,,
DERIBIT:OPTION:ETH-USD-230602-1350-PUT,DERIBIT,OPTION,ETH-USD-230602-1350-PUT,exchange,deribit,tardis,crypto,2023-05-11T00:00:00.000Z,2023-06-03T00:00:00.000Z,options_chain,ETH,USD,ETH,ETH-2JUN23-1350-P,eth-2jun23-1350-p,True,1350,PUT,2023-06-02T08:00:00Z,,,ETH-USD,,,,,,,
DERIBIT:OPTION:ETH-USD-230602-1400-PUT,DERIBIT,OPTION,ETH-USD-230602-1400-PUT,exchange,deribit,tardis,crypto,2023-05-11T00:00:00.000Z,2023-06-03T00:00:00.000Z,options_chain,ETH,USD,ETH,ETH-2JUN23-1400-P,eth-2jun23-1400-p,True,1400,PUT,2023-06-02T08:00:00Z,,,ETH-USD,,,,,,,
DERIBIT:OPTION:ETH-USD-230602-1450-PUT,DERIBIT,OPTION,ETH-USD-230602-1450-PUT,exchange,deribit,tardis,crypto,2023-05-11T00:00:00.000Z,2023-06-03T00:00:00.000Z,options_chain,ETH,USD,ETH,ETH-2JUN23-1450-P,eth-2jun23-1450-p,True,1450,PUT,2023-06-02T08:00:00Z,,,ETH-USD,,,,,,,
DERIBIT:OPTION:ETH-USD-230602-1300-PUT,DERIBIT,OPTION,ETH-USD-230602-1300-PUT,exchange,deribit,tardis,crypto,2023-05-11T00:00:00.000Z,2023-06-03T00:00:00.000Z,options_chain,ETH,USD,ETH,ETH-2JUN23-1300-P,eth-2jun23-1300-p,True,1300,PUT,2023-06-02T08:00:00Z,,,ETH-USD,,,,,,,
DERIBIT:OPTION:ETH-USD-230602-1100-PUT,DERIBIT,OPTION,ETH-USD-230602-1100-PUT,exchange,deribit,tardis,crypto,2023-05-11T00:00:00.000Z,2023-06-03T00:00:00.000Z,options_chain,ETH,USD,ETH,ETH-2JUN23-1100-P,eth-2jun23-1100-p,True,1100,PUT,2023-06-02T08:00:00Z,,,ETH-USD,,,,,,,
DERIBIT:OPTION:ETH-USD-230602-1200-PUT,DERIBIT,OPTION,ETH-USD-230602-1200-PUT,exchange,deribit,tardis,crypto,2023-05-11T00:00:00.000Z,2023-06-03T00:00:00.000Z,options_chain,ETH,USD,ETH,ETH-2JUN23-1200-P,eth-2jun23-1200-p,True,1200,PUT,2023-06-02T08:00:00Z,,,ETH-USD,,,,,,,
DERIBIT:OPTION:ETH-USD-230602-900-PUT,DERIBIT,OPTION,ETH-USD-230602-900-PUT,exchange,deribit,tardis,crypto,2023-05-11T00:00:00.000Z,2023-06-03T00:00:00.000Z,options_chain,ETH,USD,ETH,ETH-2JUN23-900-P,eth-2jun23-900-p,True,900,PUT,2023-06-02T08:00:00Z,,,ETH-USD,,,,,,,
DERIBIT:OPTION:ETH-USD-230602-3000-CALL,DERIBIT,OPTION,ETH-USD-230602-3000-CALL,exchange,deribit,tardis,crypto,2023-05-11T00:00:00.000Z,2023-06-03T00:00:00.000Z,options_chain,ETH,USD,ETH,ETH-2JUN23-3000-C,eth-2jun23-3000-c,True,3000,CALL,2023-06-02T08:00:00Z,,,ETH-USD,,,,,,,
DERIBIT:OPTION:ETH-USD-230602-2600-CALL,DERIBIT,OPTION,ETH-USD-230602-2600-CALL,exchange,deribit,tardis,crypto,2023-05-11T00:00:00.000Z,2023-06-03T00:00:00.000Z,options_chain,ETH,USD,ETH,ETH-2JUN23-2600-C,eth-2jun23-2600-c,True,2600,CALL,2023-06-02T08:00:00Z,,,ETH-USD,,,,,,,
DERIBIT:OPTION:ETH-USD-230602-1000-PUT,DERIBIT,OPTION,ETH-USD-230602-1000-PUT,exchange,deribit,tardis,crypto,2023-05-11T00:00:00.000Z,2023-06-03T00:00:00.000Z,options_chain,ETH,USD,ETH,ETH-2JUN23-1000-P,eth-2jun23-1000-p,True,1000,PUT,2023-06-02T08:00:00Z,,,ETH-USD,,,,,,,
DERIBIT:OPTION:ETH-USD-230602-800-PUT,DERIBIT,OPTION,ETH-USD-230602-800-PUT,exchange,deribit,tardis,crypto,2023-05-11T00:00:00.000Z,2023-06-03T00:00:00.000Z,options_chain,ETH,USD,ETH,ETH-2JUN23-800-P,eth-2jun23-800-p,True,800,PUT,2023-06-02T08:00:00Z,,,ETH-USD,,,,,,,
DERIBIT:OPTION:ETH-USD-230602-3200-CALL,DERIBIT,OPTION,ETH-USD-230602-3200-CALL,exchange,deribit,tardis,crypto,2023-05-11T00:00:00.000Z,2023-06-03T00:00:00.000Z,options_chain,ETH,USD,ETH,ETH-2JUN23-3200-C,eth-2jun23-3200-c,True,3200,CALL,2023-06-02T08:00:00Z,,,ETH-USD,,,,,,,
DERIBIT:OPTION:ETH-USD-230602-3400-CALL,DERIBIT,OPTION,ETH-USD-230602-3400-CALL,exchange,deribit,tardis,crypto,2023-05-11T00:00:00.000Z,2023-06-03T00:00:00.000Z,options_chain,ETH,USD,ETH,ETH-2JUN23-3400-C,eth-2jun23-3400-c,True,3400,CALL,2023-06-02T08:00:00Z,,,ETH-USD,,,,,,,
DERIBIT:OPTION:ETH-USD-230602-1650-CALL,DERIBIT,OPTION,ETH-USD-230602-1650-CALL,exchange,deribit,tardis,crypto,2023-05-11T00:00:00.000Z,2023-06-03T00:00:00.000Z,options_chain,ETH,USD,ETH,ETH-2JUN23-1650-C,eth-2jun23-1650-c,True,1650,CALL,2023-06-02T08:00:00Z,,,ETH-USD,,,,,,,
DERIBIT:OPTION:ETH-USD-230602-1900-PUT,DERIBIT,OPTION,ETH-USD-230602-1900-PUT,exchange,deribit,tardis,crypto,2023-05-11T00:00:00.000Z,2023-06-03T00:00:00.000Z,options_chain,ETH,USD,ETH,ETH-2JUN23-1900-P,eth-2jun23-1900-p,True,1900,PUT,2023-06-02T08:00:00Z,,,ETH-USD,,,,,,,
DERIBIT:OPTION:ETH-USD-230602-1950-PUT,DERIBIT,OPTION,ETH-USD-230602-1950-PUT,exchange,deribit,tardis,crypto,2023-05-11T00:00:00.000Z,2023-06-03T00:00:00.000Z,options_chain,ETH,USD,ETH,ETH-2JUN23-1950-P,eth-2jun23-1950-p,True,1950,PUT,2023-06-02T08:00:00Z,,,ETH-USD,,,,,,,
DERIBIT:OPTION:ETH-USD-230602-2000-PUT,DERIBIT,OPTION,ETH-USD-230602-2000-PUT,exchange,deribit,tardis,crypto,2023-05-11T00:00:00.000Z,2023-06-03T00:00:00.000Z,options_chain,ETH,USD,ETH,ETH-2JUN23-2000-P,eth-2jun23-2000-p,True,2000,PUT,2023-06-02T08:00:00Z,,,ETH-USD,,,,,,,
DERIBIT:OPTION:ETH-USD-230602-1500-CALL,DERIBIT,OPTION,ETH-USD-230602-1500-CALL,exchange,deribit,tardis,crypto,2023-05-11T00:00:00.000Z,2023-06-02T00:00:00.000Z,options_chain,ETH,USD,ETH,ETH-2JUN23-1500-C,eth-2jun23-1500-c,True,1500,CALL,2023-06-02T08:00:00Z,,,ETH-USD,,,,,,,
DERIBIT:OPTION:ETH-USD-230602-1600-CALL,DERIBIT,OPTION,ETH-USD-230602-1600-CALL,exchange,deribit,tardis,crypto,2023-05-11T00:00:00.000Z,2023-06-02T00:00:00.000Z,options_chain,ETH,USD,ETH,ETH-2JUN23-1600-C,eth-2jun23-1600-c,True,1600,CALL,2023-06-02T08:00:00Z,,,ETH-USD,,,,,,,
DERIBIT:OPTION:ETH-USD-230602-1550-CALL,DERIBIT,OPTION,ETH-USD-230602-1550-CALL,exchange,deribit,tardis,crypto,2023-05-11T00:00:00.000Z,2023-06-02T00:00:00.000Z,options_chain,ETH,USD,ETH,ETH-2JUN23-1550-C,eth-2jun23-1550-c,True,1550,CALL,2023-06-02T08:00:00Z,,,ETH-USD,,,,,,,
DERIBIT:OPTION:ETH-USD-230602-1450-CALL,DERIBIT,OPTION,ETH-USD-230602-1450-CALL,exchange,deribit,tardis,crypto,2023-05-11T00:00:00.000Z,2023-06-02T00:00:00.000Z,options_chain,ETH,USD,ETH,ETH-2JUN23-1450-C,eth-2jun23-1450-c,True,1450,CALL,2023-06-02T08:00:00Z,,,ETH-USD,,,,,,,
DERIBIT:OPTION:ETH-USD-230602-1350-CALL,DERIBIT,OPTION,ETH-USD-230602-1350-CALL,exchange,deribit,tardis,crypto,2023-05-11T00:00:00.000Z,2023-06-02T00:00:00.000Z,options_chain,ETH,USD,ETH,ETH-2JUN23-1350-C,eth-2jun23-1350-c,True,1350,CALL,2023-06-02T08:00:00Z,,,ETH-USD,,,,,,,
DERIBIT:OPTION:ETH-USD-230602-800-CALL,DERIBIT,OPTION,ETH-USD-230602-800-CALL,exchange,deribit,tardis,crypto,2023-05-11T00:00:00.000Z,2023-06-02T00:00:00.000Z,options_chain,ETH,USD,ETH,ETH-2JUN23-800-C,eth-2jun23-800-c,True,800,CALL,2023-06-02T08:00:00Z,,,ETH-USD,,,,,,,
DERIBIT:OPTION:ETH-USD-230602-1200-CALL,DERIBIT,OPTION,ETH-USD-230602-1200-CALL,exchange,deribit,tardis,crypto,2023-05-11T00:00:00.000Z,2023-06-02T00:00:00.000Z,options_chain,ETH,USD,ETH,ETH-2JUN23-1200-C,eth-2jun23-1200-c,True,1200,CALL,2023-06-02T08:00:00Z,,,ETH-USD,,,,,,,
DERIBIT:OPTION:ETH-USD-230602-1100-CALL,DERIBIT,OPTION,ETH-USD-230602-1100-CALL,exchange,deribit,tardis,crypto,2023-05-11T00:00:00.000Z,2023-06-02T00:00:00.000Z,options_chain,ETH,USD,ETH,ETH-2JUN23-1100-C,eth-2jun23-1100-c,True,1100,CALL,2023-06-02T08:00:00Z,,,ETH-USD,,,,,,,
DERIBIT:OPTION:ETH-USD-230602-1300-CALL,DERIBIT,OPTION,ETH-USD-230602-1300-CALL,exchange,deribit,tardis,crypto,2023-05-11T00:00:00.000Z,2023-06-02T00:00:00.000Z,options_chain,ETH,USD,ETH,ETH-2JUN23-1300-C,eth-2jun23-1300-c,True,1300,CALL,2023-06-02T08:00:00Z,,,ETH-USD,,,,,,,
DERIBIT:OPTION:ETH-USD-230602-1000-CALL,DERIBIT,OPTION,ETH-USD-230602-1000-CALL,exchange,deribit,tardis,crypto,2023-05-11T00:00:00.000Z,2023-06-02T00:00:00.000Z,options_chain,ETH,USD,ETH,ETH-2JUN23-1000-C,eth-2jun23-1000-c,True,1000,CALL,2023-06-02T08:00:00Z,,,ETH-USD,,,,,,,
DERIBIT:OPTION:ETH-USD-230602-900-CALL,DERIBIT,OPTION,ETH-USD-230602-900-CALL,exchange,deribit,tardis,crypto,2023-05-11T00:00:00.000Z,2023-06-02T00:00:00.000Z,options_chain,ETH,USD,ETH,ETH-2JUN23-900-C,eth-2jun23-900-c,True,900,CALL,2023-06-02T08:00:00Z,,,ETH-USD,,,,,,,
DERIBIT:OPTION:ETH-USD-230602-1400-CALL,DERIBIT,OPTION,ETH-USD-230602-1400-CALL,exchange,deribit,tardis,crypto,2023-05-12T00:00:00.000Z,2023-06-02T00:00:00.000Z,options_chain,ETH,USD,ETH,ETH-2JUN23-1400-C,eth-2jun23-1400-c,True,1400,CALL,2023-06-02T08:00:00Z,,,ETH-USD,,,,,,,
DERIBIT:OPTION:ETH-USD-230526-1400-PUT,DERIBIT,OPTION,ETH-USD-230526-1400-PUT,exchange,deribit,tardis,crypto,2023-02-23T00:00:00.000Z,2023-05-27T00:00:00.000Z,options_chain,ETH,USD,ETH,ETH-26MAY23-1400-P,eth-26may23-1400-p,True,1400,PUT,2023-05-26T08:00:00Z,,,ETH-USD,,,,,,,
DERIBIT:OPTION:ETH-USD-230526-1300-PUT,DERIBIT,OPTION,ETH-USD-230526-1300-PUT,exchange,deribit,tardis,crypto,2023-02-23T00:00:00.000Z,2023-05-27T00:00:00.000Z,options_chain,ETH,USD,ETH,ETH-26MAY23-1300-P,eth-26may23-1300-p,True,1300,PUT,2023-05-26T08:00:00Z,,,ETH-USD,,,,,,,
DERIBIT:OPTION:ETH-USD-230526-1000-PUT,DERIBIT,OPTION,ETH-USD-230526-1000-PUT,exchange,deribit,tardis,crypto,2023-02-23T00:00:00.000Z,2023-05-27T00:00:00.000Z,options_chain,ETH,USD,ETH,ETH-26MAY23-1000-P,eth-26may23-1000-p,True,1000,PUT,2023-05-26T08:00:00Z,,,ETH-USD,,,,,,,
DERIBIT:OPTION:ETH-USD-230526-2800-CALL,DERIBIT,OPTION,ETH-USD-230526-2800-CALL,exchange,deribit,tardis,crypto,2023-02-23T00:00:00.000Z,2023-05-27T00:00:00.000Z,options_chain,ETH,USD,ETH,ETH-26MAY23-2800-C,eth-26may23-2800-c,True,2800,CALL,2023-05-26T08:00:00Z,,,ETH-USD,,,,,,,
DERIBIT:OPTION:ETH-USD-230526-1700-CALL,DERIBIT,OPTION,ETH-USD-230526-1700-CALL,exchange,deribit,tardis,crypto,2023-02-23T00:00:00.000Z,2023-05-27T00:00:00.000Z,options_chain,ETH,USD,ETH,ETH-26MAY23-1700-C,eth-26may23-1700-c,True,1700,CALL,2023-05-26T08:00:00Z,,,ETH-USD,,,,,,,
DERIBIT:OPTION:ETH-USD-230526-1700-PUT,DERIBIT,OPTION,ETH-USD-230526-1700-PUT,exchange,deribit,tardis,crypto,2023-02-23T00:00:00.000Z,2023-05-27T00:00:00.000Z,options_chain,ETH,USD,ETH,ETH-26MAY23-1700-P,eth-26may23-1700-p,True,1700,PUT,2023-05-26T08:00:00Z,,,ETH-USD,,,,,,,
DERIBIT:OPTION:ETH-USD-230526-900-PUT,DERIBIT,OPTION,ETH-USD-230526-900-PUT,exchange,deribit,tardis,crypto,2023-02-23T00:00:00.000Z,2023-05-27T00:00:00.000Z,options_chain,ETH,USD,ETH,ETH-26MAY23-900-P,eth-26may23-900-p,True,900,PUT,2023-05-26T08:00:00Z,,,ETH-USD,,,,,,,
DERIBIT:OPTION:ETH-USD-230526-800-PUT,DERIBIT,OPTION,ETH-USD-230526-800-PUT,exchange,deribit,tardis,crypto,2023-02-23T00:00:00.000Z,2023-05-27T00:00:00.000Z,options_chain,ETH,USD,ETH,ETH-26MAY23-800-P,eth-26may23-800-p,True,800,PUT,2023-05-26T08:00:00Z,,,ETH-USD,,,,,,,
DERIBIT:OPTION:ETH-USD-230526-600-PUT,DERIBIT,OPTION,ETH-USD-230526-600-PUT,exchange,deribit,tardis,crypto,2023-02-23T00:00:00.000Z,2023-05-27T00:00:00.000Z,options_chain,ETH,USD,ETH,ETH-26MAY23-600-P,eth-26may23-600-p,True,600,PUT,2023-05-26T08:00:00Z,,,ETH-USD,,,,,,,
DERIBIT:OPTION:ETH-USD-230526-700-PUT,DERIBIT,OPTION,ETH-USD-230526-700-PUT,exchange,deribit,tardis,crypto,2023-02-23T00:00:00.000Z,2023-05-27T00:00:00.000Z,options_chain,ETH,USD,ETH,ETH-26MAY23-700-P,eth-26may23-700-p,True,700,PUT,2023-05-26T08:00:00Z,,,ETH-USD,,,,,,,
DERIBIT:OPTION:ETH-USD-230526-2500-CALL,DERIBIT,OPTION,ETH-USD-230526-2500-CALL,exchange,deribit,tardis,crypto,2023-02-23T00:00:00.000Z,2023-05-27T00:00:00.000Z,options_chain,ETH,USD,ETH,ETH-26MAY23-2500-C,eth-26may23-2500-c,True,2500,CALL,2023-05-26T08:00:00Z,,,ETH-USD,,,,,,,
DERIBIT:OPTION:ETH-USD-230526-1100-PUT,DERIBIT,OPTION,ETH-USD-230526-1100-PUT,exchange,deribit,tardis,crypto,2023-02-23T00:00:00.000Z,2023-05-27T00:00:00.000Z,options_chain,ETH,USD,ETH,ETH-26MAY23-1100-P,eth-26may23-1100-p,True,1100,PUT,2023-05-26T08:00:00Z,,,ETH-USD,,,,,,,
DERIBIT:OPTION:ETH-USD-230526-1200-PUT,DERIBIT,OPTION,ETH-USD-230526-1200-PUT,exchange,deribit,tardis,crypto,2023-02-23T00:00:00.000Z,2023-05-27T00:00:00.000Z,options_chain,ETH,USD,ETH,ETH-26MAY23-1200-P,eth-26may23-1200-p,True,1200,PUT,2023-05-26T08:00:00Z,,,ETH-USD,,,,,,,
DERIBIT:OPTION:ETH-USD-230526-3400-CALL,DERIBIT,OPTION,ETH-USD-230526-3400-CALL,exchange,deribit,tardis,crypto,2023-02-23T00:00:00.000Z,2023-05-27T00:00:00.000Z,options_chain,ETH,USD,ETH,ETH-26MAY23-3400-C,eth-26may23-3400-c,True,3400,CALL,2023-05-26T08:00:00Z,,,ETH-USD,,,,,,,
DERIBIT:OPTION:ETH-USD-230526-1600-PUT,DERIBIT,OPTION,ETH-USD-230526-1600-PUT,exchange,deribit,tardis,crypto,2023-02-23T00:00:00.000Z,2023-05-27T00:00:00.000Z,options_chain,ETH,USD,ETH,ETH-26MAY23-1600-P,eth-26may23-1600-p,True,1600,PUT,2023-05-26T08:00:00Z,,,ETH-USD,,,,,,,
DERIBIT:OPTION:ETH-USD-230526-1500-PUT,DERIBIT,OPTION,ETH-USD-230526-1500-PUT,exchange,deribit,tardis,crypto,2023-02-23T00:00:00.000Z,2023-05-27T00:00:00.000Z,options_chain,ETH,USD,ETH,ETH-26MAY23-1500-P,eth-26may23-1500-p,True,1500,PUT,2023-05-26T08:00:00Z,,,ETH-USD,,,,,,,
DERIBIT:OPTION:ETH-USD-230526-1900-CALL,DERIBIT,OPTION,ETH-USD-230526-1900-CALL,exchange,deribit,tardis,crypto,2023-02-23T00:00:00.000Z,2023-05-27T00:00:00.000Z,options_chain,ETH,USD,ETH,ETH-26MAY23-1900-C,eth-26may23-1900-c,True,1900,CALL,2023-05-26T08:00:00Z,,,ETH-USD,,,,,,,
DERIBIT:OPTION:ETH-USD-230526-2000-CALL,DERIBIT,OPTION,ETH-USD-230526-2000-CALL,exchange,deribit,tardis,crypto,2023-02-23T00:00:00.000Z,2023-05-27T00:00:00.000Z,options_chain,ETH,USD,ETH,ETH-26MAY23-2000-C,eth-26may23-2000-c,True,2000,CALL,2023-05-26T08:00:00Z,,,ETH-USD,,,,,,,
DERIBIT:OPTION:ETH-USD-230526-2100-CALL,DERIBIT,OPTION,ETH-USD-230526-2100-CALL,exchange,deribit,tardis,crypto,2023-02-23T00:00:00.000Z,2023-05-27T00:00:00.000Z,options_chain,ETH,USD,ETH,ETH-26MAY23-2100-C,eth-26may23-2100-c,True,2100,CALL,2023-05-26T08:00:00Z,,,ETH-USD,,,,,,,
DERIBIT:OPTION:ETH-USD-230526-2300-CALL,DERIBIT,OPTION,ETH-USD-230526-2300-CALL,exchange,deribit,tardis,crypto,2023-02-23T00:00:00.000Z,2023-05-27T00:00:00.000Z,options_chain,ETH,USD,ETH,ETH-26MAY23-2300-C,eth-26may23-2300-c,True,2300,CALL,2023-05-26T08:00:00Z,,,ETH-USD,,,,,,,
DERIBIT:OPTION:ETH-USD-230526-3000-CALL,DERIBIT,OPTION,ETH-USD-230526-3000-CALL,exchange,deribit,tardis,crypto,2023-02-23T00:00:00.000Z,2023-05-27T00:00:00.000Z,options_chain,ETH,USD,ETH,ETH-26MAY23-3000-C,eth-26may23-3000-c,True,3000,CALL,2023-05-26T08:00:00Z,,,ETH-USD,,,,,,,
DERIBIT:OPTION:ETH-USD-230526-3200-CALL,DERIBIT,OPTION,ETH-USD-230526-3200-CALL,exchange,deribit,tardis,crypto,2023-02-23T00:00:00.000Z,2023-05-27T00:00:00.000Z,options_chain,ETH,USD,ETH,ETH-26MAY23-3200-C,eth-26may23-3200-c,True,3200,CALL,2023-05-26T08:00:00Z,,,ETH-USD,,,,,,,
DERIBIT:OPTION:ETH-USD-230526-2600-CALL,DERIBIT,OPTION,ETH-USD-230526-2600-CALL,exchange,deribit,tardis,crypto,2023-02-23T00:00:00.000Z,2023-05-27T00:00:00.000Z,options_chain,ETH,USD,ETH,ETH-26MAY23-2600-C,eth-26may23-2600-c,True,2600,CALL,2023-05-26T08:00:00Z,,,ETH-USD,,,,,,,
DERIBIT:OPTION:ETH-USD-230526-2400-CALL,DERIBIT,OPTION,ETH-USD-230526-2400-CALL,exchange,deribit,tardis,crypto,2023-02-23T00:00:00.000Z,2023-05-27T00:00:00.000Z,options_chain,ETH,USD,ETH,ETH-26MAY23-2400-C,eth-26may23-2400-c,True,2400,CALL,2023-05-26T08:00:00Z,,,ETH-USD,,,,,,,
DERIBIT:OPTION:ETH-USD-230526-2200-CALL,DERIBIT,OPTION,ETH-USD-230526-2200-CALL,exchange,deribit,tardis,crypto,2023-02-23T00:00:00.000Z,2023-05-27T00:00:00.000Z,options_chain,ETH,USD,ETH,ETH-26MAY23-2200-C,eth-26may23-2200-c,True,2200,CALL,2023-05-26T08:00:00Z,,,ETH-USD,,,,,,,
DERIBIT:OPTION:ETH-USD-230526-3600-CALL,DERIBIT,OPTION,ETH-USD-230526-3600-CALL,exchange,deribit,tardis,crypto,2023-02-23T00:00:00.000Z,2023-05-27T00:00:00.000Z,options_chain,ETH,USD,ETH,ETH-26MAY23-3600-C,eth-26may23-3600-c,True,3600,CALL,2023-05-26T08:00:00Z,,,ETH-USD,,,,,,,
DERIBIT:OPTION:ETH-USD-230526-1800-CALL,DERIBIT,OPTION,ETH-USD-230526-1800-CALL,exchange,deribit,tardis,crypto,2023-02-23T00:00:00.000Z,2023-05-27T00:00:00.000Z,options_chain,ETH,USD,ETH,ETH-26MAY23-1800-C,eth-26may23-1800-c,True,1800,CALL,2023-05-26T08:00:00Z,,,ETH-USD,,,,,,,
DERIBIT:OPTION:ETH-USD-230526-1800-PUT,DERIBIT,OPTION,ETH-USD-230526-1800-PUT,exchange,deribit,tardis,crypto,2023-02-23T00:00:00.000Z,2023-05-27T00:00:00.000Z,options_chain,ETH,USD,ETH,ETH-26MAY23-1800-P,eth-26may23-1800-p,True,1800,PUT,2023-05-26T08:00:00Z,,,ETH-USD,,,,,,,
DERIBIT:OPTION:ETH-USD-230526-1900-PUT,DERIBIT,OPTION,ETH-USD-230526-1900-PUT,exchange,deribit,tardis,crypto,2023-02-23T00:00:00.000Z,2023-05-27T00:00:00.000Z,options_chain,ETH,USD,ETH,ETH-26MAY23-1900-P,eth-26may23-1900-p,True,1900,PUT,2023-05-26T08:00:00Z,,,ETH-USD,,,,,,,
DERIBIT:OPTION:ETH-USD-230526-1600-CALL,DERIBIT,OPTION,ETH-USD-230526-1600-CALL,exchange,deribit,tardis,crypto,2023-02-23T00:00:00.000Z,2023-05-27T00:00:00.000Z,options_chain,ETH,USD,ETH,ETH-26MAY23-1600-C,eth-26may23-1600-c,True,1600,CALL,2023-05-26T08:00:00Z,,,ETH-USD,,,,,,,
DERIBIT:OPTION:ETH-USD-230526-2000-PUT,DERIBIT,OPTION,ETH-USD-230526-2000-PUT,exchange,deribit,tardis,crypto,2023-02-23T00:00:00.000Z,2023-05-27T00:00:00.000Z,options_chain,ETH,USD,ETH,ETH-26MAY23-2000-P,eth-26may23-2000-p,True,2000,PUT,2023-05-26T08:00:00Z,,,ETH-USD,,,,,,,
DERIBIT:OPTION:ETH-USD-230526-1300-CALL,DERIBIT,OPTION,ETH-USD-230526-1300-CALL,exchange,deribit,tardis,crypto,2023-02-23T00:00:00.000Z,2023-05-27T00:00:00.000Z,options_chain,ETH,USD,ETH,ETH-26MAY23-1300-C,eth-26may23-1300-c,True,1300,CALL,2023-05-26T08:00:00Z,,,ETH-USD,,,,,,,
DERIBIT:OPTION:ETH-USD-230526-1400-CALL,DERIBIT,OPTION,ETH-USD-230526-1400-CALL,exchange,deribit,tardis,crypto,2023-02-23T00:00:00.000Z,2023-05-27T00:00:00.000Z,options_chain,ETH,USD,ETH,ETH-26MAY23-1400-C,eth-26may23-1400-c,True,1400,CALL,2023-05-26T08:00:00Z,,,ETH-USD,,,,,,,
DERIBIT:OPTION:ETH-USD-230526-2600-PUT,DERIBIT,OPTION,ETH-USD-230526-2600-PUT,exchange,deribit,tardis,crypto,2023-02-23T00:00:00.000Z,2023-05-27T00:00:00.000Z,options_chain,ETH,USD,ETH,ETH-26MAY23-2600-P,eth-26may23-2600-p,True,2600,PUT,2023-05-26T08:00:00Z,,,ETH-USD,,,,,,,
DERIBIT:OPTION:ETH-USD-230526-2400-PUT,DERIBIT,OPTION,ETH-USD-230526-2400-PUT,exchange,deribit,tardis,crypto,2023-02-23T00:00:00.000Z,2023-05-27T00:00:00.000Z,options_chain,ETH,USD,ETH,ETH-26MAY23-2400-P,eth-26may23-2400-p,True,2400,PUT,2023-05-26T08:00:00Z,,,ETH-USD,,,,,,,
DERIBIT:OPTION:ETH-USD-230526-2200-PUT,DERIBIT,OPTION,ETH-USD-230526-2200-PUT,exchange,deribit,tardis,crypto,2023-02-23T00:00:00.000Z,2023-05-27T00:00:00.000Z,options_chain,ETH,USD,ETH,ETH-26MAY23-2200-P,eth-26may23-2200-p,True,2200,PUT,2023-05-26T08:00:00Z,,,ETH-USD,,,,,,,
DERIBIT:OPTION:ETH-USD-230526-2100-PUT,DERIBIT,OPTION,ETH-USD-230526-2100-PUT,exchange,deribit,tardis,crypto,2023-02-23T00:00:00.000Z,2023-05-27T00:00:00.000Z,options_chain,ETH,USD,ETH,ETH-26MAY23-2100-P,eth-26may23-2100-p,True,2100,PUT,2023-05-26T08:00:00Z,,,ETH-USD,,,,,,,
DERIBIT:OPTION:ETH-USD-230526-2300-PUT,DERIBIT,OPTION,ETH-USD-230526-2300-PUT,exchange,deribit,tardis,crypto,2023-02-23T00:00:00.000Z,2023-05-27T00:00:00.000Z,options_chain,ETH,USD,ETH,ETH-26MAY23-2300-P,eth-26may23-2300-p,True,2300,PUT,2023-05-26T08:00:00Z,,,ETH-USD,,,,,,,
DERIBIT:OPTION:ETH-USD-230526-2500-PUT,DERIBIT,OPTION,ETH-USD-230526-2500-PUT,exchange,deribit,tardis,crypto,2023-02-23T00:00:00.000Z,2023-05-27T00:00:00.000Z,options_chain,ETH,USD,ETH,ETH-26MAY23-2500-P,eth-26may23-2500-p,True,2500,PUT,2023-05-26T08:00:00Z,,,ETH-USD,,,,,,,
DERIBIT:OPTION:ETH-USD-230526-1500-CALL,DERIBIT,OPTION,ETH-USD-230526-1500-CALL,exchange,deribit,tardis,crypto,2023-02-23T00:00:00.000Z,2023-05-27T00:00:00.000Z,options_chain,ETH,USD,ETH,ETH-26MAY23-1500-C,eth-26may23-1500-c,True,1500,CALL,2023-05-26T08:00:00Z,,,ETH-USD,,,,,,,
DERIBIT:OPTION:ETH-USD-230526-2700-CALL,DERIBIT,OPTION,ETH-USD-230526-2700-CALL,exchange,deribit,tardis,crypto,2023-03-14T00:00:00.000Z,2023-05-27T00:00:00.000Z,options_chain,ETH,USD,ETH,ETH-26MAY23-2700-C,eth-26may23-2700-c,True,2700,CALL,2023-05-26T08:00:00Z,,,ETH-USD,,,,,,,
DERIBIT:OPTION:ETH-USD-230526-2700-PUT,DERIBIT,OPTION,ETH-USD-230526-2700-PUT,exchange,deribit,tardis,crypto,2023-03-15T00:00:00.000Z,2023-05-27T00:00:00.000Z,options_chain,ETH,USD,ETH,ETH-26MAY23-2700-P,eth-26may23-2700-p,True,2700,PUT,2023-05-26T08:00:00Z,,,ETH-USD,,,,,,,
DERIBIT:OPTION:ETH-USD-230526-3800-CALL,DERIBIT,OPTION,ETH-USD-230526-3800-CALL,exchange,deribit,tardis,crypto,2023-04-14T00:00:00.000Z,2023-05-27T00:00:00.000Z,options_chain,ETH,USD,ETH,ETH-26MAY23-3800-C,eth-26may23-3800-c,True,3800,CALL,2023-05-26T08:00:00Z,,,ETH-USD,,,,,,,
DERIBIT:OPTION:ETH-USD-230526-2900-CALL,DERIBIT,OPTION,ETH-USD-230526-2900-CALL,exchange,deribit,tardis,crypto,2023-04-14T00:00:00.000Z,2023-05-27T00:00:00.000Z,options_chain,ETH,USD,ETH,ETH-26MAY23-2900-C,eth-26may23-2900-c,True,2900,CALL,2023-05-26T08:00:00Z,,,ETH-USD,,,,,,,
DERIBIT:OPTION:ETH-USD-230526-3800-PUT,DERIBIT,OPTION,ETH-USD-230526-3800-PUT,exchange,deribit,tardis,crypto,2023-04-17T00:00:00.000Z,2023-05-27T00:00:00.000Z,options_chain,ETH,USD,ETH,ETH-26MAY23-3800-P,eth-26may23-3800-p,True,3800,PUT,2023-05-26T08:00:00Z,,,ETH-USD,,,,,,,
DERIBIT:OPTION:ETH-USD-230526-1750-PUT,DERIBIT,OPTION,ETH-USD-230526-1750-PUT,exchange,deribit,tardis,crypto,2023-04-26T00:00:00.000Z,2023-05-27T00:00:00.000Z,options_chain,ETH,USD,ETH,ETH-26MAY23-1750-P,eth-26may23-1750-p,True,1750,PUT,2023-05-26T08:00:00Z,,,ETH-USD,,,,,,,
DERIBIT:OPTION:ETH-USD-230526-1950-PUT,DERIBIT,OPTION,ETH-USD-230526-1950-PUT,exchange,deribit,tardis,crypto,2023-04-26T00:00:00.000Z,2023-05-27T00:00:00.000Z,options_chain,ETH,USD,ETH,ETH-26MAY23-1950-P,eth-26may23-1950-p,True,1950,PUT,2023-05-26T08:00:00Z,,,ETH-USD,,,,,,,
DERIBIT:OPTION:ETH-USD-230526-1950-CALL,DERIBIT,OPTION,ETH-USD-230526-1950-CALL,exchange,deribit,tardis,crypto,2023-04-26T00:00:00.000Z,2023-05-27T00:00:00.000Z,options_chain,ETH,USD,ETH,ETH-26MAY23-1950-C,eth-26may23-1950-c,True,1950,CALL,2023-05-26T08:00:00Z,,,ETH-USD,,,,,,,
DERIBIT:OPTION:ETH-USD-230526-1850-PUT,DERIBIT,OPTION,ETH-USD-230526-1850-PUT,exchange,deribit,tardis,crypto,2023-04-26T00:00:00.000Z,2023-05-27T00:00:00.000Z,options_chain,ETH,USD,ETH,ETH-26MAY23-1850-P,eth-26may23-1850-p,True,1850,PUT,2023-05-26T08:00:00Z,,,ETH-USD,,,,,,,
DERIBIT:OPTION:ETH-USD-230526-2050-CALL,DERIBIT,OPTION,ETH-USD-230526-2050-CALL,exchange,deribit,tardis,crypto,2023-04-26T00:00:00.000Z,2023-05-27T00:00:00.000Z,options_chain,ETH,USD,ETH,ETH-26MAY23-2050-C,eth-26may23-2050-c,True,2050,CALL,2023-05-26T08:00:00Z,,,ETH-USD,,,,,,,
DERIBIT:OPTION:ETH-USD-230526-1850-CALL,DERIBIT,OPTION,ETH-USD-230526-1850-CALL,exchange,deribit,tardis,crypto,2023-04-26T00:00:00.000Z,2023-05-27T00:00:00.000Z,options_chain,ETH,USD,ETH,ETH-26MAY23-1850-C,eth-26may23-1850-c,True,1850,CALL,2023-05-26T08:00:00Z,,,ETH-USD,,,,,,,
DERIBIT:OPTION:ETH-USD-230526-1750-CALL,DERIBIT,OPTION,ETH-USD-230526-1750-CALL,exchange,deribit,tardis,crypto,2023-04-26T00:00:00.000Z,2023-05-27T00:00:00.000Z,options_chain,ETH,USD,ETH,ETH-26MAY23-1750-C,eth-26may23-1750-c,True,1750,CALL,2023-05-26T08:00:00Z,,,ETH-USD,,,,,,,
DERIBIT:OPTION:ETH-USD-230526-2050-PUT,DERIBIT,OPTION,ETH-USD-230526-2050-PUT,exchange,deribit,tardis,crypto,2023-04-26T00:00:00.000Z,2023-05-27T00:00:00.000Z,options_chain,ETH,USD,ETH,ETH-26MAY23-2050-P,eth-26may23-2050-p,True,2050,PUT,2023-05-26T08:00:00Z,,,ETH-USD,,,,,,,
DERIBIT:OPTION:ETH-USD-230526-1650-PUT,DERIBIT,OPTION,ETH-USD-230526-1650-PUT,exchange,deribit,tardis,crypto,2023-04-26T00:00:00.000Z,2023-05-27T00:00:00.000Z,options_chain,ETH,USD,ETH,ETH-26MAY23-1650-P,eth-26may23-1650-p,True,1650,PUT,2023-05-26T08:00:00Z,,,ETH-USD,,,,,,,
DERIBIT:OPTION:ETH-USD-230526-1650-CALL,DERIBIT,OPTION,ETH-USD-230526-1650-CALL,exchange,deribit,tardis,crypto,2023-04-27T00:00:00.000Z,2023-05-27T00:00:00.000Z,options_chain,ETH,USD,ETH,ETH-26MAY23-1650-C,eth-26may23-1650-c,True,1650,CALL,2023-05-26T08:00:00Z,,,ETH-USD,,,,,,,
DERIBIT:OPTION:ETH-USD-230526-800-CALL,DERIBIT,OPTION,ETH-USD-230526-800-CALL,exchange,deribit,tardis,crypto,2023-02-23T00:00:00.000Z,2023-05-26T00:00:00.000Z,options_chain,ETH,USD,ETH,ETH-26MAY23-800-C,eth-26may23-800-c,True,800,CALL,2023-05-26T08:00:00Z,,,ETH-USD,,,,,,,
DERIBIT:OPTION:ETH-USD-230526-700-CALL,DERIBIT,OPTION,ETH-USD-230526-700-CALL,exchange,deribit,tardis,crypto,2023-02-23T00:00:00.000Z,2023-05-26T00:00:00.000Z,options_chain,ETH,USD,ETH,ETH-26MAY23-700-C,eth-26may23-700-c,True,700,CALL,2023-05-26T08:00:00Z,,,ETH-USD,,,,,,,
DERIBIT:OPTION:ETH-USD-230526-900-CALL,DERIBIT,OPTION,ETH-USD-230526-900-CALL,exchange,deribit,tardis,crypto,2023-02-23T00:00:00.000Z,2023-05-26T00:00:00.000Z,options_chain,ETH,USD,ETH,ETH-26MAY23-900-C,eth-26may23-900-c,True,900,CALL,2023-05-26T08:00:00Z,,,ETH-USD,,,,,,,
DERIBIT:OPTION:ETH-USD-230526-1000-CALL,DERIBIT,OPTION,ETH-USD-230526-1000-CALL,exchange,deribit,tardis,crypto,2023-02-23T00:00:00.000Z,2023-05-26T00:00:00.000Z,options_chain,ETH,USD,ETH,ETH-26MAY23-1000-C,eth-26may23-1000-c,True,1000,CALL,2023-05-26T08:00:00Z,,,ETH-USD,,,,,,,
DERIBIT:OPTION:ETH-USD-230526-600-CALL,DERIBIT,OPTION,ETH-USD-230526-600-CALL,exchange,deribit,tardis,crypto,2023-02-23T00:00:00.000Z,2023-05-26T00:00:00.000Z,options_chain,ETH,USD,ETH,ETH-26MAY23-600-C,eth-26may23-600-c,True,600,CALL,2023-05-26T08:00:00Z,,,ETH-USD,,,,,,,
DERIBIT:OPTION:ETH-USD-230526-1200-CALL,DERIBIT,OPTION,ETH-USD-230526-1200-CALL,exchange,deribit,tardis,crypto,2023-02-23T00:00:00.000Z,2023-05-26T00:00:00.000Z,options_chain,ETH,USD,ETH,ETH-26MAY23-1200-C,eth-26may23-1200-c,True,1200,CALL,2023-05-26T08:00:00Z,,,ETH-USD,,,,,,,
DERIBIT:OPTION:ETH-USD-230526-1100-CALL,DERIBIT,OPTION,ETH-USD-230526-1100-CALL,exchange,deribit,tardis,crypto,2023-02-24T00:00:00.000Z,2023-05-26T00:00:00.000Z,options_chain,ETH,USD,ETH,ETH-26MAY23-1100-C,eth-26may23-1100-c,True,1100,CALL,2023-05-26T08:00:00Z,,,ETH-USD,,,,,,,
DERIBIT:OPTION:ETH-USD-230526-3600-PUT,DERIBIT,OPTION,ETH-USD-230526-3600-PUT,exchange,deribit,tardis,crypto,2023-04-17T00:00:00.000Z,2023-05-26T00:00:00.000Z,options_chain,ETH,USD,ETH,ETH-26MAY23-3600-P,eth-26may23-3600-p,True,3600,PUT,2023-05-26T08:00:00Z,,,ETH-USD,,,,,,,
DERIBIT:OPTION:ETH-USD-230525-1900-CALL,DERIBIT,OPTION,ETH-USD-230525-1900-CALL,exchange,deribit,tardis,crypto,2023-05-22T00:00:00.000Z,2023-05-26T00:00:00.000Z,options_chain,ETH,USD,ETH,ETH-25MAY23-1900-C,eth-25may23-1900-c,True,1900,CALL,2023-05-25T08:00:00Z,,,ETH-USD,,,,,,,
DERIBIT:OPTION:ETH-USD-230525-1750-PUT,DERIBIT,OPTION,ETH-USD-230525-1750-PUT,exchange,deribit,tardis,crypto,2023-05-22T00:00:00.000Z,2023-05-26T00:00:00.000Z,options_chain,ETH,USD,ETH,ETH-25MAY23-1750-P,eth-25may23-1750-p,True,1750,PUT,2023-05-25T08:00:00Z,,,ETH-USD,,,,,,,
DERIBIT:OPTION:ETH-USD-230525-1950-CALL,DERIBIT,OPTION,ETH-USD-230525-1950-CALL,exchange,deribit,tardis,crypto,2023-05-22T00:00:00.000Z,2023-05-26T00:00:00.000Z,options_chain,ETH,USD,ETH,ETH-25MAY23-1950-C,eth-25may23-1950-c,True,1950,CALL,2023-05-25T08:00:00Z,,,ETH-USD,,,,,,,
DERIBIT:OPTION:ETH-USD-230525-1850-CALL,DERIBIT,OPTION,ETH-USD-230525-1850-CALL,exchange,deribit,tardis,crypto,2023-05-22T00:00:00.000Z,2023-05-26T00:00:00.000Z,options_chain,ETH,USD,ETH,ETH-25MAY23-1850-C,eth-25may23-1850-c,True,1850,CALL,2023-05-25T08:00:00Z,,,ETH-USD,,,,,,,
DERIBIT:OPTION:ETH-USD-230525-1700-PUT,DERIBIT,OPTION,ETH-USD-230525-1700-PUT,exchange,deribit,tardis,crypto,2023-05-22T00:00:00.000Z,2023-05-26T00:00:00.000Z,options_chain,ETH,USD,ETH,ETH-25MAY23-1700-P,eth-25may23-1700-p,True,1700,PUT,2023-05-25T08:00:00Z,,,ETH-USD,,,,,,,
DERIBIT:OPTION:ETH-USD-230525-1775-PUT,DERIBIT,OPTION,ETH-USD-230525-1775-PUT,exchange,deribit,tardis,crypto,2023-05-22T00:00:00.000Z,2023-05-26T00:00:00.000Z,options_chain,ETH,USD,ETH,ETH-25MAY23-1775-P,eth-25may23-1775-p,True,1775,PUT,2023-05-25T08:00:00Z,,,ETH-USD,,,,,,,
DERIBIT:OPTION:ETH-USD-230525-1650-PUT,DERIBIT,OPTION,ETH-USD-230525-1650-PUT,exchange,deribit,tardis,crypto,2023-05-22T00:00:00.000Z,2023-05-26T00:00:00.000Z,options_chain,ETH,USD,ETH,ETH-25MAY23-1650-P,eth-25may23-1650-p,True,1650,PUT,2023-05-25T08:00:00Z,,,ETH-USD,,,,,,,
DERIBIT:OPTION:ETH-USD-230525-1825-CALL,DERIBIT,OPTION,ETH-USD-230525-1825-CALL,exchange,deribit,tardis,crypto,2023-05-22T00:00:00.000Z,2023-05-26T00:00:00.000Z,options_chain,ETH,USD,ETH,ETH-25MAY23-1825-C,eth-25may23-1825-c,True,1825,CALL,2023-05-25T08:00:00Z,,,ETH-USD,,,,,,,
DERIBIT:OPTION:ETH-USD-230525-1800-PUT,DERIBIT,OPTION,ETH-USD-230525-1800-PUT,exchange,deribit,tardis,crypto,2023-05-22T00:00:00.000Z,2023-05-26T00:00:00.000Z,options_chain,ETH,USD,ETH,ETH-25MAY23-1800-P,eth-25may23-1800-p,True,1800,PUT,2023-05-25T08:00:00Z,,,ETH-USD,,,,,,,
DERIBIT:OPTION:ETH-USD-230525-1800-CALL,DERIBIT,OPTION,ETH-USD-230525-1800-CALL,exchange,deribit,tardis,crypto,2023-05-22T00:00:00.000Z,2023-05-26T00:00:00.000Z,options_chain,ETH,USD,ETH,ETH-25MAY23-1800-C,eth-25may23-1800-c,True,1800,CALL,2023-05-25T08:00:00Z,,,ETH-USD,,,,,,,
DERIBIT:OPTION:ETH-USD-230525-2000-CALL,DERIBIT,OPTION,ETH-USD-230525-2000-CALL,exchange,deribit,tardis,crypto,2023-05-22T00:00:00.000Z,2023-05-26T00:00:00.000Z,options_chain,ETH,USD,ETH,ETH-25MAY23-2000-C,eth-25may23-2000-c,True,2000,CALL,2023-05-25T08:00:00Z,,,ETH-USD,,,,,,,
DERIBIT:OPTION:ETH-USD-230525-1825-PUT,DERIBIT,OPTION,ETH-USD-230525-1825-PUT,exchange,deribit,tardis,crypto,2023-05-22T00:00:00.000Z,2023-05-26T00:00:00.000Z,options_chain,ETH,USD,ETH,ETH-25MAY23-1825-P,eth-25may23-1825-p,True,1825,PUT,2023-05-25T08:00:00Z,,,ETH-USD,,,,,,,
DERIBIT:OPTION:ETH-USD-230525-1875-CALL,DERIBIT,OPTION,ETH-USD-230525-1875-CALL,exchange,deribit,tardis,crypto,2023-05-22T00:00:00.000Z,2023-05-26T00:00:00.000Z,options_chain,ETH,USD,ETH,ETH-25MAY23-1875-C,eth-25may23-1875-c,True,1875,CALL,2023-05-25T08:00:00Z,,,ETH-USD,,,,,,,
DERIBIT:OPTION:ETH-USD-230525-1850-PUT,DERIBIT,OPTION,ETH-USD-230525-1850-PUT,exchange,deribit,tardis,crypto,2023-05-22T00:00:00.000Z,2023-05-26T00:00:00.000Z,options_chain,ETH,USD,ETH,ETH-25MAY23-1850-P,eth-25may23-1850-p,True,1850,PUT,2023-05-25T08:00:00Z,,,ETH-USD,,,,,,,
DERIBIT:OPTION:ETH-USD-230525-1600-PUT,DERIBIT,OPTION,ETH-USD-230525-1600-PUT,exchange,deribit,tardis,crypto,2023-05-22T00:00:00.000Z,2023-05-26T00:00:00.000Z,options_chain,ETH,USD,ETH,ETH-25MAY23-1600-P,eth-25may23-1600-p,True,1600,PUT,2023-05-25T08:00:00Z,,,ETH-USD,,,,,,,
DERIBIT:OPTION:ETH-USD-230525-1900-PUT,DERIBIT,OPTION,ETH-USD-230525-1900-PUT,exchange,deribit,tardis,crypto,2023-05-22T00:00:00.000Z,2023-05-26T00:00:00.000Z,options_chain,ETH,USD,ETH,ETH-25MAY23-1900-P,eth-25may23-1900-p,True,1900,PUT,2023-05-25T08:00:00Z,,,ETH-USD,,,,,,,
DERIBIT:OPTION:ETH-USD-230525-1750-CALL,DERIBIT,OPTION,ETH-USD-230525-1750-CALL,exchange,deribit,tardis,crypto,2023-05-22T00:00:00.000Z,2023-05-26T00:00:00.000Z,options_chain,ETH,USD,ETH,ETH-25MAY23-1750-C,eth-25may23-1750-c,True,1750,CALL,2023-05-25T08:00:00Z,,,ETH-USD,,,,,,,
DERIBIT:OPTION:ETH-USD-230525-1700-CALL,DERIBIT,OPTION,ETH-USD-230525-1700-CALL,exchange,deribit,tardis,crypto,2023-05-22T00:00:00.000Z,2023-05-26T00:00:00.000Z,options_chain,ETH,USD,ETH,ETH-25MAY23-1700-C,eth-25may23-1700-c,True,1700,CALL,2023-05-25T08:00:00Z,,,ETH-USD,,,,,,,
DERIBIT:OPTION:ETH-USD-230525-1950-PUT,DERIBIT,OPTION,ETH-USD-230525-1950-PUT,exchange,deribit,tardis,crypto,2023-05-22T00:00:00.000Z,2023-05-26T00:00:00.000Z,options_chain,ETH,USD,ETH,ETH-25MAY23-1950-P,eth-25may23-1950-p,True,1950,PUT,2023-05-25T08:00:00Z,,,ETH-USD,,,,,,,
DERIBIT:OPTION:ETH-USD-230525-1775-CALL,DERIBIT,OPTION,ETH-USD-230525-1775-CALL,exchange,deribit,tardis,crypto,2023-05-22T00:00:00.000Z,2023-05-26T00:00:00.000Z,options_chain,ETH,USD,ETH,ETH-25MAY23-1775-C,eth-25may23-1775-c,True,1775,CALL,2023-05-25T08:00:00Z,,,ETH-USD,,,,,,,
DERIBIT:OPTION:ETH-USD-230525-1550-PUT,DERIBIT,OPTION,ETH-USD-230525-1550-PUT,exchange,deribit,tardis,crypto,2023-05-22T00:00:00.000Z,2023-05-26T00:00:00.000Z,options_chain,ETH,USD,ETH,ETH-25MAY23-1550-P,eth-25may23-1550-p,True,1550,PUT,2023-05-25T08:00:00Z,,,ETH-USD,,,,,,,
DERIBIT:OPTION:ETH-USD-230525-2050-CALL,DERIBIT,OPTION,ETH-USD-230525-2050-CALL,exchange,deribit,tardis,crypto,2023-05-22T00:00:00.000Z,2023-05-26T00:00:00.000Z,options_chain,ETH,USD,ETH,ETH-25MAY23-2050-C,eth-25may23-2050-c,True,2050,CALL,2023-05-25T08:00:00Z,,,ETH-USD,,,,,,,
DERIBIT:OPTION:ETH-USD-230525-1650-CALL,DERIBIT,OPTION,ETH-USD-230525-1650-CALL,exchange,deribit,tardis,crypto,2023-05-22T00:00:00.000Z,2023-05-26T00:00:00.000Z,options_chain,ETH,USD,ETH,ETH-25MAY23-1650-C,eth-25may23-1650-c,True,1650,CALL,2023-05-25T08:00:00Z,,,ETH-USD,,,,,,,
DERIBIT:OPTION:ETH-USD-230525-1600-CALL,DERIBIT,OPTION,ETH-USD-230525-1600-CALL,exchange,deribit,tardis,crypto,2023-05-22T00:00:00.000Z,2023-05-26T00:00:00.000Z,options_chain,ETH,USD,ETH,ETH-25MAY23-1600-C,eth-25may23-1600-c,True,1600,CALL,2023-05-25T08:00:00Z,,,ETH-USD,,,,,,,
DERIBIT:OPTION:ETH-USD-230525-1875-PUT,DERIBIT,OPTION,ETH-USD-230525-1875-PUT,exchange,deribit,tardis,crypto,2023-05-22T00:00:00.000Z,2023-05-26T00:00:00.000Z,options_chain,ETH,USD,ETH,ETH-25MAY23-1875-P,eth-25may23-1875-p,True,1875,PUT,2023-05-25T08:00:00Z,,,ETH-USD,,,,,,,
DERIBIT:OPTION:ETH-USD-230525-2100-CALL,DERIBIT,OPTION,ETH-USD-230525-2100-CALL,exchange,deribit,tardis,crypto,2023-05-23T00:00:00.000Z,2023-05-26T00:00:00.000Z,options_chain,ETH,USD,ETH,ETH-25MAY23-2100-C,eth-25may23-2100-c,True,2100,CALL,2023-05-25T08:00:00Z,,,ETH-USD,,,,,,,
DERIBIT:OPTION:ETH-USD-230524-1700-PUT,DERIBIT,OPTION,ETH-USD-230524-1700-PUT,exchange,deribit,tardis,crypto,2023-05-21T00:00:00.000Z,2023-05-25T00:00:00.000Z,options_chain,ETH,USD,ETH,ETH-24MAY23-1700-P,eth-24may23-1700-p,True,1700,PUT,2023-05-24T08:00:00Z,,,ETH-USD,,,,,,,
DERIBIT:OPTION:ETH-USD-230524-1750-PUT,DERIBIT,OPTION,ETH-USD-230524-1750-PUT,exchange,deribit,tardis,crypto,2023-05-21T00:00:00.000Z,2023-05-25T00:00:00.000Z,options_chain,ETH,USD,ETH,ETH-24MAY23-1750-P,eth-24may23-1750-p,True,1750,PUT,2023-05-24T08:00:00Z,,,ETH-USD,,,,,,,
DERIBIT:OPTION:ETH-USD-230524-1850-CALL,DERIBIT,OPTION,ETH-USD-230524-1850-CALL,exchange,deribit,tardis,crypto,2023-05-21T00:00:00.000Z,2023-05-25T00:00:00.000Z,options_chain,ETH,USD,ETH,ETH-24MAY23-1850-C,eth-24may23-1850-c,True,1850,CALL,2023-05-24T08:00:00Z,,,ETH-USD,,,,,,,
DERIBIT:OPTION:ETH-USD-230524-1825-CALL,DERIBIT,OPTION,ETH-USD-230524-1825-CALL,exchange,deribit,tardis,crypto,2023-05-21T00:00:00.000Z,2023-05-25T00:00:00.000Z,options_chain,ETH,USD,ETH,ETH-24MAY23-1825-C,eth-24may23-1825-c,True,1825,CALL,2023-05-24T08:00:00Z,,,ETH-USD,,,,,,,
DERIBIT:OPTION:ETH-USD-230524-1800-PUT,DERIBIT,OPTION,ETH-USD-230524-1800-PUT,exchange,deribit,tardis,crypto,2023-05-21T00:00:00.000Z,2023-05-25T00:00:00.000Z,options_chain,ETH,USD,ETH,ETH-24MAY23-1800-P,eth-24may23-1800-p,True,1800,PUT,2023-05-24T08:00:00Z,,,ETH-USD,,,,,,,
DERIBIT:OPTION:ETH-USD-230524-1950-CALL,DERIBIT,OPTION,ETH-USD-230524-1950-CALL,exchange,deribit,tardis,crypto,2023-05-21T00:00:00.000Z,2023-05-25T00:00:00.000Z,options_chain,ETH,USD,ETH,ETH-24MAY23-1950-C,eth-24may23-1950-c,True,1950,CALL,2023-05-24T08:00:00Z,,,ETH-USD,,,,,,,
DERIBIT:OPTION:ETH-USD-230524-1900-CALL,DERIBIT,OPTION,ETH-USD-230524-1900-CALL,exchange,deribit,tardis,crypto,2023-05-21T00:00:00.000Z,2023-05-25T00:00:00.000Z,options_chain,ETH,USD,ETH,ETH-24MAY23-1900-C,eth-24may23-1900-c,True,1900,CALL,2023-05-24T08:00:00Z,,,ETH-USD,,,,,,,
DERIBIT:OPTION:ETH-USD-230524-1875-CALL,DERIBIT,OPTION,ETH-USD-230524-1875-CALL,exchange,deribit,tardis,crypto,2023-05-21T00:00:00.000Z,2023-05-25T00:00:00.000Z,options_chain,ETH,USD,ETH,ETH-24MAY23-1875-C,eth-24may23-1875-c,True,1875,CALL,2023-05-24T08:00:00Z,,,ETH-USD,,,,,,,
DERIBIT:OPTION:ETH-USD-230524-1825-PUT,DERIBIT,OPTION,ETH-USD-230524-1825-PUT,exchange,deribit,tardis,crypto,2023-05-21T00:00:00.000Z,2023-05-25T00:00:00.000Z,options_chain,ETH,USD,ETH,ETH-24MAY23-1825-P,eth-24may23-1825-p,True,1825,PUT,2023-05-24T08:00:00Z,,,ETH-USD,,,,,,,
DERIBIT:OPTION:ETH-USD-230524-1775-PUT,DERIBIT,OPTION,ETH-USD-230524-1775-PUT,exchange,deribit,tardis,crypto,2023-05-21T00:00:00.000Z,2023-05-25T00:00:00.000Z,options_chain,ETH,USD,ETH,ETH-24MAY23-1775-P,eth-24may23-1775-p,True,1775,PUT,2023-05-24T08:00:00Z,,,ETH-USD,,,,,,,
DERIBIT:OPTION:ETH-USD-230524-1800-CALL,DERIBIT,OPTION,ETH-USD-230524-1800-CALL,exchange,deribit,tardis,crypto,2023-05-21T00:00:00.000Z,2023-05-25T00:00:00.000Z,options_chain,ETH,USD,ETH,ETH-24MAY23-1800-C,eth-24may23-1800-c,True,1800,CALL,2023-05-24T08:00:00Z,,,ETH-USD,,,,,,,
DERIBIT:OPTION:ETH-USD-230524-1775-CALL,DERIBIT,OPTION,ETH-USD-230524-1775-CALL,exchange,deribit,tardis,crypto,2023-05-21T00:00:00.000Z,2023-05-25T00:00:00.000Z,options_chain,ETH,USD,ETH,ETH-24MAY23-1775-C,eth-24may23-1775-c,True,1775,CALL,2023-05-24T08:00:00Z,,,ETH-USD,,,,,,,
DERIBIT:OPTION:ETH-USD-230524-1700-CALL,DERIBIT,OPTION,ETH-USD-230524-1700-CALL,exchange,deribit,tardis,crypto,2023-05-21T00:00:00.000Z,2023-05-25T00:00:00.000Z,options_chain,ETH,USD,ETH,ETH-24MAY23-1700-C,eth-24may23-1700-c,True,1700,CALL,2023-05-24T08:00:00Z,,,ETH-USD,,,,,,,
DERIBIT:OPTION:ETH-USD-230524-1900-PUT,DERIBIT,OPTION,ETH-USD-230524-1900-PUT,exchange,deribit,tardis,crypto,2023-05-21T00:00:00.000Z,2023-05-25T00:00:00.000Z,options_chain,ETH,USD,ETH,ETH-24MAY23-1900-P,eth-24may23-1900-p,True,1900,PUT,2023-05-24T08:00:00Z,,,ETH-USD,,,,,,,
DERIBIT:OPTION:ETH-USD-230524-1950-PUT,DERIBIT,OPTION,ETH-USD-230524-1950-PUT,exchange,deribit,tardis,crypto,2023-05-21T00:00:00.000Z,2023-05-25T00:00:00.000Z,options_chain,ETH,USD,ETH,ETH-24MAY23-1950-P,eth-24may23-1950-p,True,1950,PUT,2023-05-24T08:00:00Z,,,ETH-USD,,,,,,,
DERIBIT:OPTION:ETH-USD-230524-1850-PUT,DERIBIT,OPTION,ETH-USD-230524-1850-PUT,exchange,deribit,tardis,crypto,2023-05-21T00:00:00.000Z,2023-05-25T00:00:00.000Z,options_chain,ETH,USD,ETH,ETH-24MAY23-1850-P,eth-24may23-1850-p,True,1850,PUT,2023-05-24T08:00:00Z,,,ETH-USD,,,,,,,
DERIBIT:OPTION:ETH-USD-230524-1875-PUT,DERIBIT,OPTION,ETH-USD-230524-1875-PUT,exchange,deribit,tardis,crypto,2023-05-21T00:00:00.000Z,2023-05-25T00:00:00.000Z,options_chain,ETH,USD,ETH,ETH-24MAY23-1875-P,eth-24may23-1875-p,True,1875,PUT,2023-05-24T08:00:00Z,,,ETH-USD,,,,,,,
DERIBIT:OPTION:ETH-USD-230524-1750-CALL,DERIBIT,OPTION,ETH-USD-230524-1750-CALL,exchange,deribit,tardis,crypto,2023-05-21T00:00:00.000Z,2023-05-25T00:00:00.000Z,options_chain,ETH,USD,ETH,ETH-24MAY23-1750-C,eth-24may23-1750-c,True,1750,CALL,2023-05-24T08:00:00Z,,,ETH-USD,,,,,,,
DERIBIT:OPTION:ETH-USD-230524-2000-CALL,DERIBIT,OPTION,ETH-USD-230524-2000-CALL,exchange,deribit,tardis,crypto,2023-05-21T00:00:00.000Z,2023-05-25T00:00:00.000Z,options_chain,ETH,USD,ETH,ETH-24MAY23-2000-C,eth-24may23-2000-c,True,2000,CALL,2023-05-24T08:00:00Z,,,ETH-USD,,,,,,,
DERIBIT:OPTION:ETH-USD-230524-2050-CALL,DERIBIT,OPTION,ETH-USD-230524-2050-CALL,exchange,deribit,tardis,crypto,2023-05-21T00:00:00.000Z,2023-05-25T00:00:00.000Z,options_chain,ETH,USD,ETH,ETH-24MAY23-2050-C,eth-24may23-2050-c,True,2050,CALL,2023-05-24T08:00:00Z,,,ETH-USD,,,,,,,
DERIBIT:OPTION:ETH-USD-230524-1550-PUT,DERIBIT,OPTION,ETH-USD-230524-1550-PUT,exchange,deribit,tardis,crypto,2023-05-21T00:00:00.000Z,2023-05-25T00:00:00.000Z,options_chain,ETH,USD,ETH,ETH-24MAY23-1550-P,eth-24may23-1550-p,True,1550,PUT,2023-05-24T08:00:00Z,,,ETH-USD,,,,,,,
DERIBIT:OPTION:ETH-USD-230524-1650-PUT,DERIBIT,OPTION,ETH-USD-230524-1650-PUT,exchange,deribit,tardis,crypto,2023-05-21T00:00:00.000Z,2023-05-25T00:00:00.000Z,options_chain,ETH,USD,ETH,ETH-24MAY23-1650-P,eth-24may23-1650-p,True,1650,PUT,2023-05-24T08:00:00Z,,,ETH-USD,,,,,,,
DERIBIT:OPTION:ETH-USD-230524-1600-PUT,DERIBIT,OPTION,ETH-USD-230524-1600-PUT,exchange,deribit,tardis,crypto,2023-05-21T00:00:00.000Z,2023-05-25T00:00:00.000Z,options_chain,ETH,USD,ETH,ETH-24MAY23-1600-P,eth-24may23-1600-p,True,1600,PUT,2023-05-24T08:00:00Z,,,ETH-USD,,,,,,,
DERIBIT:OPTION:ETH-USD-230524-1650-CALL,DERIBIT,OPTION,ETH-USD-230524-1650-CALL,exchange,deribit,tardis,crypto,2023-05-21T00:00:00.000Z,2023-05-25T00:00:00.000Z,options_chain,ETH,USD,ETH,ETH-24MAY23-1650-C,eth-24may23-1650-c,True,1650,CALL,2023-05-24T08:00:00Z,,,ETH-USD,,,,,,,
DERIBIT:OPTION:ETH-USD-230524-2000-PUT,DERIBIT,OPTION,ETH-USD-230524-2000-PUT,exchange,deribit,tardis,crypto,2023-05-22T00:00:00.000Z,2023-05-25T00:00:00.000Z,options_chain,ETH,USD,ETH,ETH-24MAY23-2000-P,eth-24may23-2000-p,True,2000,PUT,2023-05-24T08:00:00Z,,,ETH-USD,,,,,,,
DERIBIT:OPTION:ETH-USD-230525-1550-CALL,DERIBIT,OPTION,ETH-USD-230525-1550-CALL,exchange,deribit,tardis,crypto,2023-05-22T00:00:00.000Z,2023-05-25T00:00:00.000Z,options_chain,ETH,USD,ETH,ETH-25MAY23-1550-C,eth-25may23-1550-c,True,1550,CALL,2023-05-25T08:00:00Z,,,ETH-USD,,,,,,,
DERIBIT:OPTION:ETH-USD-230525-2000-PUT,DERIBIT,OPTION,ETH-USD-230525-2000-PUT,exchange,deribit,tardis,crypto,2023-05-22T00:00:00.000Z,2023-05-25T00:00:00.000Z,options_chain,ETH,USD,ETH,ETH-25MAY23-2000-P,eth-25may23-2000-p,True,2000,PUT,2023-05-25T08:00:00Z,,,ETH-USD,,,,,,,
DERIBIT:OPTION:ETH-USD-230525-2050-PUT,DERIBIT,OPTION,ETH-USD-230525-2050-PUT,exchange,deribit,tardis,crypto,2023-05-22T00:00:00.000Z,2023-05-25T00:00:00.000Z,options_chain,ETH,USD,ETH,ETH-25MAY23-2050-P,eth-25may23-2050-p,True,2050,PUT,2023-05-25T08:00:00Z,,,ETH-USD,,,,,,,
DERIBIT:OPTION:ETH-USD-230523-1950-CALL,DERIBIT,OPTION,ETH-USD-230523-1950-CALL,exchange,deribit,tardis,crypto,2023-05-20T00:00:00.000Z,2023-05-24T00:00:00.000Z,options_chain,ETH,USD,ETH,ETH-23MAY23-1950-C,eth-23may23-1950-c,True,1950,CALL,2023-05-23T08:00:00Z,,,ETH-USD,,,,,,,
DERIBIT:OPTION:ETH-USD-230523-1750-PUT,DERIBIT,OPTION,ETH-USD-230523-1750-PUT,exchange,deribit,tardis,crypto,2023-05-20T00:00:00.000Z,2023-05-24T00:00:00.000Z,options_chain,ETH,USD,ETH,ETH-23MAY23-1750-P,eth-23may23-1750-p,True,1750,PUT,2023-05-23T08:00:00Z,,,ETH-USD,,,,,,,
DERIBIT:OPTION:ETH-USD-230523-1850-CALL,DERIBIT,OPTION,ETH-USD-230523-1850-CALL,exchange,deribit,tardis,crypto,2023-05-20T00:00:00.000Z,2023-05-24T00:00:00.000Z,options_chain,ETH,USD,ETH,ETH-23MAY23-1850-C,eth-23may23-1850-c,True,1850,CALL,2023-05-23T08:00:00Z,,,ETH-USD,,,,,,,
DERIBIT:OPTION:ETH-USD-230523-1825-CALL,DERIBIT,OPTION,ETH-USD-230523-1825-CALL,exchange,deribit,tardis,crypto,2023-05-20T00:00:00.000Z,2023-05-24T00:00:00.000Z,options_chain,ETH,USD,ETH,ETH-23MAY23-1825-C,eth-23may23-1825-c,True,1825,CALL,2023-05-23T08:00:00Z,,,ETH-USD,,,,,,,
DERIBIT:OPTION:ETH-USD-230523-1800-PUT,DERIBIT,OPTION,ETH-USD-230523-1800-PUT,exchange,deribit,tardis,crypto,2023-05-20T00:00:00.000Z,2023-05-24T00:00:00.000Z,options_chain,ETH,USD,ETH,ETH-23MAY23-1800-P,eth-23may23-1800-p,True,1800,PUT,2023-05-23T08:00:00Z,,,ETH-USD,,,,,,,
DERIBIT:OPTION:ETH-USD-230523-1900-CALL,DERIBIT,OPTION,ETH-USD-230523-1900-CALL,exchange,deribit,tardis,crypto,2023-05-20T00:00:00.000Z,2023-05-24T00:00:00.000Z,options_chain,ETH,USD,ETH,ETH-23MAY23-1900-C,eth-23may23-1900-c,True,1900,CALL,2023-05-23T08:00:00Z,,,ETH-USD,,,,,,,
DERIBIT:OPTION:ETH-USD-230523-1775-PUT,DERIBIT,OPTION,ETH-USD-230523-1775-PUT,exchange,deribit,tardis,crypto,2023-05-20T00:00:00.000Z,2023-05-24T00:00:00.000Z,options_chain,ETH,USD,ETH,ETH-23MAY23-1775-P,eth-23may23-1775-p,True,1775,PUT,2023-05-23T08:00:00Z,,,ETH-USD,,,,,,,
DERIBIT:OPTION:ETH-USD-230523-1825-PUT,DERIBIT,OPTION,ETH-USD-230523-1825-PUT,exchange,deribit,tardis,crypto,2023-05-20T00:00:00.000Z,2023-05-24T00:00:00.000Z,options_chain,ETH,USD,ETH,ETH-23MAY23-1825-P,eth-23may23-1825-p,True,1825,PUT,2023-05-23T08:00:00Z,,,ETH-USD,,,,,,,
DERIBIT:OPTION:ETH-USD-230523-1700-PUT,DERIBIT,OPTION,ETH-USD-230523-1700-PUT,exchange,deribit,tardis,crypto,2023-05-20T00:00:00.000Z,2023-05-24T00:00:00.000Z,options_chain,ETH,USD,ETH,ETH-23MAY23-1700-P,eth-23may23-1700-p,True,1700,PUT,2023-05-23T08:00:00Z,,,ETH-USD,,,,,,,
DERIBIT:OPTION:ETH-USD-230523-1875-CALL,DERIBIT,OPTION,ETH-USD-230523-1875-CALL,exchange,deribit,tardis,crypto,2023-05-20T00:00:00.000Z,2023-05-24T00:00:00.000Z,options_chain,ETH,USD,ETH,ETH-23MAY23-1875-C,eth-23may23-1875-c,True,1875,CALL,2023-05-23T08:00:00Z,,,ETH-USD,,,,,,,
DERIBIT:OPTION:ETH-USD-230523-1800-CALL,DERIBIT,OPTION,ETH-USD-230523-1800-CALL,exchange,deribit,tardis,crypto,2023-05-20T00:00:00.000Z,2023-05-24T00:00:00.000Z,options_chain,ETH,USD,ETH,ETH-23MAY23-1800-C,eth-23may23-1800-c,True,1800,CALL,2023-05-23T08:00:00Z,,,ETH-USD,,,,,,,
DERIBIT:OPTION:ETH-USD-230523-1850-PUT,DERIBIT,OPTION,ETH-USD-230523-1850-PUT,exchange,deribit,tardis,crypto,2023-05-20T00:00:00.000Z,2023-05-24T00:00:00.000Z,options_chain,ETH,USD,ETH,ETH-23MAY23-1850-P,eth-23may23-1850-p,True,1850,PUT,2023-05-23T08:00:00Z,,,ETH-USD,,,,,,,
DERIBIT:OPTION:ETH-USD-230523-1875-PUT,DERIBIT,OPTION,ETH-USD-230523-1875-PUT,exchange,deribit,tardis,crypto,2023-05-20T00:00:00.000Z,2023-05-24T00:00:00.000Z,options_chain,ETH,USD,ETH,ETH-23MAY23-1875-P,eth-23may23-1875-p,True,1875,PUT,2023-05-23T08:00:00Z,,,ETH-USD,,,,,,,
DERIBIT:OPTION:ETH-USD-230523-1950-PUT,DERIBIT,OPTION,ETH-USD-230523-1950-PUT,exchange,deribit,tardis,crypto,2023-05-20T00:00:00.000Z,2023-05-24T00:00:00.000Z,options_chain,ETH,USD,ETH,ETH-23MAY23-1950-P,eth-23may23-1950-p,True,1950,PUT,2023-05-23T08:00:00Z,,,ETH-USD,,,,,,,
DERIBIT:OPTION:ETH-USD-230523-1775-CALL,DERIBIT,OPTION,ETH-USD-230523-1775-CALL,exchange,deribit,tardis,crypto,2023-05-20T00:00:00.000Z,2023-05-24T00:00:00.000Z,options_chain,ETH,USD,ETH,ETH-23MAY23-1775-C,eth-23may23-1775-c,True,1775,CALL,2023-05-23T08:00:00Z,,,ETH-USD,,,,,,,
DERIBIT:OPTION:ETH-USD-230523-1900-PUT,DERIBIT,OPTION,ETH-USD-230523-1900-PUT,exchange,deribit,tardis,crypto,2023-05-20T00:00:00.000Z,2023-05-24T00:00:00.000Z,options_chain,ETH,USD,ETH,ETH-23MAY23-1900-P,eth-23may23-1900-p,True,1900,PUT,2023-05-23T08:00:00Z,,,ETH-USD,,,,,,,
DERIBIT:OPTION:ETH-USD-230523-1700-CALL,DERIBIT,OPTION,ETH-USD-230523-1700-CALL,exchange,deribit,tardis,crypto,2023-05-20T00:00:00.000Z,2023-05-24T00:00:00.000Z,options_chain,ETH,USD,ETH,ETH-23MAY23-1700-C,eth-23may23-1700-c,True,1700,CALL,2023-05-23T08:00:00Z,,,ETH-USD,,,,,,,
DERIBIT:OPTION:ETH-USD-230523-1750-CALL,DERIBIT,OPTION,ETH-USD-230523-1750-CALL,exchange,deribit,tardis,crypto,2023-05-20T00:00:00.000Z,2023-05-24T00:00:00.000Z,options_chain,ETH,USD,ETH,ETH-23MAY23-1750-C,eth-23may23-1750-c,True,1750,CALL,2023-05-23T08:00:00Z,,,ETH-USD,,,,,,,
DERIBIT:OPTION:ETH-USD-230523-2050-CALL,DERIBIT,OPTION,ETH-USD-230523-2050-CALL,exchange,deribit,tardis,crypto,2023-05-20T00:00:00.000Z,2023-05-24T00:00:00.000Z,options_chain,ETH,USD,ETH,ETH-23MAY23-2050-C,eth-23may23-2050-c,True,2050,CALL,2023-05-23T08:00:00Z,,,ETH-USD,,,,,,,
DERIBIT:OPTION:ETH-USD-230523-2000-CALL,DERIBIT,OPTION,ETH-USD-230523-2000-CALL,exchange,deribit,tardis,crypto,2023-05-20T00:00:00.000Z,2023-05-24T00:00:00.000Z,options_chain,ETH,USD,ETH,ETH-23MAY23-2000-C,eth-23may23-2000-c,True,2000,CALL,2023-05-23T08:00:00Z,,,ETH-USD,,,,,,,
DERIBIT:OPTION:ETH-USD-230523-1600-PUT,DERIBIT,OPTION,ETH-USD-230523-1600-PUT,exchange,deribit,tardis,crypto,2023-05-20T00:00:00.000Z,2023-05-24T00:00:00.000Z,options_chain,ETH,USD,ETH,ETH-23MAY23-1600-P,eth-23may23-1600-p,True,1600,PUT,2023-05-23T08:00:00Z,,,ETH-USD,,,,,,,
DERIBIT:OPTION:ETH-USD-230523-1650-PUT,DERIBIT,OPTION,ETH-USD-230523-1650-PUT,exchange,deribit,tardis,crypto,2023-05-20T00:00:00.000Z,2023-05-24T00:00:00.000Z,options_chain,ETH,USD,ETH,ETH-23MAY23-1650-P,eth-23may23-1650-p,True,1650,PUT,2023-05-23T08:00:00Z,,,ETH-USD,,,,,,,
DERIBIT:OPTION:ETH-USD-230523-1550-PUT,DERIBIT,OPTION,ETH-USD-230523-1550-PUT,exchange,deribit,tardis,crypto,2023-05-20T00:00:00.000Z,2023-05-24T00:00:00.000Z,options_chain,ETH,USD,ETH,ETH-23MAY23-1550-P,eth-23may23-1550-p,True,1550,PUT,2023-05-23T08:00:00Z,,,ETH-USD,,,,,,,
DERIBIT:OPTION:ETH-USD-230523-2050-PUT,DERIBIT,OPTION,ETH-USD-230523-2050-PUT,exchange,deribit,tardis,crypto,2023-05-20T00:00:00.000Z,2023-05-24T00:00:00.000Z,options_chain,ETH,USD,ETH,ETH-23MAY23-2050-P,eth-23may23-2050-p,True,2050,PUT,2023-05-23T08:00:00Z,,,ETH-USD,,,,,,,
DERIBIT:OPTION:ETH-USD-230523-1550-CALL,DERIBIT,OPTION,ETH-USD-230523-1550-CALL,exchange,deribit,tardis,crypto,2023-05-20T00:00:00.000Z,2023-05-24T00:00:00.000Z,options_chain,ETH,USD,ETH,ETH-23MAY23-1550-C,eth-23may23-1550-c,True,1550,CALL,2023-05-23T08:00:00Z,,,ETH-USD,,,,,,,
DERIBIT:OPTION:ETH-USD-230523-2000-PUT,DERIBIT,OPTION,ETH-USD-230523-2000-PUT,exchange,deribit,tardis,crypto,2023-05-21T00:00:00.000Z,2023-05-24T00:00:00.000Z,options_chain,ETH,USD,ETH,ETH-23MAY23-2000-P,eth-23may23-2000-p,True,2000,PUT,2023-05-23T08:00:00Z,,,ETH-USD,,,,,,,
DERIBIT:OPTION:ETH-USD-230523-1650-CALL,DERIBIT,OPTION,ETH-USD-230523-1650-CALL,exchange,deribit,tardis,crypto,2023-05-21T00:00:00.000Z,2023-05-24T00:00:00.000Z,options_chain,ETH,USD,ETH,ETH-23MAY23-1650-C,eth-23may23-1650-c,True,1650,CALL,2023-05-23T08:00:00Z,,,ETH-USD,,,,,,,
DERIBIT:OPTION:ETH-USD-230524-1600-CALL,DERIBIT,OPTION,ETH-USD-230524-1600-CALL,exchange,deribit,tardis,crypto,2023-05-22T00:00:00.000Z,2023-05-24T00:00:00.000Z,options_chain,ETH,USD,ETH,ETH-24MAY23-1600-C,eth-24may23-1600-c,True,1600,CALL,2023-05-24T08:00:00Z,,,ETH-USD,,,,,,,
DERIBIT:OPTION:ETH-USD-230524-1550-CALL,DERIBIT,OPTION,ETH-USD-230524-1550-CALL,exchange,deribit,tardis,crypto,2023-05-22T00:00:00.000Z,2023-05-24T00:00:00.000Z,options_chain,ETH,USD,ETH,ETH-24MAY23-1550-C,eth-24may23-1550-c,True,1550,CALL,2023-05-24T08:00:00Z,,,ETH-USD,,,,,,,
DERIBIT:OPTION:ETH-USD-230524-2050-PUT,DERIBIT,OPTION,ETH-USD-230524-2050-PUT,exchange,deribit,tardis,crypto,2023-05-22T00:00:00.000Z,2023-05-24T00:00:00.000Z,options_chain,ETH,USD,ETH,ETH-24MAY23-2050-P,eth-24may23-2050-p,True,2050,PUT,2023-05-24T08:00:00Z,,,ETH-USD,,,,,,,
DERIBIT:OPTION:ETH-USD-230523-1600-CALL,DERIBIT,OPTION,ETH-USD-230523-1600-CALL,exchange,deribit,tardis,crypto,2023-05-21T00:00:00.000Z,2023-05-23T00:00:00.000Z,options_chain,ETH,USD,ETH,ETH-23MAY23-1600-C,eth-23may23-1600-c,True,1600,CALL,2023-05-23T08:00:00Z,,,ETH-USD,,,,,,,
BYBIT:PERPETUAL:BTC-USDT@LIN,BYBIT,PERPETUAL,BTC-USDT@LIN,exchange,bybit,tardis,crypto,2022-06-21T00:00:00.000Z,,"trades,book_snapshot_5,derivative_ticker,liquidations",BTC,USDT,USDT,BTCPERP,btcperp,False,,,,1.0,0.1,BTC-USDT,0.001,BTC/USDT:USDT,bybit,,,,
BYBIT:PERPETUAL:ETH-USDT@LIN,BYBIT,PERPETUAL,ETH-USDT@LIN,exchange,bybit,tardis,crypto,2022-08-05T00:00:00.000Z,,"trades,book_snapshot_5,derivative_ticker,liquidations",ETH,USDT,USDT,ETHPERP,ethperp,False,,,,1.0,0.01,ETH-USDT,0.01,ETH/USDT:USDT,bybit,,,,
BYBIT:PERPETUAL:ETHW-USDT@LIN,BYBIT,PERPETUAL,ETHW-USDT@LIN,exchange,bybit,tardis,crypto,2022-09-16T00:00:00.000Z,,"trades,book_snapshot_5,derivative_ticker,liquidations",ETHW,USDT,USDT,ETHWUSDT,ethwusdt,False,,,,1.0,0.0001,ETHW-USDT,0.01,ETHW/USDT:USDT,bybit,,,,
BYBIT:PERPETUAL:BNB-USDT@LIN,BYBIT,PERPETUAL,BNB-USDT@LIN,exchange,bybit,tardis,crypto,2022-09-30T00:00:00.000Z,,"trades,book_snapshot_5,derivative_ticker,liquidations",BNB,USDT,USDT,BNBPERP,bnbperp,False,,,,1.0,0.1,BNB-USDT,0.01,BNB/USDT:USDT,bybit,,,,
BYBIT:PERPETUAL:LTC-USDT@LIN,BYBIT,PERPETUAL,LTC-USDT@LIN,exchange,bybit,tardis,crypto,2020-10-21T00:00:00.000Z,,"trades,book_snapshot_5,derivative_ticker,liquidations",LTC,USDT,USDT,LTCUSDT,ltcusdt,False,,,,1.0,0.01,LTC-USDT,0.1,LTC/USDT:USDT,bybit,,,,
BYBIT:PERPETUAL:SOL-USDT@LIN,BYBIT,PERPETUAL,SOL-USDT@LIN,exchange,bybit,tardis,crypto,2022-08-05T00:00:00.000Z,,"trades,book_snapshot_5,derivative_ticker,liquidations",SOL,USDT,USDT,SOLPERP,solperp,False,,,,1.0,0.01,SOL-USDT,0.1,SOL/USDT:USDT,bybit,,,,
BYBIT:PERPETUAL:BCH-USDT@LIN,BYBIT,PERPETUAL,BCH-USDT@LIN,exchange,bybit,tardis,crypto,2020-12-14T00:00:00.000Z,,"trades,book_snapshot_5,derivative_ticker,liquidations",BCH,USDT,USDT,BCHUSDT,bchusdt,False,,,,1.0,0.1,BCH-USDT,0.01,BCH/USDT:USDT,bybit,,,,
BYBIT:PERPETUAL:XRP-USDT@LIN,BYBIT,PERPETUAL,XRP-USDT@LIN,exchange,bybit,tardis,crypto,2022-08-05T00:00:00.000Z,,"trades,book_snapshot_5,derivative_ticker,liquidations",XRP,USDT,USDT,XRPPERP,xrpperp,False,,,,1.0,0.0001,XRP-USDT,0.1,XRP/USDT:USDT,bybit,,,,
BYBIT:PERPETUAL:LUNA2-USDT@LIN,BYBIT,PERPETUAL,LUNA2-USDT@LIN,exchange,bybit,tardis,crypto,2022-05-31T00:00:00.000Z,,"trades,book_snapshot_5,derivative_ticker,liquidations",LUNA2,USDT,USDT,LUNA2USDT,luna2usdt,False,,,,1.0,1e-05,LUNA2-USDT,0.1,LUNA2/USDT:USDT,bybit,,,,
BYBIT:PERPETUAL:AVAX-USDT@LIN,BYBIT,PERPETUAL,AVAX-USDT@LIN,exchange,bybit,tardis,crypto,2021-09-15T00:00:00.000Z,,"trades,book_snapshot_5,derivative_ticker,liquidations",AVAX,USDT,USDT,AVAXUSDT,avaxusdt,False,,,,1.0,0.001,AVAX-USDT,0.1,AVAX/USDT:USDT,bybit,,,,
BYBIT:PERPETUAL:TRX-USDT@LIN,BYBIT,PERPETUAL,TRX-USDT@LIN,exchange,bybit,tardis,crypto,2021-08-31T00:00:00.000Z,,"trades,book_snapshot_5,derivative_ticker,liquidations",TRX,USDT,USDT,TRXUSDT,trxusdt,False,,,,1.0,1e-05,TRX-USDT,1.0,TRX/USDT:USDT,bybit,,,,
BYBIT:PERPETUAL:ETC-USDT@LIN,BYBIT,PERPETUAL,ETC-USDT@LIN,exchange,bybit,tardis,crypto,2022-09-01T00:00:00.000Z,,"trades,book_snapshot_5,derivative_ticker,liquidations",ETC,USDT,USDT,ETCPERP,etcperp,False,,,,1.0,0.001,ETC-USDT,0.1,ETC/USDT:USDT,bybit,,,,
BYBIT:PERPETUAL:DOT-USDT@LIN,BYBIT,PERPETUAL,DOT-USDT@LIN,exchange,bybit,tardis,crypto,2021-03-18T00:00:00.000Z,,"trades,book_snapshot_5,derivative_ticker,liquidations",DOT,USDT,USDT,DOTUSDT,dotusdt,False,,,,1.0,0.0001,DOT-USDT,0.1,DOT/USDT:USDT,bybit,,,,
BYBIT:PERPETUAL:LINK-USDT@LIN,BYBIT,PERPETUAL,LINK-USDT@LIN,exchange,bybit,tardis,crypto,2020-10-21T00:00:00.000Z,,"trades,book_snapshot_5,derivative_ticker,liquidations",LINK,USDT,USDT,LINKUSDT,linkusdt,False,,,,1.0,0.001,LINK-USDT,0.1,LINK/USDT:USDT,bybit,,,,
BYBIT:PERPETUAL:ADA-USDT@LIN,BYBIT,PERPETUAL,ADA-USDT@LIN,exchange,bybit,tardis,crypto,2021-03-18T00:00:00.000Z,,"trades,book_snapshot_5,derivative_ticker,liquidations",ADA,USDT,USDT,ADAUSDT,adausdt,False,,,,1.0,0.0001,ADA-USDT,1.0,ADA/USDT:USDT,bybit,,,,
BYBIT:PERPETUAL:DOGE-USDT@LIN,BYBIT,PERPETUAL,DOGE-USDT@LIN,exchange,bybit,tardis,crypto,2021-06-02T00:00:00.000Z,,"trades,book_snapshot_5,derivative_ticker,liquidations",DOGE,USDT,USDT,DOGEUSDT,dogeusdt,False,,,,1.0,1e-05,DOGE-USDT,1.0,DOGE/USDT:USDT,bybit,,,,
BYBIT:PERPETUAL:SHIB1000-USDT@LIN,BYBIT,PERPETUAL,SHIB1000-USDT@LIN,exchange,bybit,tardis,crypto,2021-10-20T00:00:00.000Z,,"trades,book_snapshot_5,derivative_ticker,liquidations",SHIB1000,USDT,USDT,SHIB1000USDT,shib1000usdt,False,,,,1.0,1e-06,SHIB1000-USDT,10.0,SHIB1000/USDT:USDT,bybit,,,,
BYBIT:PERPETUAL:UNI-USDT@LIN,BYBIT,PERPETUAL,UNI-USDT@LIN,exchange,bybit,tardis,crypto,2021-03-18T00:00:00.000Z,,"trades,book_snapshot_5,derivative_ticker,liquidations",UNI,USDT,USDT,UNIUSDT,uniusdt,False,,,,1.0,0.001,UNI-USDT,0.1,UNI/USDT:USDT,bybit,,,,
BYBIT:PERPETUAL:BSV-USDT@LIN,BYBIT,PERPETUAL,BSV-USDT@LIN,exchange,bybit,tardis,crypto,2021-12-10T00:00:00.000Z,,"trades,book_snapshot_5,derivative_ticker,liquidations",BSV,USDT,USDT,BSVUSDT,bsvusdt,False,,,,1.0,0.01,BSV-USDT,0.01,BSV/USDT:USDT,bybit,,,,
BYBIT:PERPETUAL:XLM-USDT@LIN,BYBIT,PERPETUAL,XLM-USDT@LIN,exchange,bybit,tardis,crypto,2021-08-31T00:00:00.000Z,,"trades,book_snapshot_5,derivative_ticker,liquidations",XLM,USDT,USDT,XLMUSDT,xlmusdt,False,,,,1.0,1e-05,XLM-USDT,1.0,XLM/USDT:USDT,bybit,,,,
BYBIT:PERPETUAL:XTZ-USDT@LIN,BYBIT,PERPETUAL,XTZ-USDT@LIN,exchange,bybit,tardis,crypto,2020-10-21T00:00:00.000Z,,"trades,book_snapshot_5,derivative_ticker,liquidations",XTZ,USDT,USDT,XTZUSDT,xtzusdt,False,,,,1.0,0.0001,XTZ-USDT,0.1,XTZ/USDT:USDT,bybit,,,,
BYBIT:PERPETUAL:CRO-USDT@LIN,BYBIT,PERPETUAL,CRO-USDT@LIN,exchange,bybit,tardis,crypto,2021-11-23T00:00:00.000Z,,"trades,book_snapshot_5,derivative_ticker,liquidations",CRO,USDT,USDT,CROUSDT,crousdt,False,,,,1.0,1e-05,CRO-USDT,1.0,CRO/USDT:USDT,bybit,,,,
BYBIT:PERPETUAL:BAT-USDT@LIN,BYBIT,PERPETUAL,BAT-USDT@LIN,exchange,bybit,tardis,crypto,2021-11-24T00:00:00.000Z,,"trades,book_snapshot_5,derivative_ticker,liquidations",BAT,USDT,USDT,BATUSDT,batusdt,False,,,,1.0,0.0001,BAT-USDT,0.1,BAT/USDT:USDT,bybit,,,,
BYBIT:PERPETUAL:XMR-USDT@LIN,BYBIT,PERPETUAL,XMR-USDT@LIN,exchange,bybit,tardis,crypto,2022-01-14T00:00:00.000Z,,"trades,book_snapshot_5,derivative_ticker,liquidations",XMR,USDT,USDT,XMRUSDT,xmrusdt,False,,,,1.0,0.01,XMR-USDT,0.01,XMR/USDT:USDT,bybit,,,,
BYBIT:PERPETUAL:COMP-USDT@LIN,BYBIT,PERPETUAL,COMP-USDT@LIN,exchange,bybit,tardis,crypto,2021-08-31T00:00:00.000Z,,"trades,book_snapshot_5,derivative_ticker,liquidations",COMP,USDT,USDT,COMPUSDT,compusdt,False,,,,1.0,0.01,COMP-USDT,0.01,COMP/USDT:USDT,bybit,,,,
BYBIT:PERPETUAL:AAVE-USDT@LIN,BYBIT,PERPETUAL,AAVE-USDT@LIN,exchange,bybit,tardis,crypto,2021-05-13T00:00:00.000Z,,"trades,book_snapshot_5,derivative_ticker,liquidations",AAVE,USDT,USDT,AAVEUSDT,aaveusdt,False,,,,1.0,0.01,AAVE-USDT,0.01,AAVE/USDT:USDT,bybit,,,,
BYBIT:PERPETUAL:FIL-USDT@LIN,BYBIT,PERPETUAL,FIL-USDT@LIN,exchange,bybit,tardis,crypto,2021-06-29T00:00:00.000Z,,"trades,book_snapshot_5,derivative_ticker,liquidations",FIL,USDT,USDT,FILUSDT,filusdt,False,,,,1.0,0.001,FIL-USDT,0.1,FIL/USDT:USDT,bybit,,,,
BYBIT:PERPETUAL:SXP-USDT@LIN,BYBIT,PERPETUAL,SXP-USDT@LIN,exchange,bybit,tardis,crypto,2021-12-08T00:00:00.000Z,,"trades,book_snapshot_5,derivative_ticker,liquidations",SXP,USDT,USDT,SXPUSDT,sxpusdt,False,,,,1.0,0.0001,SXP-USDT,0.1,SXP/USDT:USDT,bybit,,,,
BYBIT:PERPETUAL:ZRX-USDT@LIN,BYBIT,PERPETUAL,ZRX-USDT@LIN,exchange,bybit,tardis,crypto,2022-03-28T00:00:00.000Z,,"trades,book_snapshot_5,derivative_ticker,liquidations",ZRX,USDT,USDT,ZRXUSDT,zrxusdt,False,,,,1.0,0.0001,ZRX-USDT,1.0,ZRX/USDT:USDT,bybit,,,,
BYBIT:PERPETUAL:DASH-USDT@LIN,BYBIT,PERPETUAL,DASH-USDT@LIN,exchange,bybit,tardis,crypto,2021-10-12T00:00:00.000Z,,"trades,book_snapshot_5,derivative_ticker,liquidations",DASH,USDT,USDT,DASHUSDT,dashusdt,False,,,,1.0,0.01,DASH-USDT,0.01,DASH/USDT:USDT,bybit,,,,
BYBIT:PERPETUAL:ALGO-USDT@LIN,BYBIT,PERPETUAL,ALGO-USDT@LIN,exchange,bybit,tardis,crypto,2021-09-23T00:00:00.000Z,,"trades,book_snapshot_5,derivative_ticker,liquidations",ALGO,USDT,USDT,ALGOUSDT,algousdt,False,,,,1.0,0.0001,ALGO-USDT,0.1,ALGO/USDT:USDT,bybit,,,,
BYBIT:PERPETUAL:NEO-USDT@LIN,BYBIT,PERPETUAL,NEO-USDT@LIN,exchange,bybit,tardis,crypto,2022-01-30T00:00:00.000Z,,"trades,book_snapshot_5,derivative_ticker,liquidations",NEO,USDT,USDT,NEOUSDT,neousdt,False,,,,1.0,0.001,NEO-USDT,0.01,NEO/USDT:USDT,bybit,,,,
BYBIT:PERPETUAL:IOTA-USDT@LIN,BYBIT,PERPETUAL,IOTA-USDT@LIN,exchange,bybit,tardis,crypto,2021-12-29T00:00:00.000Z,,"trades,book_snapshot_5,derivative_ticker,liquidations",IOTA,USDT,USDT,IOTAUSDT,iotausdt,False,,,,1.0,0.0001,IOTA-USDT,0.1,IOTA/USDT:USDT,bybit,,,,
BYBIT:PERPETUAL:IOTX-USDT@LIN,BYBIT,PERPETUAL,IOTX-USDT@LIN,exchange,bybit,tardis,crypto,2021-11-12T00:00:00.000Z,,"trades,book_snapshot_5,derivative_ticker,liquidations",IOTX,USDT,USDT,IOTXUSDT,iotxusdt,False,,,,1.0,1e-06,IOTX-USDT,1.0,IOTX/USDT:USDT,bybit,,,,
BYBIT:PERPETUAL:ZEC-USDT@LIN,BYBIT,PERPETUAL,ZEC-USDT@LIN,exchange,bybit,tardis,crypto,2021-11-24T00:00:00.000Z,,"trades,book_snapshot_5,derivative_ticker,liquidations",ZEC,USDT,USDT,ZECUSDT,zecusdt,False,,,,1.0,0.01,ZEC-USDT,0.01,ZEC/USDT:USDT,bybit,,,,
BYBIT:PERPETUAL:KNC-USDT@LIN,BYBIT,PERPETUAL,KNC-USDT@LIN,exchange,bybit,tardis,crypto,2022-01-10T00:00:00.000Z,,"trades,book_snapshot_5,derivative_ticker,liquidations",KNC,USDT,USDT,KNCUSDT,kncusdt,False,,,,1.0,0.0001,KNC-USDT,0.1,KNC/USDT:USDT,bybit,,,,
BYBIT:PERPETUAL:IOST-USDT@LIN,BYBIT,PERPETUAL,IOST-USDT@LIN,exchange,bybit,tardis,crypto,2021-10-12T00:00:00.000Z,,"trades,book_snapshot_5,derivative_ticker,liquidations",IOST,USDT,USDT,IOSTUSDT,iostusdt,False,,,,1.0,1e-06,IOST-USDT,1.0,IOST/USDT:USDT,bybit,,,,
BYBIT:PERPETUAL:KAVA-USDT@LIN,BYBIT,PERPETUAL,KAVA-USDT@LIN,exchange,bybit,tardis,crypto,2022-01-10T00:00:00.000Z,,"trades,book_snapshot_5,derivative_ticker,liquidations",KAVA,USDT,USDT,KAVAUSDT,kavausdt,False,,,,1.0,0.0001,KAVA-USDT,0.1,KAVA/USDT:USDT,bybit,,,,
BYBIT:PERPETUAL:ATOM-USDT@LIN,BYBIT,PERPETUAL,ATOM-USDT@LIN,exchange,bybit,tardis,crypto,2021-10-11T00:00:00.000Z,,"trades,book_snapshot_5,derivative_ticker,liquidations",ATOM,USDT,USDT,ATOMUSDT,atomusdt,False,,,,1.0,0.001,ATOM-USDT,0.1,ATOM/USDT:USDT,bybit,,,,
BYBIT:PERPETUAL:ZIL-USDT@LIN,BYBIT,PERPETUAL,ZIL-USDT@LIN,exchange,bybit,tardis,crypto,2022-01-30T00:00:00.000Z,,"trades,book_snapshot_5,derivative_ticker,liquidations",ZIL,USDT,USDT,ZILUSDT,zilusdt,False,,,,1.0,1e-06,ZIL-USDT,10.0,ZIL/USDT:USDT,bybit,,,,
BYBIT:PERPETUAL:THETA-USDT@LIN,BYBIT,PERPETUAL,THETA-USDT@LIN,exchange,bybit,tardis,crypto,2021-08-31T00:00:00.000Z,,"trades,book_snapshot_5,derivative_ticker,liquidations",THETA,USDT,USDT,THETAUSDT,thetausdt,False,,,,1.0,0.0001,THETA-USDT,0.1,THETA/USDT:USDT,bybit,,,,
BYBIT:PERPETUAL:QTUM-USDT@LIN,BYBIT,PERPETUAL,QTUM-USDT@LIN,exchange,bybit,tardis,crypto,2021-12-13T00:00:00.000Z,,"trades,book_snapshot_5,derivative_ticker,liquidations",QTUM,USDT,USDT,QTUMUSDT,qtumusdt,False,,,,1.0,0.001,QTUM-USDT,0.1,QTUM/USDT:USDT,bybit,,,,
BYBIT:PERPETUAL:ONT-USDT@LIN,BYBIT,PERPETUAL,ONT-USDT@LIN,exchange,bybit,tardis,crypto,2022-06-06T00:00:00.000Z,,"trades,book_snapshot_5,derivative_ticker,liquidations",ONT,USDT,USDT,ONTUSDT,ontusdt,False,,,,1.0,1e-05,ONT-USDT,1.0,ONT/USDT:USDT,bybit,,,,
BYBIT:PERPETUAL:VET-USDT@LIN,BYBIT,PERPETUAL,VET-USDT@LIN,exchange,bybit,tardis,crypto,2021-10-25T00:00:00.000Z,,"trades,book_snapshot_5,derivative_ticker,liquidations",VET,USDT,USDT,VETUSDT,vetusdt,False,,,,1.0,1e-05,VET-USDT,1.0,VET/USDT:USDT,bybit,,,,
BYBIT:PERPETUAL:PAXG-USDT@LIN,BYBIT,PERPETUAL,PAXG-USDT@LIN,exchange,bybit,tardis,crypto,2022-03-15T00:00:00.000Z,,"trades,book_snapshot_5,derivative_ticker,liquidations",PAXG,USDT,USDT,PAXGUSDT,paxgusdt,False,,,,1.0,0.01,PAXG-USDT,0.001,PAXG/USDT:USDT,bybit,,,,
BYBIT:PERPETUAL:USDC-USDT@LIN,BYBIT,PERPETUAL,USDC-USDT@LIN,exchange,bybit,tardis,crypto,2022-06-28T00:00:00.000Z,,"trades,book_snapshot_5,derivative_ticker,liquidations",USDC,USDT,USDT,USDCUSDT,usdcusdt,False,,,,1.0,0.0001,USDC-USDT,0.1,USDC/USDT:USDT,bybit,,,,
BYBIT:PERPETUAL:YFI-USDT@LIN,BYBIT,PERPETUAL,YFI-USDT@LIN,exchange,bybit,tardis,crypto,2021-12-10T00:00:00.000Z,,"trades,book_snapshot_5,derivative_ticker,liquidations",YFI,USDT,USDT,YFIUSDT,yfiusdt,False,,,,1.0,1.0,YFI-USDT,0.0001,YFI/USDT:USDT,bybit,,,,
BYBIT:PERPETUAL:CRV-USDT@LIN,BYBIT,PERPETUAL,CRV-USDT@LIN,exchange,bybit,tardis,crypto,2021-10-25T00:00:00.000Z,,"trades,book_snapshot_5,derivative_ticker,liquidations",CRV,USDT,USDT,CRVUSDT,crvusdt,False,,,,1.0,0.0001,CRV-USDT,0.1,CRV/USDT:USDT,bybit,,,,
BYBIT:PERPETUAL:BAND-USDT@LIN,BYBIT,PERPETUAL,BAND-USDT@LIN,exchange,bybit,tardis,crypto,2022-02-23T00:00:00.000Z,,"trades,book_snapshot_5,derivative_ticker,liquidations",BAND,USDT,USDT,BANDUSDT,bandusdt,False,,,,1.0,0.0001,BAND-USDT,0.1,BAND/USDT:USDT,bybit,,,,
BYBIT:PERPETUAL:DGB-USDT@LIN,BYBIT,PERPETUAL,DGB-USDT@LIN,exchange,bybit,tardis,crypto,2022-03-28T00:00:00.000Z,,"trades,book_snapshot_5,derivative_ticker,liquidations",DGB,USDT,USDT,DGBUSDT,dgbusdt,False,,,,1.0,1e-06,DGB-USDT,10.0,DGB/USDT:USDT,bybit,,,,
BYBIT:PERPETUAL:T-USDT@LIN,BYBIT,PERPETUAL,T-USDT@LIN,exchange,bybit,tardis,crypto,2023-03-06T00:00:00.000Z,,"trades,book_snapshot_5,derivative_ticker,liquidations",T,USDT,USDT,TUSDT,tusdt,False,,,,1.0,1e-05,T-USDT,10.0,T/USDT:USDT,bybit,,,,
BYBIT:PERPETUAL:RVN-USDT@LIN,BYBIT,PERPETUAL,RVN-USDT@LIN,exchange,bybit,tardis,crypto,2022-01-06T00:00:00.000Z,,"trades,book_snapshot_5,derivative_ticker,liquidations",RVN,USDT,USDT,RVNUSDT,rvnusdt,False,,,,1.0,1e-06,RVN-USDT,1.0,RVN/USDT:USDT,bybit,,,,
BYBIT:PERPETUAL:SC-USDT@LIN,BYBIT,PERPETUAL,SC-USDT@LIN,exchange,bybit,tardis,crypto,2021-12-01T00:00:00.000Z,,"trades,book_snapshot_5,derivative_ticker,liquidations",SC,USDT,USDT,SCUSDT,scusdt,False,,,,1.0,1e-06,SC-USDT,10.0,SC/USDT:USDT,bybit,,,,
BYBIT:PERPETUAL:SCRT-USDT@LIN,BYBIT,PERPETUAL,SCRT-USDT@LIN,exchange,bybit,tardis,crypto,2022-03-30T00:00:00.000Z,,"trades,book_snapshot_5,derivative_ticker,liquidations",SCRT,USDT,USDT,SCRTUSDT,scrtusdt,False,,,,1.0,0.0001,SCRT-USDT,0.1,SCRT/USDT:USDT,bybit,,,,
BYBIT:PERPETUAL:ICX-USDT@LIN,BYBIT,PERPETUAL,ICX-USDT@LIN,exchange,bybit,tardis,crypto,2022-04-13T00:00:00.000Z,,"trades,book_snapshot_5,derivative_ticker,liquidations",ICX,USDT,USDT,ICXUSDT,icxusdt,False,,,,1.0,1e-05,ICX-USDT,1.0,ICX/USDT:USDT,bybit,,,,
BYBIT:PERPETUAL:HBAR-USDT@LIN,BYBIT,PERPETUAL,HBAR-USDT@LIN,exchange,bybit,tardis,crypto,2021-10-25T00:00:00.000Z,,"trades,book_snapshot_5,derivative_ticker,liquidations",HBAR,USDT,USDT,HBARUSDT,hbarusdt,False,,,,1.0,1e-05,HBAR-USDT,1.0,HBAR/USDT:USDT,bybit,,,,
BYBIT:PERPETUAL:ENJ-USDT@LIN,BYBIT,PERPETUAL,ENJ-USDT@LIN,exchange,bybit,tardis,crypto,2021-11-01T00:00:00.000Z,,"trades,book_snapshot_5,derivative_ticker,liquidations",ENJ,USDT,USDT,ENJUSDT,enjusdt,False,,,,1.0,1e-05,ENJ-USDT,0.1,ENJ/USDT:USDT,bybit,,,,
BYBIT:PERPETUAL:SNX-USDT@LIN,BYBIT,PERPETUAL,SNX-USDT@LIN,exchange,bybit,tardis,crypto,2021-12-13T00:00:00.000Z,,"trades,book_snapshot_5,derivative_ticker,liquidations",SNX,USDT,USDT,SNXUSDT,snxusdt,False,,,,1.0,0.0001,SNX-USDT,0.1,SNX/USDT:USDT,bybit,,,,
BYBIT:PERPETUAL:LRC-USDT@LIN,BYBIT,PERPETUAL,LRC-USDT@LIN,exchange,bybit,tardis,crypto,2021-11-11T00:00:00.000Z,,"trades,book_snapshot_5,derivative_ticker,liquidations",LRC,USDT,USDT,LRCUSDT,lrcusdt,False,,,,1.0,1e-05,LRC-USDT,0.1,LRC/USDT:USDT,bybit,,,,
BYBIT:PERPETUAL:RSR-USDT@LIN,BYBIT,PERPETUAL,RSR-USDT@LIN,exchange,bybit,tardis,crypto,2021-12-01T00:00:00.000Z,,"trades,book_snapshot_5,derivative_ticker,liquidations",RSR,USDT,USDT,RSRUSDT,rsrusdt,False,,,,1.0,1e-06,RSR-USDT,10.0,RSR/USDT:USDT,bybit,,,,
BYBIT:PERPETUAL:WAVES-USDT@LIN,BYBIT,PERPETUAL,WAVES-USDT@LIN,exchange,bybit,tardis,crypto,2022-01-05T00:00:00.000Z,,"trades,book_snapshot_5,derivative_ticker,liquidations",WAVES,USDT,USDT,WAVESUSDT,wavesusdt,False,,,,1.0,0.0001,WAVES-USDT,0.1,WAVES/USDT:USDT,bybit,,,,
BYBIT:PERPETUAL:SUSHI-USDT@LIN,BYBIT,PERPETUAL,SUSHI-USDT@LIN,exchange,bybit,tardis,crypto,2021-05-13T00:00:00.000Z,,"trades,book_snapshot_5,derivative_ticker,liquidations",SUSHI,USDT,USDT,SUSHIUSDT,sushiusdt,False,,,,1.0,0.0001,SUSHI-USDT,0.1,SUSHI/USDT:USDT,bybit,,,,
BYBIT:PERPETUAL:TRB-USDT@LIN,BYBIT,PERPETUAL,TRB-USDT@LIN,exchange,bybit,tardis,crypto,2022-06-10T00:00:00.000Z,,"trades,book_snapshot_5,derivative_ticker,liquidations",TRB,USDT,USDT,TRBUSDT,trbusdt,False,,,,1.0,0.01,TRB-USDT,0.01,TRB/USDT:USDT,bybit,,,,
BYBIT:PERPETUAL:MANA-USDT@LIN,BYBIT,PERPETUAL,MANA-USDT@LIN,exchange,bybit,tardis,crypto,2021-11-08T00:00:00.000Z,,"trades,book_snapshot_5,derivative_ticker,liquidations",MANA,USDT,USDT,MANAUSDT,manausdt,False,,,,1.0,0.0001,MANA-USDT,0.1,MANA/USDT:USDT,bybit,,,,
BYBIT:PERPETUAL:EGLD-USDT@LIN,BYBIT,PERPETUAL,EGLD-USDT@LIN,exchange,bybit,tardis,crypto,2021-11-23T00:00:00.000Z,,"trades,book_snapshot_5,derivative_ticker,liquidations",EGLD,USDT,USDT,EGLDUSDT,egldusdt,False,,,,1.0,0.001,EGLD-USDT,0.01,EGLD/USDT:USDT,bybit,,,,
BYBIT:PERPETUAL:MTL-USDT@LIN,BYBIT,PERPETUAL,MTL-USDT@LIN,exchange,bybit,tardis,crypto,2022-04-13T00:00:00.000Z,,"trades,book_snapshot_5,derivative_ticker,liquidations",MTL,USDT,USDT,MTLUSDT,mtlusdt,False,,,,1.0,0.0001,MTL-USDT,0.1,MTL/USDT:USDT,bybit,,,,
BYBIT:PERPETUAL:CVC-USDT@LIN,BYBIT,PERPETUAL,CVC-USDT@LIN,exchange,bybit,tardis,crypto,2021-12-01T00:00:00.000Z,,"trades,book_snapshot_5,derivative_ticker,liquidations",CVC,USDT,USDT,CVCUSDT,cvcusdt,False,,,,1.0,1e-05,CVC-USDT,1.0,CVC/USDT:USDT,bybit,,,,
BYBIT:PERPETUAL:ARPA-USDT@LIN,BYBIT,PERPETUAL,ARPA-USDT@LIN,exchange,bybit,tardis,crypto,2022-04-20T00:00:00.000Z,,"trades,book_snapshot_5,derivative_ticker,liquidations",ARPA,USDT,USDT,ARPAUSDT,arpausdt,False,,,,1.0,1e-05,ARPA-USDT,10.0,ARPA/USDT:USDT,bybit,,,,
BYBIT:PERPETUAL:KSM-USDT@LIN,BYBIT,PERPETUAL,KSM-USDT@LIN,exchange,bybit,tardis,crypto,2021-10-12T00:00:00.000Z,,"trades,book_snapshot_5,derivative_ticker,liquidations",KSM,USDT,USDT,KSMUSDT,ksmusdt,False,,,,1.0,0.001,KSM-USDT,0.01,KSM/USDT:USDT,bybit,,,,
BYBIT:PERPETUAL:RLC-USDT@LIN,BYBIT,PERPETUAL,RLC-USDT@LIN,exchange,bybit,tardis,crypto,2023-03-22T00:00:00.000Z,,"trades,book_snapshot_5,derivative_ticker,liquidations",RLC,USDT,USDT,RLCUSDT,rlcusdt,False,,,,1.0,0.0001,RLC-USDT,0.1,RLC/USDT:USDT,bybit,,,,
BYBIT:PERPETUAL:STORJ-USDT@LIN,BYBIT,PERPETUAL,STORJ-USDT@LIN,exchange,bybit,tardis,crypto,2021-11-22T00:00:00.000Z,,"trades,book_snapshot_5,derivative_ticker,liquidations",STORJ,USDT,USDT,STORJUSDT,storjusdt,False,,,,1.0,0.0001,STORJ-USDT,0.1,STORJ/USDT:USDT,bybit,,,,
BYBIT:PERPETUAL:AXS-USDT@LIN,BYBIT,PERPETUAL,AXS-USDT@LIN,exchange,bybit,tardis,crypto,2021-08-31T00:00:00.000Z,,"trades,book_snapshot_5,derivative_ticker,liquidations",AXS,USDT,USDT,AXSUSDT,axsusdt,False,,,,1.0,0.001,AXS-USDT,0.1,AXS/USDT:USDT,bybit,,,,
BYBIT:PERPETUAL:BEL-USDT@LIN,BYBIT,PERPETUAL,BEL-USDT@LIN,exchange,bybit,tardis,crypto,2022-06-17T00:00:00.000Z,,"trades,book_snapshot_5,derivative_ticker,liquidations",BEL,USDT,USDT,BELUSDT,belusdt,False,,,,1.0,0.0001,BEL-USDT,1.0,BEL/USDT:USDT,bybit,,,,
BYBIT:PERPETUAL:CTK-USDT@LIN,BYBIT,PERPETUAL,CTK-USDT@LIN,exchange,bybit,tardis,crypto,2021-12-03T00:00:00.000Z,,"trades,book_snapshot_5,derivative_ticker,liquidations",CTK,USDT,USDT,CTKUSDT,ctkusdt,False,,,,1.0,0.0001,CTK-USDT,0.1,CTK/USDT:USDT,bybit,,,,
BYBIT:PERPETUAL:STX-USDT@LIN,BYBIT,PERPETUAL,STX-USDT@LIN,exchange,bybit,tardis,crypto,2021-12-03T00:00:00.000Z,,"trades,book_snapshot_5,derivative_ticker,liquidations",STX,USDT,USDT,STXUSDT,stxusdt,False,,,,1.0,0.0001,STX-USDT,0.1,STX/USDT:USDT,bybit,,,,
BYBIT:PERPETUAL:ZEN-USDT@LIN,BYBIT,PERPETUAL,ZEN-USDT@LIN,exchange,bybit,tardis,crypto,2021-11-26T00:00:00.000Z,,"trades,book_snapshot_5,derivative_ticker,liquidations",ZEN,USDT,USDT,ZENUSDT,zenusdt,False,,,,1.0,0.001,ZEN-USDT,0.1,ZEN/USDT:USDT,bybit,,,,
BYBIT:PERPETUAL:GTC-USDT@LIN,BYBIT,PERPETUAL,GTC-USDT@LIN,exchange,bybit,tardis,crypto,2021-11-29T00:00:00.000Z,,"trades,book_snapshot_5,derivative_ticker,liquidations",GTC,USDT,USDT,GTCUSDT,gtcusdt,False,,,,1.0,0.0001,GTC-USDT,0.1,GTC/USDT:USDT,bybit,,,,
BYBIT:PERPETUAL:RUNE-USDT@LIN,BYBIT,PERPETUAL,RUNE-USDT@LIN,exchange,bybit,tardis,crypto,2021-11-29T00:00:00.000Z,,"trades,book_snapshot_5,derivative_ticker,liquidations",RUNE,USDT,USDT,RUNEUSDT,runeusdt,False,,,,1.0,0.0001,RUNE-USDT,0.1,RUNE/USDT:USDT,bybit,,,,
BYBIT:PERPETUAL:HNT-USDT@LIN,BYBIT,PERPETUAL,HNT-USDT@LIN,exchange,bybit,tardis,crypto,2022-01-24T00:00:00.000Z,,"trades,book_snapshot_5,derivative_ticker,liquidations",HNT,USDT,USDT,HNTUSDT,hntusdt,False,,,,1.0,0.001,HNT-USDT,0.01,HNT/USDT:USDT,bybit,,,,
BYBIT:PERPETUAL:CELO-USDT@LIN,BYBIT,PERPETUAL,CELO-USDT@LIN,exchange,bybit,tardis,crypto,2022-01-05T00:00:00.000Z,,"trades,book_snapshot_5,derivative_ticker,liquidations",CELO,USDT,USDT,CELOUSDT,celousdt,False,,,,1.0,0.0001,CELO-USDT,0.1,CELO/USDT:USDT,bybit,,,,
BYBIT:PERPETUAL:CELR-USDT@LIN,BYBIT,PERPETUAL,CELR-USDT@LIN,exchange,bybit,tardis,crypto,2021-10-25T00:00:00.000Z,,"trades,book_snapshot_5,derivative_ticker,liquidations",CELR,USDT,USDT,CELRUSDT,celrusdt,False,,,,1.0,1e-06,CELR-USDT,1.0,CELR/USDT:USDT,bybit,,,,
BYBIT:PERPETUAL:NEAR-USDT@LIN,BYBIT,PERPETUAL,NEAR-USDT@LIN,exchange,bybit,tardis,crypto,2021-10-11T00:00:00.000Z,,"trades,book_snapshot_5,derivative_ticker,liquidations",NEAR,USDT,USDT,NEARUSDT,nearusdt,False,,,,1.0,0.001,NEAR-USDT,0.1,NEAR/USDT:USDT,bybit,,,,
BYBIT:PERPETUAL:SKL-USDT@LIN,BYBIT,PERPETUAL,SKL-USDT@LIN,exchange,bybit,tardis,crypto,2022-03-23T00:00:00.000Z,,"trades,book_snapshot_5,derivative_ticker,liquidations",SKL,USDT,USDT,SKLUSDT,sklusdt,False,,,,1.0,1e-05,SKL-USDT,1.0,SKL/USDT:USDT,bybit,,,,
BYBIT:PERPETUAL:GRT-USDT@LIN,BYBIT,PERPETUAL,GRT-USDT@LIN,exchange,bybit,tardis,crypto,2021-12-06T00:00:00.000Z,,"trades,book_snapshot_5,derivative_ticker,liquidations",GRT,USDT,USDT,GRTUSDT,grtusdt,False,,,,1.0,1e-05,GRT-USDT,0.1,GRT/USDT:USDT,bybit,,,,
BYBIT:PERPETUAL:CHZ-USDT@LIN,BYBIT,PERPETUAL,CHZ-USDT@LIN,exchange,bybit,tardis,crypto,2021-10-12T00:00:00.000Z,,"trades,book_snapshot_5,derivative_ticker,liquidations",CHZ,USDT,USDT,CHZUSDT,chzusdt,False,,,,1.0,1e-05,CHZ-USDT,1.0,CHZ/USDT:USDT,bybit,,,,
BYBIT:PERPETUAL:1INCH-USDT@LIN,BYBIT,PERPETUAL,1INCH-USDT@LIN,exchange,bybit,tardis,crypto,2021-12-06T00:00:00.000Z,,"trades,book_snapshot_5,derivative_ticker,liquidations",1INCH,USDT,USDT,1INCHUSDT,1inchusdt,False,,,,1.0,0.0001,1INCH-USDT,0.1,1INCH/USDT:USDT,bybit,,,,
BYBIT:PERPETUAL:TRU-USDT@LIN,BYBIT,PERPETUAL,TRU-USDT@LIN,exchange,bybit,tardis,crypto,2023-03-09T00:00:00.000Z,,"trades,book_snapshot_5,derivative_ticker,liquidations",TRU,USDT,USDT,TRUUSDT,truusdt,False,,,,1.0,1e-05,TRU-USDT,1.0,TRU/USDT:USDT,bybit,,,,
BYBIT:PERPETUAL:JST-USDT@LIN,BYBIT,PERPETUAL,JST-USDT@LIN,exchange,bybit,tardis,crypto,2022-02-25T00:00:00.000Z,,"trades,book_snapshot_5,derivative_ticker,liquidations",JST,USDT,USDT,JSTUSDT,jstusdt,False,,,,1.0,1e-05,JST-USDT,10.0,JST/USDT:USDT,bybit,,,,
BYBIT:PERPETUAL:SUN-USDT@LIN,BYBIT,PERPETUAL,SUN-USDT@LIN,exchange,bybit,tardis,crypto,2022-02-25T00:00:00.000Z,,"trades,book_snapshot_5,derivative_ticker,liquidations",SUN,USDT,USDT,SUNUSDT,sunusdt,False,,,,1.0,1e-06,SUN-USDT,10.0,SUN/USDT:USDT,bybit,,,,
BYBIT:PERPETUAL:ANKR-USDT@LIN,BYBIT,PERPETUAL,ANKR-USDT@LIN,exchange,bybit,tardis,crypto,2021-11-24T00:00:00.000Z,,"trades,book_snapshot_5,derivative_ticker,liquidations",ANKR,USDT,USDT,ANKRUSDT,ankrusdt,False,,,,1.0,1e-06,ANKR-USDT,1.0,ANKR/USDT:USDT,bybit,,,,
BYBIT:PERPETUAL:SAND-USDT@LIN,BYBIT,PERPETUAL,SAND-USDT@LIN,exchange,bybit,tardis,crypto,2021-11-01T00:00:00.000Z,,"trades,book_snapshot_5,derivative_ticker,liquidations",SAND,USDT,USDT,SANDUSDT,sandusdt,False,,,,1.0,0.0001,SAND-USDT,1.0,SAND/USDT:USDT,bybit,,,,
BYBIT:PERPETUAL:DODO-USDT@LIN,BYBIT,PERPETUAL,DODO-USDT@LIN,exchange,bybit,tardis,crypto,2022-04-22T00:00:00.000Z,,"trades,book_snapshot_5,derivative_ticker,liquidations",DODO,USDT,USDT,DODOUSDT,dodousdt,False,,,,1.0,1e-05,DODO-USDT,1.0,DODO/USDT:USDT,bybit,,,,
BYBIT:PERPETUAL:ICP-USDT@LIN,BYBIT,PERPETUAL,ICP-USDT@LIN,exchange,bybit,tardis,crypto,2021-09-15T00:00:00.000Z,,"trades,book_snapshot_5,derivative_ticker,liquidations",ICP,USDT,USDT,ICPUSDT,icpusdt,False,,,,1.0,0.001,ICP-USDT,0.1,ICP/USDT:USDT,bybit,,,,
BYBIT:PERPETUAL:FLOW-USDT@LIN,BYBIT,PERPETUAL,FLOW-USDT@LIN,exchange,bybit,tardis,crypto,2021-11-26T00:00:00.000Z,,"trades,book_snapshot_5,derivative_ticker,liquidations",FLOW,USDT,USDT,FLOWUSDT,flowusdt,False,,,,1.0,0.0001,FLOW-USDT,0.1,FLOW/USDT:USDT,bybit,,,,
BYBIT:PERPETUAL:GALA-USDT@LIN,BYBIT,PERPETUAL,GALA-USDT@LIN,exchange,bybit,tardis,crypto,2021-11-09T00:00:00.000Z,,"trades,book_snapshot_5,derivative_ticker,liquidations",GALA,USDT,USDT,GALAUSDT,galausdt,False,,,,1.0,1e-06,GALA-USDT,1.0,GALA/USDT:USDT,bybit,,,,
BYBIT:PERPETUAL:CVX-USDT@LIN,BYBIT,PERPETUAL,CVX-USDT@LIN,exchange,bybit,tardis,crypto,2022-04-20T00:00:00.000Z,,"trades,book_snapshot_5,derivative_ticker,liquidations",CVX,USDT,USDT,CVXUSDT,cvxusdt,False,,,,1.0,0.001,CVX-USDT,0.01,CVX/USDT:USDT,bybit,,,,
BYBIT:PERPETUAL:AR-USDT@LIN,BYBIT,PERPETUAL,AR-USDT@LIN,exchange,bybit,tardis,crypto,2021-12-20T00:00:00.000Z,,"trades,book_snapshot_5,derivative_ticker,liquidations",AR,USDT,USDT,ARUSDT,arusdt,False,,,,1.0,0.001,AR-USDT,0.1,AR/USDT:USDT,bybit,,,,
BYBIT:PERPETUAL:ARB-USDT@LIN,BYBIT,PERPETUAL,ARB-USDT@LIN,exchange,bybit,tardis,crypto,2023-03-23T00:00:00.000Z,,"trades,book_snapshot_5,derivative_ticker,liquidations",ARB,USDT,USDT,ARBUSDT,arbusdt,False,,,,1.0,0.0001,ARB-USDT,0.1,ARB/USDT:USDT,bybit,,,,
BYBIT:PERPETUAL:ROSE-USDT@LIN,BYBIT,PERPETUAL,ROSE-USDT@LIN,exchange,bybit,tardis,crypto,2022-01-14T00:00:00.000Z,,"trades,book_snapshot_5,derivative_ticker,liquidations",ROSE,USDT,USDT,ROSEUSDT,roseusdt,False,,,,1.0,1e-05,ROSE-USDT,1.0,ROSE/USDT:USDT,bybit,,,,
BYBIT:PERPETUAL:MINA-USDT@LIN,BYBIT,PERPETUAL,MINA-USDT@LIN,exchange,bybit,tardis,crypto,2022-04-07T00:00:00.000Z,,"trades,book_snapshot_5,derivative_ticker,liquidations",MINA,USDT,USDT,MINAUSDT,minausdt,False,,,,1.0,0.0001,MINA-USDT,0.1,MINA/USDT:USDT,bybit,,,,
BYBIT:PERPETUAL:YGG-USDT@LIN,BYBIT,PERPETUAL,YGG-USDT@LIN,exchange,bybit,tardis,crypto,2021-11-23T00:00:00.000Z,,"trades,book_snapshot_5,derivative_ticker,liquidations",YGG,USDT,USDT,YGGUSDT,yggusdt,False,,,,1.0,0.0001,YGG-USDT,0.1,YGG/USDT:USDT,bybit,,,,
BYBIT:PERPETUAL:SPELL-USDT@LIN,BYBIT,PERPETUAL,SPELL-USDT@LIN,exchange,bybit,tardis,crypto,2021-12-13T00:00:00.000Z,,"trades,book_snapshot_5,derivative_ticker,liquidations",SPELL,USDT,USDT,SPELLUSDT,spellusdt,False,,,,1.0,1e-07,SPELL-USDT,10.0,SPELL/USDT:USDT,bybit,,,,
BYBIT:PERPETUAL:LPT-USDT@LIN,BYBIT,PERPETUAL,LPT-USDT@LIN,exchange,bybit,tardis,crypto,2021-12-13T00:00:00.000Z,,"trades,book_snapshot_5,derivative_ticker,liquidations",LPT,USDT,USDT,LPTUSDT,lptusdt,False,,,,1.0,0.001,LPT-USDT,0.1,LPT/USDT:USDT,bybit,,,,
BYBIT:PERPETUAL:AUDIO-USDT@LIN,BYBIT,PERPETUAL,AUDIO-USDT@LIN,exchange,bybit,tardis,crypto,2021-11-26T00:00:00.000Z,,"trades,book_snapshot_5,derivative_ticker,liquidations",AUDIO,USDT,USDT,AUDIOUSDT,audiousdt,False,,,,1.0,1e-05,AUDIO-USDT,0.1,AUDIO/USDT:USDT,bybit,,,,
BYBIT:PERPETUAL:LDO-USDT@LIN,BYBIT,PERPETUAL,LDO-USDT@LIN,exchange,bybit,tardis,crypto,2022-07-21T00:00:00.000Z,,"trades,book_snapshot_5,derivative_ticker,liquidations",LDO,USDT,USDT,LDOUSDT,ldousdt,False,,,,1.0,0.0001,LDO-USDT,0.1,LDO/USDT:USDT,bybit,,,,
BYBIT:PERPETUAL:JASMY-USDT@LIN,BYBIT,PERPETUAL,JASMY-USDT@LIN,exchange,bybit,tardis,crypto,2022-01-19T00:00:00.000Z,,"trades,book_snapshot_5,derivative_ticker,liquidations",JASMY,USDT,USDT,JASMYUSDT,jasmyusdt,False,,,,1.0,1e-06,JASMY-USDT,1.0,JASMY/USDT:USDT,bybit,,,,
BYBIT:PERPETUAL:CORE-USDT@LIN,BYBIT,PERPETUAL,CORE-USDT@LIN,exchange,bybit,tardis,crypto,2023-02-09T00:00:00.000Z,,"trades,book_snapshot_5,derivative_ticker,liquidations",CORE,USDT,USDT,COREUSDT,coreusdt,False,,,,1.0,0.0001,CORE-USDT,0.1,CORE/USDT:USDT,bybit,,,,
BYBIT:PERPETUAL:APE-USDT@LIN,BYBIT,PERPETUAL,APE-USDT@LIN,exchange,bybit,tardis,crypto,2022-03-18T00:00:00.000Z,,"trades,book_snapshot_5,derivative_ticker,liquidations",APE,USDT,USDT,APEUSDT,apeusdt,False,,,,1.0,0.0001,APE-USDT,0.1,APE/USDT:USDT,bybit,,,,
BYBIT:PERPETUAL:ORDI-USDT@LIN,BYBIT,PERPETUAL,ORDI-USDT@LIN,exchange,bybit,tardis,crypto,2023-05-22T00:00:00.000Z,,"trades,book_snapshot_5,derivative_ticker,liquidations",ORDI,USDT,USDT,ORDIUSDT,ordiusdt,False,,,,1.0,0.001,ORDI-USDT,0.01,ORDI/USDT:USDT,bybit,,,,
BYBIT:PERPETUAL:FLR-USDT@LIN,BYBIT,PERPETUAL,FLR-USDT@LIN,exchange,bybit,tardis,crypto,2023-03-17T00:00:00.000Z,,"trades,book_snapshot_5,derivative_ticker,liquidations",FLR,USDT,USDT,FLRUSDT,flrusdt,False,,,,1.0,1e-05,FLR-USDT,10.0,FLR/USDT:USDT,bybit,,,,
BYBIT:PERPETUAL:CFX-USDT@LIN,BYBIT,PERPETUAL,CFX-USDT@LIN,exchange,bybit,tardis,crypto,2023-02-21T00:00:00.000Z,,"trades,book_snapshot_5,derivative_ticker,liquidations",CFX,USDT,USDT,CFXUSDT,cfxusdt,False,,,,1.0,1e-05,CFX-USDT,1.0,CFX/USDT:USDT,bybit,,,,
BYBIT:PERPETUAL:DYDX-USDT@LIN,BYBIT,PERPETUAL,DYDX-USDT@LIN,exchange,bybit,tardis,crypto,2021-10-11T00:00:00.000Z,,"trades,book_snapshot_5,derivative_ticker,liquidations",DYDX,USDT,USDT,DYDXUSDT,dydxusdt,False,,,,1.0,0.0001,DYDX-USDT,0.1,DYDX/USDT:USDT,bybit,,,,
BYBIT:PERPETUAL:WOO-USDT@LIN,BYBIT,PERPETUAL,WOO-USDT@LIN,exchange,bybit,tardis,crypto,2021-11-09T00:00:00.000Z,,"trades,book_snapshot_5,derivative_ticker,liquidations",WOO,USDT,USDT,WOOUSDT,woousdt,False,,,,1.0,1e-05,WOO-USDT,0.1,WOO/USDT:USDT,bybit,,,,
BYBIT:PERPETUAL:ENS-USDT@LIN,BYBIT,PERPETUAL,ENS-USDT@LIN,exchange,bybit,tardis,crypto,2021-11-12T00:00:00.000Z,,"trades,book_snapshot_5,derivative_ticker,liquidations",ENS,USDT,USDT,ENSUSDT,ensusdt,False,,,,1.0,0.001,ENS-USDT,0.1,ENS/USDT:USDT,bybit,,,,
BYBIT:PERPETUAL:CKB-USDT@LIN,BYBIT,PERPETUAL,CKB-USDT@LIN,exchange,bybit,tardis,crypto,2022-02-15T00:00:00.000Z,,"trades,book_snapshot_5,derivative_ticker,liquidations",CKB,USDT,USDT,CKBUSDT,ckbusdt,False,,,,1.0,1e-06,CKB-USDT,10.0,CKB/USDT:USDT,bybit,,,,
BYBIT:PERPETUAL:BLUR-USDT@LIN,BYBIT,PERPETUAL,BLUR-USDT@LIN,exchange,bybit,tardis,crypto,2023-02-15T00:00:00.000Z,,"trades,book_snapshot_5,derivative_ticker,liquidations",BLUR,USDT,USDT,BLURUSDT,blurusdt,False,,,,1.0,1e-05,BLUR-USDT,1.0,BLUR/USDT:USDT,bybit,,,,
BYBIT:PERPETUAL:TWT-USDT@LIN,BYBIT,PERPETUAL,TWT-USDT@LIN,exchange,bybit,tardis,crypto,2022-11-18T00:00:00.000Z,,"trades,book_snapshot_5,derivative_ticker,liquidations",TWT,USDT,USDT,TWTUSDT,twtusdt,False,,,,1.0,0.0001,TWT-USDT,0.1,TWT/USDT:USDT,bybit,,,,
BYBIT:PERPETUAL:ASTR-USDT@LIN,BYBIT,PERPETUAL,ASTR-USDT@LIN,exchange,bybit,tardis,crypto,2022-04-04T00:00:00.000Z,,"trades,book_snapshot_5,derivative_ticker,liquidations",ASTR,USDT,USDT,ASTRUSDT,astrusdt,False,,,,1.0,1e-05,ASTR-USDT,1.0,ASTR/USDT:USDT,bybit,,,,
BYBIT:PERPETUAL:GMT-USDT@LIN,BYBIT,PERPETUAL,GMT-USDT@LIN,exchange,bybit,tardis,crypto,2022-03-19T00:00:00.000Z,,"trades,book_snapshot_5,derivative_ticker,liquidations",GMT,USDT,USDT,GMTUSDT,gmtusdt,False,,,,1.0,1e-05,GMT-USDT,1.0,GMT/USDT:USDT,bybit,,,,
BYBIT:PERPETUAL:PEOPLE-USDT@LIN,BYBIT,PERPETUAL,PEOPLE-USDT@LIN,exchange,bybit,tardis,crypto,2021-12-29T00:00:00.000Z,,"trades,book_snapshot_5,derivative_ticker,liquidations",PEOPLE,USDT,USDT,PEOPLEUSDT,peopleusdt,False,,,,1.0,1e-06,PEOPLE-USDT,1.0,PEOPLE/USDT:USDT,bybit,,,,
BYBIT:PERPETUAL:SFP-USDT@LIN,BYBIT,PERPETUAL,SFP-USDT@LIN,exchange,bybit,tardis,crypto,2021-11-26T00:00:00.000Z,,"trades,book_snapshot_5,derivative_ticker,liquidations",SFP,USDT,USDT,SFPUSDT,sfpusdt,False,,,,1.0,0.0001,SFP-USDT,0.1,SFP/USDT:USDT,bybit,,,,
BYBIT:PERPETUAL:ID-USDT@LIN,BYBIT,PERPETUAL,ID-USDT@LIN,exchange,bybit,tardis,crypto,2023-03-24T00:00:00.000Z,,"trades,book_snapshot_5,derivative_ticker,liquidations",ID,USDT,USDT,IDUSDT,idusdt,False,,,,1.0,1e-05,ID-USDT,1.0,ID/USDT:USDT,bybit,,,,
BYBIT:PERPETUAL:IDEX-USDT@LIN,BYBIT,PERPETUAL,IDEX-USDT@LIN,exchange,bybit,tardis,crypto,2023-05-23T00:00:00.000Z,,"trades,book_snapshot_5,derivative_ticker,liquidations",IDEX,USDT,USDT,IDEXUSDT,idexusdt,False,,,,1.0,1e-05,IDEX-USDT,10.0,IDEX/USDT:USDT,bybit,,,,
BYBIT:PERPETUAL:MASK-USDT@LIN,BYBIT,PERPETUAL,MASK-USDT@LIN,exchange,bybit,tardis,crypto,2021-12-03T00:00:00.000Z,,"trades,book_snapshot_5,derivative_ticker,liquidations",MASK,USDT,USDT,MASKUSDT,maskusdt,False,,,,1.0,0.0001,MASK-USDT,0.1,MASK/USDT:USDT,bybit,,,,
BYBIT:PERPETUAL:GLMR-USDT@LIN,BYBIT,PERPETUAL,GLMR-USDT@LIN,exchange,bybit,tardis,crypto,2022-03-30T00:00:00.000Z,,"trades,book_snapshot_5,derivative_ticker,liquidations",GLMR,USDT,USDT,GLMRUSDT,glmrusdt,False,,,,1.0,1e-05,GLMR-USDT,0.1,GLMR/USDT:USDT,bybit,,,,
BYBIT:PERPETUAL:GMX-USDT@LIN,BYBIT,PERPETUAL,GMX-USDT@LIN,exchange,bybit,tardis,crypto,2022-10-10T00:00:00.000Z,,"trades,book_snapshot_5,derivative_ticker,liquidations",GMX,USDT,USDT,GMXUSDT,gmxusdt,False,,,,1.0,0.001,GMX-USDT,0.01,GMX/USDT:USDT,bybit,,,,
BYBIT:PERPETUAL:SSV-USDT@LIN,BYBIT,PERPETUAL,SSV-USDT@LIN,exchange,bybit,tardis,crypto,2023-03-01T00:00:00.000Z,,"trades,book_snapshot_5,derivative_ticker,liquidations",SSV,USDT,USDT,SSVUSDT,ssvusdt,False,,,,1.0,0.001,SSV-USDT,0.01,SSV/USDT:USDT,bybit,,,,
BYBIT:PERPETUAL:TLM-USDT@LIN,BYBIT,PERPETUAL,TLM-USDT@LIN,exchange,bybit,tardis,crypto,2021-11-22T00:00:00.000Z,,"trades,book_snapshot_5,derivative_ticker,liquidations",TLM,USDT,USDT,TLMUSDT,tlmusdt,False,,,,1.0,1e-06,TLM-USDT,1.0,TLM/USDT:USDT,bybit,,,,
BYBIT:PERPETUAL:RPL-USDT@LIN,BYBIT,PERPETUAL,RPL-USDT@LIN,exchange,bybit,tardis,crypto,2023-03-01T00:00:00.000Z,,"trades,book_snapshot_5,derivative_ticker,liquidations",RPL,USDT,USDT,RPLUSDT,rplusdt,False,,,,1.0,0.001,RPL-USDT,0.01,RPL/USDT:USDT,bybit,,,,
BYBIT:PERPETUAL:ONE-USDT@LIN,BYBIT,PERPETUAL,ONE-USDT@LIN,exchange,bybit,tardis,crypto,2021-10-25T00:00:00.000Z,,"trades,book_snapshot_5,derivative_ticker,liquidations",ONE,USDT,USDT,ONEUSDT,oneusdt,False,,,,1.0,1e-06,ONE-USDT,1.0,ONE/USDT:USDT,bybit,,,,
BYBIT:PERPETUAL:C98-USDT@LIN,BYBIT,PERPETUAL,C98-USDT@LIN,exchange,bybit,tardis,crypto,2021-10-25T00:00:00.000Z,,"trades,book_snapshot_5,derivative_ticker,liquidations",C98,USDT,USDT,C98USDT,c98usdt,False,,,,1.0,1e-05,C98-USDT,0.1,C98/USDT:USDT,bybit,,,,
BYBIT:PERPETUAL:ALICE-USDT@LIN,BYBIT,PERPETUAL,ALICE-USDT@LIN,exchange,bybit,tardis,crypto,2021-10-25T00:00:00.000Z,,"trades,book_snapshot_5,derivative_ticker,liquidations",ALICE,USDT,USDT,ALICEUSDT,aliceusdt,False,,,,1.0,0.0001,ALICE-USDT,0.1,ALICE/USDT:USDT,bybit,,,,
BYBIT:PERPETUAL:CHR-USDT@LIN,BYBIT,PERPETUAL,CHR-USDT@LIN,exchange,bybit,tardis,crypto,2021-11-18T00:00:00.000Z,,"trades,book_snapshot_5,derivative_ticker,liquidations",CHR,USDT,USDT,CHRUSDT,chrusdt,False,,,,1.0,1e-05,CHR-USDT,0.1,CHR/USDT:USDT,bybit,,,,
BYBIT:PERPETUAL:SLP-USDT@LIN,BYBIT,PERPETUAL,SLP-USDT@LIN,exchange,bybit,tardis,crypto,2021-11-18T00:00:00.000Z,,"trades,book_snapshot_5,derivative_ticker,liquidations",SLP,USDT,USDT,SLPUSDT,slpusdt,False,,,,1.0,1e-07,SLP-USDT,10.0,SLP/USDT:USDT,bybit,,,,
BYBIT:PERPETUAL:IMX-USDT@LIN,BYBIT,PERPETUAL,IMX-USDT@LIN,exchange,bybit,tardis,crypto,2021-11-24T00:00:00.000Z,,"trades,book_snapshot_5,derivative_ticker,liquidations",IMX,USDT,USDT,IMXUSDT,imxusdt,False,,,,1.0,0.0001,IMX-USDT,0.1,IMX/USDT:USDT,bybit,,,,
BYBIT:PERPETUAL:ILV-USDT@LIN,BYBIT,PERPETUAL,ILV-USDT@LIN,exchange,bybit,tardis,crypto,2021-11-26T00:00:00.000Z,,"trades,book_snapshot_5,derivative_ticker,liquidations",ILV,USDT,USDT,ILVUSDT,ilvusdt,False,,,,1.0,0.001,ILV-USDT,0.01,ILV/USDT:USDT,bybit,,,,
BYBIT:PERPETUAL:BICO-USDT@LIN,BYBIT,PERPETUAL,BICO-USDT@LIN,exchange,bybit,tardis,crypto,2021-12-03T00:00:00.000Z,,"trades,book_snapshot_5,derivative_ticker,liquidations",BICO,USDT,USDT,BICOUSDT,bicousdt,False,,,,1.0,1e-05,BICO-USDT,0.1,BICO/USDT:USDT,bybit,,,,
BYBIT:PERPETUAL:COTI-USDT@LIN,BYBIT,PERPETUAL,COTI-USDT@LIN,exchange,bybit,tardis,crypto,2021-12-03T00:00:00.000Z,,"trades,book_snapshot_5,derivative_ticker,liquidations",COTI,USDT,USDT,COTIUSDT,cotiusdt,False,,,,1.0,1e-05,COTI-USDT,1.0,COTI/USDT:USDT,bybit,,,,
BYBIT:PERPETUAL:REQ-USDT@LIN,BYBIT,PERPETUAL,REQ-USDT@LIN,exchange,bybit,tardis,crypto,2021-12-06T00:00:00.000Z,,"trades,book_snapshot_5,derivative_ticker,liquidations",REQ,USDT,USDT,REQUSDT,requsdt,False,,,,1.0,1e-05,REQ-USDT,1.0,REQ/USDT:USDT,bybit,,,,
BYBIT:PERPETUAL:DUSK-USDT@LIN,BYBIT,PERPETUAL,DUSK-USDT@LIN,exchange,bybit,tardis,crypto,2021-12-17T00:00:00.000Z,,"trades,book_snapshot_5,derivative_ticker,liquidations",DUSK,USDT,USDT,DUSKUSDT,duskusdt,False,,,,1.0,1e-05,DUSK-USDT,1.0,DUSK/USDT:USDT,bybit,,,,
BYBIT:PERPETUAL:DENT-USDT@LIN,BYBIT,PERPETUAL,DENT-USDT@LIN,exchange,bybit,tardis,crypto,2022-01-14T00:00:00.000Z,,"trades,book_snapshot_5,derivative_ticker,liquidations",DENT,USDT,USDT,DENTUSDT,dentusdt,False,,,,1.0,1e-07,DENT-USDT,100.0,DENT/USDT:USDT,bybit,,,,
BYBIT:PERPETUAL:RSS3-USDT@LIN,BYBIT,PERPETUAL,RSS3-USDT@LIN,exchange,bybit,tardis,crypto,2022-02-23T00:00:00.000Z,,"trades,book_snapshot_5,derivative_ticker,liquidations",RSS3,USDT,USDT,RSS3USDT,rss3usdt,False,,,,1.0,1e-05,RSS3-USDT,1.0,RSS3/USDT:USDT,bybit,,,,
BYBIT:PERPETUAL:1000BTT-USDT@LIN,BYBIT,PERPETUAL,1000BTT-USDT@LIN,exchange,bybit,tardis,crypto,2022-02-25T00:00:00.000Z,,"trades,book_snapshot_5,derivative_ticker,liquidations",1000BTT,USDT,USDT,1000BTTUSDT,1000bttusdt,False,,,,1.0,1e-07,1000BTT-USDT,100.0,1000BTT/USDT:USDT,bybit,,,,
BYBIT:PERPETUAL:API3-USDT@LIN,BYBIT,PERPETUAL,API3-USDT@LIN,exchange,bybit,tardis,crypto,2022-02-28T00:00:00.000Z,,"trades,book_snapshot_5,derivative_ticker,liquidations",API3,USDT,USDT,API3USDT,api3usdt,False,,,,1.0,0.0001,API3-USDT,0.1,API3/USDT:USDT,bybit,,,,
BYBIT:PERPETUAL:OGN-USDT@LIN,BYBIT,PERPETUAL,OGN-USDT@LIN,exchange,bybit,tardis,crypto,2022-03-19T00:00:00.000Z,,"trades,book_snapshot_5,derivative_ticker,liquidations",OGN,USDT,USDT,OGNUSDT,ognusdt,False,,,,1.0,1e-05,OGN-USDT,1.0,OGN/USDT:USDT,bybit,,,,
BYBIT:PERPETUAL:CTSI-USDT@LIN,BYBIT,PERPETUAL,CTSI-USDT@LIN,exchange,bybit,tardis,crypto,2022-03-23T00:00:00.000Z,,"trades,book_snapshot_5,derivative_ticker,liquidations",CTSI,USDT,USDT,CTSIUSDT,ctsiusdt,False,,,,1.0,1e-05,CTSI-USDT,1.0,CTSI/USDT:USDT,bybit,,,,
BYBIT:PERPETUAL:FXS-USDT@LIN,BYBIT,PERPETUAL,FXS-USDT@LIN,exchange,bybit,tardis,crypto,2022-04-04T00:00:00.000Z,,"trades,book_snapshot_5,derivative_ticker,liquidations",FXS,USDT,USDT,FXSUSDT,fxsusdt,False,,,,1.0,0.0001,FXS-USDT,0.01,FXS/USDT:USDT,bybit,,,,
BYBIT:PERPETUAL:BOBA-USDT@LIN,BYBIT,PERPETUAL,BOBA-USDT@LIN,exchange,bybit,tardis,crypto,2022-04-07T00:00:00.000Z,,"trades,book_snapshot_5,derivative_ticker,liquidations",BOBA,USDT,USDT,BOBAUSDT,bobausdt,False,,,,1.0,1e-05,BOBA-USDT,0.1,BOBA/USDT:USDT,bybit,,,,
BYBIT:PERPETUAL:ACH-USDT@LIN,BYBIT,PERPETUAL,ACH-USDT@LIN,exchange,bybit,tardis,crypto,2022-04-08T00:00:00.000Z,,"trades,book_snapshot_5,derivative_ticker,liquidations",ACH,USDT,USDT,ACHUSDT,achusdt,False,,,,1.0,1e-06,ACH-USDT,10.0,ACH/USDT:USDT,bybit,,,,
BYBIT:PERPETUAL:1000XEC-USDT@LIN,BYBIT,PERPETUAL,1000XEC-USDT@LIN,exchange,bybit,tardis,crypto,2022-04-13T00:00:00.000Z,,"trades,book_snapshot_5,derivative_ticker,liquidations",1000XEC,USDT,USDT,1000XECUSDT,1000xecusdt,False,,,,1.0,1e-05,1000XEC-USDT,10.0,1000XEC/USDT:USDT,bybit,,,,
BYBIT:PERPETUAL:AGLD-USDT@LIN,BYBIT,PERPETUAL,AGLD-USDT@LIN,exchange,bybit,tardis,crypto,2022-04-22T00:00:00.000Z,,"trades,book_snapshot_5,derivative_ticker,liquidations",AGLD,USDT,USDT,AGLDUSDT,agldusdt,False,,,,1.0,0.0001,AGLD-USDT,0.1,AGLD/USDT:USDT,bybit,,,,
BYBIT:PERPETUAL:XCN-USDT@LIN,BYBIT,PERPETUAL,XCN-USDT@LIN,exchange,bybit,tardis,crypto,2022-04-28T00:00:00.000Z,,"trades,book_snapshot_5,derivative_ticker,liquidations",XCN,USDT,USDT,XCNUSDT,xcnusdt,False,,,,1.0,1e-06,XCN-USDT,10.0,XCN/USDT:USDT,bybit,,,,
BYBIT:PERPETUAL:CTC-USDT@LIN,BYBIT,PERPETUAL,CTC-USDT@LIN,exchange,bybit,tardis,crypto,2022-05-17T00:00:00.000Z,,"trades,book_snapshot_5,derivative_ticker,liquidations",CTC,USDT,USDT,CTCUSDT,ctcusdt,False,,,,1.0,0.0001,CTC-USDT,1.0,CTC/USDT:USDT,bybit,,,,
BYBIT:PERPETUAL:OP-USDT@LIN,BYBIT,PERPETUAL,OP-USDT@LIN,exchange,bybit,tardis,crypto,2022-09-01T00:00:00.000Z,,"trades,book_snapshot_5,derivative_ticker,liquidations",OP,USDT,USDT,OPPERP,opperp,False,,,,1.0,0.0001,OP-USDT,0.1,OP/USDT:USDT,bybit,,,,
BYBIT:PERPETUAL:INJ-USDT@LIN,BYBIT,PERPETUAL,INJ-USDT@LIN,exchange,bybit,tardis,crypto,2022-08-17T00:00:00.000Z,,"trades,book_snapshot_5,derivative_ticker,liquidations",INJ,USDT,USDT,INJUSDT,injusdt,False,,,,1.0,0.001,INJ-USDT,0.1,INJ/USDT:USDT,bybit,,,,
BYBIT:PERPETUAL:STG-USDT@LIN,BYBIT,PERPETUAL,STG-USDT@LIN,exchange,bybit,tardis,crypto,2022-08-26T00:00:00.000Z,,"trades,book_snapshot_5,derivative_ticker,liquidations",STG,USDT,USDT,STGUSDT,stgusdt,False,,,,1.0,0.0001,STG-USDT,0.1,STG/USDT:USDT,bybit,,,,
BYBIT:PERPETUAL:XNO-USDT@LIN,BYBIT,PERPETUAL,XNO-USDT@LIN,exchange,bybit,tardis,crypto,2022-09-02T00:00:00.000Z,,"trades,book_snapshot_5,derivative_ticker,liquidations",XNO,USDT,USDT,XNOUSDT,xnousdt,False,,,,1.0,0.0001,XNO-USDT,1.0,XNO/USDT:USDT,bybit,,,,
BYBIT:PERPETUAL:1000LUNC-USDT@LIN,BYBIT,PERPETUAL,1000LUNC-USDT@LIN,exchange,bybit,tardis,crypto,2022-09-09T00:00:00.000Z,,"trades,book_snapshot_5,derivative_ticker,liquidations",1000LUNC,USDT,USDT,1000LUNCUSDT,1000luncusdt,False,,,,1.0,1e-05,1000LUNC-USDT,1.0,1000LUNC/USDT:USDT,bybit,,,,
BYBIT:PERPETUAL:APT-USDT@LIN,BYBIT,PERPETUAL,APT-USDT@LIN,exchange,bybit,tardis,crypto,2022-10-19T00:00:00.000Z,,"trades,book_snapshot_5,derivative_ticker,liquidations",APT,USDT,USDT,APTUSDT,aptusdt,False,,,,1.0,0.001,APT-USDT,0.01,APT/USDT:USDT,bybit,,,,
BYBIT:PERPETUAL:MAGIC-USDT@LIN,BYBIT,PERPETUAL,MAGIC-USDT@LIN,exchange,bybit,tardis,crypto,2022-12-13T00:00:00.000Z,,"trades,book_snapshot_5,derivative_ticker,liquidations",MAGIC,USDT,USDT,MAGICUSDT,magicusdt,False,,,,1.0,0.0001,MAGIC-USDT,1.0,MAGIC/USDT:USDT,bybit,,,,
BYBIT:PERPETUAL:1000BONK-USDT@LIN,BYBIT,PERPETUAL,1000BONK-USDT@LIN,exchange,bybit,tardis,crypto,2023-01-06T00:00:00.000Z,,"trades,book_snapshot_5,derivative_ticker,liquidations",1000BONK,USDT,USDT,1000BONKUSDT,1000bonkusdt,False,,,,1.0,1e-06,1000BONK-USDT,100.0,1000BONK/USDT:USDT,bybit,,,,
BYBIT:PERPETUAL:HOOK-USDT@LIN,BYBIT,PERPETUAL,HOOK-USDT@LIN,exchange,bybit,tardis,crypto,2023-02-13T00:00:00.000Z,,"trades,book_snapshot_5,derivative_ticker,liquidations",HOOK,USDT,USDT,HOOKUSDT,hookusdt,False,,,,1.0,1e-05,HOOK-USDT,0.1,HOOK/USDT:USDT,bybit,,,,
BYBIT:PERPETUAL:HIGH-USDT@LIN,BYBIT,PERPETUAL,HIGH-USDT@LIN,exchange,bybit,tardis,crypto,2023-02-17T00:00:00.000Z,,"trades,book_snapshot_5,derivative_ticker,liquidations",HIGH,USDT,USDT,HIGHUSDT,highusdt,False,,,,1.0,0.0001,HIGH-USDT,0.1,HIGH/USDT:USDT,bybit,,,,
BYBIT:PERPETUAL:NKN-USDT@LIN,BYBIT,PERPETUAL,NKN-USDT@LIN,exchange,bybit,tardis,crypto,2023-02-21T00:00:00.000Z,,"trades,book_snapshot_5,derivative_ticker,liquidations",NKN,USDT,USDT,NKNUSDT,nknusdt,False,,,,1.0,1e-05,NKN-USDT,1.0,NKN/USDT:USDT,bybit,,,,
BYBIT:PERPETUAL:1000FLOKI-USDT@LIN,BYBIT,PERPETUAL,1000FLOKI-USDT@LIN,exchange,bybit,tardis,crypto,2023-02-24T00:00:00.000Z,,"trades,book_snapshot_5,derivative_ticker,liquidations",1000FLOKI,USDT,USDT,1000FLOKIUSDT,1000flokiusdt,False,,,,1.0,1e-05,1000FLOKI-USDT,1.0,1000FLOKI/USDT:USDT,bybit,,,,
BYBIT:PERPETUAL:LQTY-USDT@LIN,BYBIT,PERPETUAL,LQTY-USDT@LIN,exchange,bybit,tardis,crypto,2023-03-13T00:00:00.000Z,,"trades,book_snapshot_5,derivative_ticker,liquidations",LQTY,USDT,USDT,LQTYUSDT,lqtyusdt,False,,,,1.0,0.0001,LQTY-USDT,0.1,LQTY/USDT:USDT,bybit,,,,
BYBIT:PERPETUAL:HFT-USDT@LIN,BYBIT,PERPETUAL,HFT-USDT@LIN,exchange,bybit,tardis,crypto,2023-03-14T00:00:00.000Z,,"trades,book_snapshot_5,derivative_ticker,liquidations",HFT,USDT,USDT,HFTUSDT,hftusdt,False,,,,1.0,1e-05,HFT-USDT,1.0,HFT/USDT:USDT,bybit,,,,
BYBIT:PERPETUAL:JOE-USDT@LIN,BYBIT,PERPETUAL,JOE-USDT@LIN,exchange,bybit,tardis,crypto,2023-03-29T00:00:00.000Z,,"trades,book_snapshot_5,derivative_ticker,liquidations",JOE,USDT,USDT,JOEUSDT,joeusdt,False,,,,1.0,1e-05,JOE-USDT,1.0,JOE/USDT:USDT,bybit,,,,
BYBIT:PERPETUAL:RDNT-USDT@LIN,BYBIT,PERPETUAL,RDNT-USDT@LIN,exchange,bybit,tardis,crypto,2023-04-17T00:00:00.000Z,,"trades,book_snapshot_5,derivative_ticker,liquidations",RDNT,USDT,USDT,RDNTUSDT,rdntusdt,False,,,,1.0,1e-05,RDNT-USDT,1.0,RDNT/USDT:USDT,bybit,,,,
BYBIT:PERPETUAL:1000PEPE-USDT@LIN,BYBIT,PERPETUAL,1000PEPE-USDT@LIN,exchange,bybit,tardis,crypto,2023-05-03T00:00:00.000Z,,"trades,book_snapshot_5,derivative_ticker,liquidations",1000PEPE,USDT,USDT,1000PEPEUSDT,1000pepeusdt,False,,,,1.0,1e-06,1000PEPE-USDT,100.0,1000PEPE/USDT:USDT,bybit,,,,
BYBIT:PERPETUAL:SUI-USDT@LIN,BYBIT,PERPETUAL,SUI-USDT@LIN,exchange,bybit,tardis,crypto,2023-05-03T00:00:00.000Z,,"trades,book_snapshot_5,derivative_ticker,liquidations",SUI,USDT,USDT,SUIUSDT,suiusdt,False,,,,1.0,0.0001,SUI-USDT,10.0,SUI/USDT:USDT,bybit,,,,
BYBIT:PERPETUAL:EDU-USDT@LIN,BYBIT,PERPETUAL,EDU-USDT@LIN,exchange,bybit,tardis,crypto,2023-05-05T00:00:00.000Z,,"trades,book_snapshot_5,derivative_ticker,liquidations",EDU,USDT,USDT,EDUUSDT,eduusdt,False,,,,1.0,0.0001,EDU-USDT,0.1,EDU/USDT:USDT,bybit,,,,
BYBIT:PERPETUAL:PHB-USDT@LIN,BYBIT,PERPETUAL,PHB-USDT@LIN,exchange,bybit,tardis,crypto,2023-05-18T00:00:00.000Z,,"trades,book_snapshot_5,derivative_ticker,liquidations",PHB,USDT,USDT,PHBUSDT,phbusdt,False,,,,1.0,0.0001,PHB-USDT,1.0,PHB/USDT:USDT,bybit,,,,
BYBIT:PERPETUAL:EOS-USDT@LIN,BYBIT,PERPETUAL,EOS-USDT@LIN,exchange,bybit,tardis,crypto,2021-06-29T00:00:00.000Z,2025-05-23T00:00:00.000Z,"trades,book_snapshot_5,derivative_ticker,liquidations",EOS,USDT,USDT,EOSUSDT,eosusdt,False,,,,,,EOS-USDT,,,,,,,
BYBIT:PERPETUAL:MKR-USDT@LIN,BYBIT,PERPETUAL,MKR-USDT@LIN,exchange,bybit,tardis,crypto,2022-02-15T00:00:00.000Z,2025-08-19T00:00:00.000Z,"trades,book_snapshot_5,derivative_ticker,liquidations",MKR,USDT,USDT,MKRUSDT,mkrusdt,False,,,,,,MKR-USDT,,,,,,,
BYBIT:PERPETUAL:OMG-USDT@LIN,BYBIT,PERPETUAL,OMG-USDT@LIN,exchange,bybit,tardis,crypto,2021-10-12T00:00:00.000Z,2025-06-04T00:00:00.000Z,"trades,book_snapshot_5,derivative_ticker,liquidations",OMG,USDT,USDT,OMGUSDT,omgusdt,False,,,,,,OMG-USDT,,,,,,,
BYBIT:PERPETUAL:XEM-USDT@LIN,BYBIT,PERPETUAL,XEM-USDT@LIN,exchange,bybit,tardis,crypto,2021-05-13T00:00:00.000Z,2025-10-07T00:00:00.000Z,"trades,book_snapshot_5,derivative_ticker,liquidations",XEM,USDT,USDT,XEMUSDT,xemusdt,False,,,,,1e-06,XEM-USDT,0.01,XEM/USDT,bybit,,,,
BYBIT:PERPETUAL:BUSD-USDT@LIN,BYBIT,PERPETUAL,BUSD-USDT@LIN,exchange,bybit,tardis,crypto,2023-02-14T00:00:00.000Z,2023-12-09T00:00:00.000Z,"trades,book_snapshot_5,derivative_ticker,liquidations",BUSD,USDT,USDT,BUSDUSDT,busdusdt,False,,,,,,BUSD-USDT,,,,,,,
BYBIT:PERPETUAL:BAL-USDT@LIN,BYBIT,PERPETUAL,BAL-USDT@LIN,exchange,bybit,tardis,crypto,2022-04-08T00:00:00.000Z,2025-07-30T00:00:00.000Z,"trades,book_snapshot_5,derivative_ticker,liquidations",BAL,USDT,USDT,BALUSDT,balusdt,False,,,,,,BAL-USDT,,,,,,,
BYBIT:PERPETUAL:REN-USDT@LIN,BYBIT,PERPETUAL,REN-USDT@LIN,exchange,bybit,tardis,crypto,2021-12-24T00:00:00.000Z,2025-03-07T00:00:00.000Z,"trades,book_snapshot_5,derivative_ticker,liquidations",REN,USDT,USDT,RENUSDT,renusdt,False,,,,,,REN-USDT,,,,,,,
BYBIT:PERPETUAL:MATIC-USDT@LIN,BYBIT,PERPETUAL,MATIC-USDT@LIN,exchange,bybit,tardis,crypto,2022-09-01T00:00:00.000Z,2024-09-07T00:00:00.000Z,"trades,book_snapshot_5,derivative_ticker,liquidations",MATIC,USDT,USDT,MATICPERP,maticperp,False,,,,,,MATIC-USDT,,,,,,,
BYBIT:PERPETUAL:TOMO-USDT@LIN,BYBIT,PERPETUAL,TOMO-USDT@LIN,exchange,bybit,tardis,crypto,2022-04-28T00:00:00.000Z,2023-11-15T00:00:00.000Z,"trades,book_snapshot_5,derivative_ticker,liquidations",TOMO,USDT,USDT,TOMOUSDT,tomousdt,False,,,,,,TOMO-USDT,,,,,,,
BYBIT:PERPETUAL:FTM-USDT@LIN,BYBIT,PERPETUAL,FTM-USDT@LIN,exchange,bybit,tardis,crypto,2021-09-23T00:00:00.000Z,2025-01-11T00:00:00.000Z,"trades,book_snapshot_5,derivative_ticker,liquidations",FTM,USDT,USDT,FTMUSDT,ftmusdt,False,,,,,,FTM-USDT,,,,,,,
BYBIT:PERPETUAL:BLZ-USDT@LIN,BYBIT,PERPETUAL,BLZ-USDT@LIN,exchange,bybit,tardis,crypto,2022-06-06T00:00:00.000Z,2024-12-25T00:00:00.000Z,"trades,book_snapshot_5,derivative_ticker,liquidations",BLZ,USDT,USDT,BLZUSDT,blzusdt,False,,,,,,BLZ-USDT,,,,,,,
BYBIT:PERPETUAL:FLM-USDT@LIN,BYBIT,PERPETUAL,FLM-USDT@LIN,exchange,bybit,tardis,crypto,2022-05-02T00:00:00.000Z,2025-11-02T00:00:00.000Z,"trades,book_snapshot_5,derivative_ticker,liquidations",FLM,USDT,USDT,FLMUSDT,flmusdt,False,,,,,,FLM-USDT,,,,,,,
BYBIT:PERPETUAL:OCEAN-USDT@LIN,BYBIT,PERPETUAL,OCEAN-USDT@LIN,exchange,bybit,tardis,crypto,2022-02-23T00:00:00.000Z,2024-06-08T00:00:00.000Z,"trades,book_snapshot_5,derivative_ticker,liquidations",OCEAN,USDT,USDT,OCEANUSDT,oceanusdt,False,,,,,,OCEAN-USDT,,,,,,,
BYBIT:PERPETUAL:ALPHA-USDT@LIN,BYBIT,PERPETUAL,ALPHA-USDT@LIN,exchange,bybit,tardis,crypto,2022-03-30T00:00:00.000Z,2025-10-16T00:00:00.000Z,"trades,book_snapshot_5,derivative_ticker,liquidations",ALPHA,USDT,USDT,ALPHAUSDT,alphausdt,False,,,,,,ALPHA-USDT,,,,,,,
BYBIT:PERPETUAL:UNFI-USDT@LIN,BYBIT,PERPETUAL,UNFI-USDT@LIN,exchange,bybit,tardis,crypto,2022-05-30T00:00:00.000Z,2024-11-05T00:00:00.000Z,"trades,book_snapshot_5,derivative_ticker,liquidations",UNFI,USDT,USDT,UNFIUSDT,unfiusdt,False,,,,,,UNFI-USDT,,,,,,,
BYBIT:PERPETUAL:AKRO-USDT@LIN,BYBIT,PERPETUAL,AKRO-USDT@LIN,exchange,bybit,tardis,crypto,2022-05-25T00:00:00.000Z,2024-12-25T00:00:00.000Z,"trades,book_snapshot_5,derivative_ticker,liquidations",AKRO,USDT,USDT,AKROUSDT,akrousdt,False,,,,,,AKRO-USDT,,,,,,,
BYBIT:PERPETUAL:REEF-USDT@LIN,BYBIT,PERPETUAL,REEF-USDT@LIN,exchange,bybit,tardis,crypto,2022-02-15T00:00:00.000Z,2025-01-23T00:00:00.000Z,"trades,book_snapshot_5,derivative_ticker,liquidations",REEF,USDT,USDT,REEFUSDT,reefusdt,False,,,,,,REEF-USDT,,,,,,,
BYBIT:PERPETUAL:LIT-USDT@LIN,BYBIT,PERPETUAL,LIT-USDT@LIN,exchange,bybit,tardis,crypto,2021-11-29T00:00:00.000Z,2025-02-08T00:00:00.000Z,"trades,book_snapshot_5,derivative_ticker,liquidations",LIT,USDT,USDT,LITUSDT,litusdt,False,,,,,,LIT-USDT,,,,,,,
BYBIT:PERPETUAL:ANT-USDT@LIN,BYBIT,PERPETUAL,ANT-USDT@LIN,exchange,bybit,tardis,crypto,2021-12-17T00:00:00.000Z,2024-07-26T00:00:00.000Z,"trades,book_snapshot_5,derivative_ticker,liquidations",ANT,USDT,USDT,ANTUSDT,antusdt,False,,,,,,ANT-USDT,,,,,,,
BYBIT:PERPETUAL:KLAY-USDT@LIN,BYBIT,PERPETUAL,KLAY-USDT@LIN,exchange,bybit,tardis,crypto,2021-12-10T00:00:00.000Z,2024-10-29T00:00:00.000Z,"trades,book_snapshot_5,derivative_ticker,liquidations",KLAY,USDT,USDT,KLAYUSDT,klayusdt,False,,,,,,KLAY-USDT,,,,,,,
BYBIT:PERPETUAL:KDA-USDT@LIN,BYBIT,PERPETUAL,KDA-USDT@LIN,exchange,bybit,tardis,crypto,2022-03-15T00:00:00.000Z,2025-10-26T00:00:00.000Z,"trades,book_snapshot_5,derivative_ticker,liquidations",KDA,USDT,USDT,KDAUSDT,kdausdt,False,,,,,,KDA-USDT,,,,,,,
BYBIT:PERPETUAL:HOT-USDT@LIN,BYBIT,PERPETUAL,HOT-USDT@LIN,exchange,bybit,tardis,crypto,2022-03-28T00:00:00.000Z,2025-10-16T00:00:00.000Z,"trades,book_snapshot_5,derivative_ticker,liquidations",HOT,USDT,USDT,HOTUSDT,hotusdt,False,,,,,,HOT-USDT,,,,,,,
BYBIT:PERPETUAL:RNDR-USDT@LIN,BYBIT,PERPETUAL,RNDR-USDT@LIN,exchange,bybit,tardis,crypto,2021-12-01T00:00:00.000Z,2024-07-23T00:00:00.000Z,"trades,book_snapshot_5,derivative_ticker,liquidations",RNDR,USDT,USDT,RNDRUSDT,rndrusdt,False,,,,,,RNDR-USDT,,,,,,,
BYBIT:PERPETUAL:GFT-USDT@LIN,BYBIT,PERPETUAL,GFT-USDT@LIN,exchange,bybit,tardis,crypto,2023-02-10T00:00:00.000Z,2024-12-06T00:00:00.000Z,"trades,book_snapshot_5,derivative_ticker,liquidations",GFT,USDT,USDT,GFTUSDT,gftusdt,False,,,,,,GFT-USDT,,,,,,,
BYBIT:PERPETUAL:GAL-USDT@LIN,BYBIT,PERPETUAL,GAL-USDT@LIN,exchange,bybit,tardis,crypto,2022-05-05T00:00:00.000Z,2024-07-23T00:00:00.000Z,"trades,book_snapshot_5,derivative_ticker,liquidations",GAL,USDT,USDT,GALUSDT,galusdt,False,,,,,,GAL-USDT,,,,,,,
BYBIT:PERPETUAL:GPT-USDT@LIN,BYBIT,PERPETUAL,GPT-USDT@LIN,exchange,bybit,tardis,crypto,2023-03-17T00:00:00.000Z,2024-04-25T00:00:00.000Z,"trades,book_snapshot_5,derivative_ticker,liquidations",GPT,USDT,USDT,GPTUSDT,gptusdt,False,,,,,,GPT-USDT,,,,,,,
BYBIT:PERPETUAL:BNX-USDT@LIN,BYBIT,PERPETUAL,BNX-USDT@LIN,exchange,bybit,tardis,crypto,2022-04-07T00:00:00.000Z,2025-03-19T00:00:00.000Z,"trades,book_snapshot_5,derivative_ticker,liquidations",BNX,USDT,USDT,BNXUSDT,bnxusdt,False,,,,,,BNX-USDT,,,,,,,
BYBIT:PERPETUAL:LOOKS-USDT@LIN,BYBIT,PERPETUAL,LOOKS-USDT@LIN,exchange,bybit,tardis,crypto,2022-01-24T00:00:00.000Z,2025-10-27T00:00:00.000Z,"trades,book_snapshot_5,derivative_ticker,liquidations",LOOKS,USDT,USDT,LOOKSUSDT,looksusdt,False,,,,,1e-05,LOOKS-USDT,0.01,LOOKS/USDT,bybit,,,,
BYBIT:PERPETUAL:SWEAT-USDT@LIN,BYBIT,PERPETUAL,SWEAT-USDT@LIN,exchange,bybit,tardis,crypto,2022-11-04T00:00:00.000Z,2025-10-27T00:00:00.000Z,"trades,book_snapshot_5,derivative_ticker,liquidations",SWEAT,USDT,USDT,SWEATUSDT,sweatusdt,False,,,,,1e-06,SWEAT-USDT,0.01,SWEAT/USDT,bybit,,,,
BYBIT:PERPETUAL:BAKE-USDT@LIN,BYBIT,PERPETUAL,BAKE-USDT@LIN,exchange,bybit,tardis,crypto,2022-04-01T00:00:00.000Z,2025-10-07T00:00:00.000Z,"trades,book_snapshot_5,derivative_ticker,liquidations",BAKE,USDT,USDT,BAKEUSDT,bakeusdt,False,,,,,,BAKE-USDT,,,,,,,
BYBIT:PERPETUAL:10000LADYS-USDT@LIN,BYBIT,PERPETUAL,10000LADYS-USDT@LIN,exchange,bybit,tardis,crypto,2023-05-11T00:00:00.000Z,2025-10-07T00:00:00.000Z,"trades,book_snapshot_5,derivative_ticker,liquidations",10000LADYS,USDT,USDT,10000LADYSUSDT,10000ladysusdt,False,,,,,,10000LADYS-USDT,,,,,,,
BYBIT:PERPETUAL:BSW-USDT@LIN,BYBIT,PERPETUAL,BSW-USDT@LIN,exchange,bybit,tardis,crypto,2022-03-23T00:00:00.000Z,2025-10-02T00:00:00.000Z,"trades,book_snapshot_5,derivative_ticker,liquidations",BSW,USDT,USDT,BSWUSDT,bswusdt,False,,,,,,BSW-USDT,,,,,,,
BYBIT:PERPETUAL:LINA-USDT@LIN,BYBIT,PERPETUAL,LINA-USDT@LIN,exchange,bybit,tardis,crypto,2022-04-20T00:00:00.000Z,2025-03-28T00:00:00.000Z,"trades,book_snapshot_5,derivative_ticker,liquidations",LINA,USDT,USDT,LINAUSDT,linausdt,False,,,,,,LINA-USDT,,,,,,,
BYBIT:PERPETUAL:STMX-USDT@LIN,BYBIT,PERPETUAL,STMX-USDT@LIN,exchange,bybit,tardis,crypto,2022-03-28T00:00:00.000Z,2025-02-25T00:00:00.000Z,"trades,book_snapshot_5,derivative_ticker,liquidations",STMX,USDT,USDT,STMXUSDT,stmxusdt,False,,,,,,STMX-USDT,,,,,,,
BYBIT:PERPETUAL:DAR-USDT@LIN,BYBIT,PERPETUAL,DAR-USDT@LIN,exchange,bybit,tardis,crypto,2022-05-02T00:00:00.000Z,2025-01-07T00:00:00.000Z,"trades,book_snapshot_5,derivative_ticker,liquidations",DAR,USDT,USDT,DARUSDT,darusdt,False,,,,,,DAR-USDT,,,,,,,
BYBIT:PERPETUAL:FITFI-USDT@LIN,BYBIT,PERPETUAL,FITFI-USDT@LIN,exchange,bybit,tardis,crypto,2022-05-10T00:00:00.000Z,2024-11-07T00:00:00.000Z,"trades,book_snapshot_5,derivative_ticker,liquidations",FITFI,USDT,USDT,FITFIUSDT,fitfiusdt,False,,,,,1e-06,FITFI-USDT,0.01,FITFI/USDT,bybit,,,,
BYBIT:PERPETUAL:CEEK-USDT@LIN,BYBIT,PERPETUAL,CEEK-USDT@LIN,exchange,bybit,tardis,crypto,2022-07-18T00:00:00.000Z,2024-10-11T00:00:00.000Z,"trades,book_snapshot_5,derivative_ticker,liquidations",CEEK,USDT,USDT,CEEKUSDT,ceekusdt,False,,,,,,CEEK-USDT,,,,,,,
BYBIT:PERPETUAL:10000NFT-USDT@LIN,BYBIT,PERPETUAL,10000NFT-USDT@LIN,exchange,bybit,tardis,crypto,2022-01-24T00:00:00.000Z,2024-09-19T00:00:00.000Z,"trades,book_snapshot_5,derivative_ticker,liquidations",10000NFT,USDT,USDT,10000NFTUSDT,10000nftusdt,False,,,,,,10000NFT-USDT,,,,,,,
BYBIT:PERPETUAL:FET-USDT@LIN,BYBIT,PERPETUAL,FET-USDT@LIN,exchange,bybit,tardis,crypto,2023-02-09T00:00:00.000Z,2024-06-08T00:00:00.000Z,"trades,book_snapshot_5,derivative_ticker,liquidations",FET,USDT,USDT,FETUSDT,fetusdt,False,,,,,0.001,FET-USDT,0.01,FET/USDT,bybit,,,,
BYBIT:PERPETUAL:AGIX-USDT@LIN,BYBIT,PERPETUAL,AGIX-USDT@LIN,exchange,bybit,tardis,crypto,2023-02-09T00:00:00.000Z,2024-06-08T00:00:00.000Z,"trades,book_snapshot_5,derivative_ticker,liquidations",AGIX,USDT,USDT,AGIXUSDT,agixusdt,False,,,,,,AGIX-USDT,,,,,,,
BYBIT:PERPETUAL:BIT-USDT@LIN,BYBIT,PERPETUAL,BIT-USDT@LIN,exchange,bybit,tardis,crypto,2021-10-11T00:00:00.000Z,2023-07-05T00:00:00.000Z,"trades,book_snapshot_5,derivative_ticker,liquidations",BIT,USDT,USDT,BITUSDT,bitusdt,False,,,,,,BIT-USDT,,,,,,,
BYBIT:PERPETUAL:CREAM-USDT@LIN,BYBIT,PERPETUAL,CREAM-USDT@LIN,exchange,bybit,tardis,crypto,2022-01-17T00:00:00.000Z,2023-07-01T00:00:00.000Z,"trades,book_snapshot_5,derivative_ticker,liquidations",CREAM,USDT,USDT,CREAMUSDT,creamusdt,False,,,,,,CREAM-USDT,,,,,,,
BYBIT:PERPETUAL:COCOS-USDT@LIN,BYBIT,PERPETUAL,COCOS-USDT@LIN,exchange,bybit,tardis,crypto,2023-02-20T00:00:00.000Z,2023-05-27T00:00:00.000Z,"trades,book_snapshot_5,derivative_ticker,liquidations",COCOS,USDT,USDT,COCOSUSDT,cocosusdt,False,,,,,,COCOS-USDT,,,,,,,
BYBIT:SPOT_PAIR:BTC-USDT,BYBIT,SPOT_PAIR,BTC-USDT,exchange,bybit-spot,tardis,crypto,2021-12-04T00:00:00.000Z,,"trades,book_snapshot_5",BTC,USDT,USDT,BTCUSDT,btcusdt,False,,,,1.0,0.1,,0.001,BTC/USDT:USDT,bybit,,,,
BYBIT:SPOT_PAIR:ETH-USDT,BYBIT,SPOT_PAIR,ETH-USDT,exchange,bybit-spot,tardis,crypto,2021-12-04T00:00:00.000Z,,"trades,book_snapshot_5",ETH,USDT,USDT,ETHUSDT,ethusdt,False,,,,1.0,0.01,,0.01,ETH/USDT:USDT,bybit,,,,
BYBIT:SPOT_PAIR:ETHW-USDT,BYBIT,SPOT_PAIR,ETHW-USDT,exchange,bybit-spot,tardis,crypto,2022-09-15T00:00:00.000Z,,"trades,book_snapshot_5",ETHW,USDT,USDT,ETHWUSDT,ethwusdt,False,,,,1.0,0.0001,,0.01,ETHW/USDT:USDT,bybit,,,,
BYBIT:SPOT_PAIR:BNB-USDT,BYBIT,SPOT_PAIR,BNB-USDT,exchange,bybit-spot,tardis,crypto,2022-03-10T00:00:00.000Z,,"trades,book_snapshot_5",BNB,USDT,USDT,BNBUSDT,bnbusdt,False,,,,1.0,0.1,,0.01,BNB/USDT:USDT,bybit,,,,
BYBIT:SPOT_PAIR:LTC-USDT,BYBIT,SPOT_PAIR,LTC-USDT,exchange,bybit-spot,tardis,crypto,2021-12-04T00:00:00.000Z,,"trades,book_snapshot_5",LTC,USDT,USDT,LTCUSDT,ltcusdt,False,,,,1.0,0.01,,0.1,LTC/USDT:USDT,bybit,,,,
BYBIT:SPOT_PAIR:SOL-USDT,BYBIT,SPOT_PAIR,SOL-USDT,exchange,bybit-spot,tardis,crypto,2021-12-04T00:00:00.000Z,,"trades,book_snapshot_5",SOL,USDT,USDT,SOLUSDT,solusdt,False,,,,1.0,0.01,,0.1,SOL/USDT:USDT,bybit,,,,
BYBIT:SPOT_PAIR:SOLO-USDT,BYBIT,SPOT_PAIR,SOLO-USDT,exchange,bybit-spot,tardis,crypto,2022-08-19T00:00:00.000Z,,"trades,book_snapshot_5",SOLO,USDT,USDT,SOLOUSDT,solousdt,False,,,,,1e-05,,0.01,SOLO/USDT,bybit,,,,
BYBIT:SPOT_PAIR:BCH-USDT,BYBIT,SPOT_PAIR,BCH-USDT,exchange,bybit-spot,tardis,crypto,2021-12-04T00:00:00.000Z,,"trades,book_snapshot_5",BCH,USDT,USDT,BCHUSDT,bchusdt,False,,,,1.0,0.1,,0.01,BCH/USDT:USDT,bybit,,,,
BYBIT:SPOT_PAIR:XRP-USDT,BYBIT,SPOT_PAIR,XRP-USDT,exchange,bybit-spot,tardis,crypto,2021-12-04T00:00:00.000Z,,"trades,book_snapshot_5",XRP,USDT,USDT,XRPUSDT,xrpusdt,False,,,,1.0,0.0001,,0.1,XRP/USDT:USDT,bybit,,,,
BYBIT:SPOT_PAIR:LUNA-USDT,BYBIT,SPOT_PAIR,LUNA-USDT,exchange,bybit-spot,tardis,crypto,2021-12-04T00:00:00.000Z,,"trades,book_snapshot_5",LUNA,USDT,USDT,LUNAUSDT,lunausdt,False,,,,,0.0001,,0.1,LUNA/USDT,bybit,,,,
BYBIT:SPOT_PAIR:AVAX-USDT,BYBIT,SPOT_PAIR,AVAX-USDT,exchange,bybit-spot,tardis,crypto,2021-12-04T00:00:00.000Z,,"trades,book_snapshot_5",AVAX,USDT,USDT,AVAXUSDT,avaxusdt,False,,,,1.0,0.001,,0.1,AVAX/USDT:USDT,bybit,,,,
BYBIT:SPOT_PAIR:TRX-USDT,BYBIT,SPOT_PAIR,TRX-USDT,exchange,bybit-spot,tardis,crypto,2022-02-21T00:00:00.000Z,,"trades,book_snapshot_5",TRX,USDT,USDT,TRXUSDT,trxusdt,False,,,,1.0,1e-05,,1.0,TRX/USDT:USDT,bybit,,,,
BYBIT:SPOT_PAIR:ETC-USDT,BYBIT,SPOT_PAIR,ETC-USDT,exchange,bybit-spot,tardis,crypto,2022-07-28T00:00:00.000Z,,"trades,book_snapshot_5",ETC,USDT,USDT,ETCUSDT,etcusdt,False,,,,1.0,0.001,,0.1,ETC/USDT:USDT,bybit,,,,
BYBIT:SPOT_PAIR:DOT-USDT,BYBIT,SPOT_PAIR,DOT-USDT,exchange,bybit-spot,tardis,crypto,2021-12-04T00:00:00.000Z,,"trades,book_snapshot_5",DOT,USDT,USDT,DOTUSDT,dotusdt,False,,,,1.0,0.0001,,0.1,DOT/USDT:USDT,bybit,,,,
BYBIT:SPOT_PAIR:LINK-USDT,BYBIT,SPOT_PAIR,LINK-USDT,exchange,bybit-spot,tardis,crypto,2021-12-04T00:00:00.000Z,,"trades,book_snapshot_5",LINK,USDT,USDT,LINKUSDT,linkusdt,False,,,,1.0,0.001,,0.1,LINK/USDT:USDT,bybit,,,,
BYBIT:SPOT_PAIR:ADA-USDT,BYBIT,SPOT_PAIR,ADA-USDT,exchange,bybit-spot,tardis,crypto,2021-12-04T00:00:00.000Z,,"trades,book_snapshot_5",ADA,USDT,USDT,ADAUSDT,adausdt,False,,,,1.0,0.0001,,1.0,ADA/USDT:USDT,bybit,,,,
BYBIT:SPOT_PAIR:DOGE-USDT,BYBIT,SPOT_PAIR,DOGE-USDT,exchange,bybit-spot,tardis,crypto,2021-12-04T00:00:00.000Z,,"trades,book_snapshot_5",DOGE,USDT,USDT,DOGEUSDT,dogeusdt,False,,,,1.0,1e-05,,1.0,DOGE/USDT:USDT,bybit,,,,
BYBIT:SPOT_PAIR:SHIB-USDT,BYBIT,SPOT_PAIR,SHIB-USDT,exchange,bybit-spot,tardis,crypto,2021-12-06T00:00:00.000Z,,"trades,book_snapshot_5",SHIB,USDT,USDT,SHIBUSDT,shibusdt,False,,,,,1e-08,,0.1,SHIB/USDT,bybit,,,,
BYBIT:SPOT_PAIR:UNI-USDT,BYBIT,SPOT_PAIR,UNI-USDT,exchange,bybit-spot,tardis,crypto,2021-12-04T00:00:00.000Z,,"trades,book_snapshot_5",UNI,USDT,USDT,UNIUSDT,uniusdt,False,,,,1.0,0.001,,0.1,UNI/USDT:USDT,bybit,,,,
BYBIT:SPOT_PAIR:XLM-USDT,BYBIT,SPOT_PAIR,XLM-USDT,exchange,bybit-spot,tardis,crypto,2021-12-04T00:00:00.000Z,,"trades,book_snapshot_5",XLM,USDT,USDT,XLMUSDT,xlmusdt,False,,,,1.0,1e-05,,1.0,XLM/USDT:USDT,bybit,,,,
BYBIT:SPOT_PAIR:XTZ-USDT,BYBIT,SPOT_PAIR,XTZ-USDT,exchange,bybit-spot,tardis,crypto,2021-12-04T00:00:00.000Z,,"trades,book_snapshot_5",XTZ,USDT,USDT,XTZUSDT,xtzusdt,False,,,,1.0,0.0001,,0.1,XTZ/USDT:USDT,bybit,,,,
BYBIT:SPOT_PAIR:BAT-USDT,BYBIT,SPOT_PAIR,BAT-USDT,exchange,bybit-spot,tardis,crypto,2021-12-04T00:00:00.000Z,,"trades,book_snapshot_5",BAT,USDT,USDT,BATUSDT,batusdt,False,,,,1.0,0.0001,,0.1,BAT/USDT:USDT,bybit,,,,
BYBIT:SPOT_PAIR:BABYDOGE-USDT,BYBIT,SPOT_PAIR,BABYDOGE-USDT,exchange,bybit-spot,tardis,crypto,2023-04-04T00:00:00.000Z,,"trades,book_snapshot_5",BABYDOGE,USDT,USDT,BABYDOGEUSDT,babydogeusdt,False,,,,,1e-13,,0.1,BABYDOGE/USDT,bybit,,,,
BYBIT:SPOT_PAIR:USTC-USDT,BYBIT,SPOT_PAIR,USTC-USDT,exchange,bybit-spot,tardis,crypto,2022-05-26T00:00:00.000Z,,"trades,book_snapshot_5",USTC,USDT,USDT,USTCUSDT,ustcusdt,False,,,,1.0,1e-06,,10.0,USTC/USDT:USDT,bybit,,,,
BYBIT:SPOT_PAIR:COMP-USDT,BYBIT,SPOT_PAIR,COMP-USDT,exchange,bybit-spot,tardis,crypto,2021-12-04T00:00:00.000Z,,"trades,book_snapshot_5",COMP,USDT,USDT,COMPUSDT,compusdt,False,,,,1.0,0.01,,0.01,COMP/USDT:USDT,bybit,,,,
BYBIT:SPOT_PAIR:AAVE-USDT,BYBIT,SPOT_PAIR,AAVE-USDT,exchange,bybit-spot,tardis,crypto,2021-12-04T00:00:00.000Z,,"trades,book_snapshot_5",AAVE,USDT,USDT,AAVEUSDT,aaveusdt,False,,,,1.0,0.01,,0.01,AAVE/USDT:USDT,bybit,,,,
BYBIT:SPOT_PAIR:FIL-USDT,BYBIT,SPOT_PAIR,FIL-USDT,exchange,bybit-spot,tardis,crypto,2021-12-04T00:00:00.000Z,,"trades,book_snapshot_5",FIL,USDT,USDT,FILUSDT,filusdt,False,,,,1.0,0.001,,0.1,FIL/USDT:USDT,bybit,,,,
BYBIT:SPOT_PAIR:ZRX-USDT,BYBIT,SPOT_PAIR,ZRX-USDT,exchange,bybit-spot,tardis,crypto,2021-12-04T00:00:00.000Z,,"trades,book_snapshot_5",ZRX,USDT,USDT,ZRXUSDT,zrxusdt,False,,,,1.0,0.0001,,1.0,ZRX/USDT:USDT,bybit,,,,
BYBIT:SPOT_PAIR:ALGO-USDT,BYBIT,SPOT_PAIR,ALGO-USDT,exchange,bybit-spot,tardis,crypto,2021-12-04T00:00:00.000Z,,"trades,book_snapshot_5",ALGO,USDT,USDT,ALGOUSDT,algousdt,False,,,,1.0,0.0001,,0.1,ALGO/USDT:USDT,bybit,,,,
BYBIT:SPOT_PAIR:ATOM-USDT,BYBIT,SPOT_PAIR,ATOM-USDT,exchange,bybit-spot,tardis,crypto,2021-12-04T00:00:00.000Z,,"trades,book_snapshot_5",ATOM,USDT,USDT,ATOMUSDT,atomusdt,False,,,,1.0,0.001,,0.1,ATOM/USDT:USDT,bybit,,,,
BYBIT:SPOT_PAIR:ZIL-USDT,BYBIT,SPOT_PAIR,ZIL-USDT,exchange,bybit-spot,tardis,crypto,2021-12-29T00:00:00.000Z,,"trades,book_snapshot_5",ZIL,USDT,USDT,ZILUSDT,zilusdt,False,,,,1.0,1e-06,,10.0,ZIL/USDT:USDT,bybit,,,,
BYBIT:SPOT_PAIR:THETA-USDT,BYBIT,SPOT_PAIR,THETA-USDT,exchange,bybit-spot,tardis,crypto,2021-12-16T00:00:00.000Z,,"trades,book_snapshot_5",THETA,USDT,USDT,THETAUSDT,thetausdt,False,,,,1.0,0.0001,,0.1,THETA/USDT:USDT,bybit,,,,
BYBIT:SPOT_PAIR:QTUM-USDT,BYBIT,SPOT_PAIR,QTUM-USDT,exchange,bybit-spot,tardis,crypto,2021-12-16T00:00:00.000Z,,"trades,book_snapshot_5",QTUM,USDT,USDT,QTUMUSDT,qtumusdt,False,,,,1.0,0.001,,0.1,QTUM/USDT:USDT,bybit,,,,
BYBIT:SPOT_PAIR:FTT-USDT,BYBIT,SPOT_PAIR,FTT-USDT,exchange,bybit-spot,tardis,crypto,2021-12-04T00:00:00.000Z,,"trades,book_snapshot_5",FTT,USDT,USDT,FTTUSDT,fttusdt,False,,,,,0.0001,,0.001,FTT/USDT,bybit,,,,
BYBIT:SPOT_PAIR:XEM-USDT,BYBIT,SPOT_PAIR,XEM-USDT,exchange,bybit-spot,tardis,crypto,2021-12-04T00:00:00.000Z,,"trades,book_snapshot_5",XEM,USDT,USDT,XEMUSDT,xemusdt,False,,,,,1e-06,,0.01,XEM/USDT,bybit,,,,
BYBIT:SPOT_PAIR:USDC-USDT,BYBIT,SPOT_PAIR,USDC-USDT,exchange,bybit-spot,tardis,crypto,2021-12-04T00:00:00.000Z,,"trades,book_snapshot_5",USDC,USDT,USDT,USDCUSDT,usdcusdt,False,,,,1.0,0.0001,,0.1,USDC/USDT:USDT,bybit,,,,
BYBIT:SPOT_PAIR:YFI-USDT,BYBIT,SPOT_PAIR,YFI-USDT,exchange,bybit-spot,tardis,crypto,2021-12-04T00:00:00.000Z,,"trades,book_snapshot_5",YFI,USDT,USDT,YFIUSDT,yfiusdt,False,,,,1.0,1.0,,0.0001,YFI/USDT:USDT,bybit,,,,
BYBIT:SPOT_PAIR:CRV-USDT,BYBIT,SPOT_PAIR,CRV-USDT,exchange,bybit-spot,tardis,crypto,2021-12-04T00:00:00.000Z,,"trades,book_snapshot_5",CRV,USDT,USDT,CRVUSDT,crvusdt,False,,,,1.0,0.0001,,0.1,CRV/USDT:USDT,bybit,,,,
BYBIT:SPOT_PAIR:DGB-USDT,BYBIT,SPOT_PAIR,DGB-USDT,exchange,bybit-spot,tardis,crypto,2021-12-21T00:00:00.000Z,,"trades,book_snapshot_5",DGB,USDT,USDT,DGBUSDT,dgbusdt,False,,,,1.0,1e-06,,10.0,DGB/USDT:USDT,bybit,,,,
BYBIT:SPOT_PAIR:DAI-USDT,BYBIT,SPOT_PAIR,DAI-USDT,exchange,bybit-spot,tardis,crypto,2022-01-26T00:00:00.000Z,,"trades,book_snapshot_5",DAI,USDT,USDT,DAIUSDT,daiusdt,False,,,,,0.0001,,0.01,DAI/USDT,bybit,,,,
BYBIT:SPOT_PAIR:RVN-USDT,BYBIT,SPOT_PAIR,RVN-USDT,exchange,bybit-spot,tardis,crypto,2021-12-21T00:00:00.000Z,,"trades,book_snapshot_5",RVN,USDT,USDT,RVNUSDT,rvnusdt,False,,,,1.0,1e-06,,1.0,RVN/USDT:USDT,bybit,,,,
BYBIT:SPOT_PAIR:SC-USDT,BYBIT,SPOT_PAIR,SC-USDT,exchange,bybit-spot,tardis,crypto,2022-03-31T00:00:00.000Z,,"trades,book_snapshot_5",SC,USDT,USDT,SCUSDT,scusdt,False,,,,1.0,1e-06,,10.0,SC/USDT:USDT,bybit,,,,
BYBIT:SPOT_PAIR:SCRT-USDT,BYBIT,SPOT_PAIR,SCRT-USDT,exchange,bybit-spot,tardis,crypto,2022-03-31T00:00:00.000Z,,"trades,book_snapshot_5",SCRT,USDT,USDT,SCRTUSDT,scrtusdt,False,,,,1.0,0.0001,,0.1,SCRT/USDT:USDT,bybit,,,,
BYBIT:SPOT_PAIR:ICX-USDT,BYBIT,SPOT_PAIR,ICX-USDT,exchange,bybit-spot,tardis,crypto,2022-01-06T00:00:00.000Z,,"trades,book_snapshot_5",ICX,USDT,USDT,ICXUSDT,icxusdt,False,,,,1.0,1e-05,,1.0,ICX/USDT:USDT,bybit,,,,
BYBIT:SPOT_PAIR:HBAR-USDT,BYBIT,SPOT_PAIR,HBAR-USDT,exchange,bybit-spot,tardis,crypto,2021-12-29T00:00:00.000Z,,"trades,book_snapshot_5",HBAR,USDT,USDT,HBARUSDT,hbarusdt,False,,,,1.0,1e-05,,1.0,HBAR/USDT:USDT,bybit,,,,
BYBIT:SPOT_PAIR:ENJ-USDT,BYBIT,SPOT_PAIR,ENJ-USDT,exchange,bybit-spot,tardis,crypto,2021-12-04T00:00:00.000Z,,"trades,book_snapshot_5",ENJ,USDT,USDT,ENJUSDT,enjusdt,False,,,,1.0,1e-05,,0.1,ENJ/USDT:USDT,bybit,,,,
BYBIT:SPOT_PAIR:SNX-USDT,BYBIT,SPOT_PAIR,SNX-USDT,exchange,bybit-spot,tardis,crypto,2021-12-04T00:00:00.000Z,,"trades,book_snapshot_5",SNX,USDT,USDT,SNXUSDT,snxusdt,False,,,,1.0,0.0001,,0.1,SNX/USDT:USDT,bybit,,,,
BYBIT:SPOT_PAIR:LRC-USDT,BYBIT,SPOT_PAIR,LRC-USDT,exchange,bybit-spot,tardis,crypto,2021-12-04T00:00:00.000Z,,"trades,book_snapshot_5",LRC,USDT,USDT,LRCUSDT,lrcusdt,False,,,,1.0,1e-05,,0.1,LRC/USDT:USDT,bybit,,,,
BYBIT:SPOT_PAIR:WAVES-USDT,BYBIT,SPOT_PAIR,WAVES-USDT,exchange,bybit-spot,tardis,crypto,2021-12-04T00:00:00.000Z,,"trades,book_snapshot_5",WAVES,USDT,USDT,WAVESUSDT,wavesusdt,False,,,,1.0,0.0001,,0.1,WAVES/USDT:USDT,bybit,,,,
BYBIT:SPOT_PAIR:SUSHI-USDT,BYBIT,SPOT_PAIR,SUSHI-USDT,exchange,bybit-spot,tardis,crypto,2021-12-04T00:00:00.000Z,,"trades,book_snapshot_5",SUSHI,USDT,USDT,SUSHIUSDT,sushiusdt,False,,,,1.0,0.0001,,0.1,SUSHI/USDT:USDT,bybit,,,,
BYBIT:SPOT_PAIR:MANA-USDT,BYBIT,SPOT_PAIR,MANA-USDT,exchange,bybit-spot,tardis,crypto,2021-12-04T00:00:00.000Z,,"trades,book_snapshot_5",MANA,USDT,USDT,MANAUSDT,manausdt,False,,,,1.0,0.0001,,0.1,MANA/USDT:USDT,bybit,,,,
BYBIT:SPOT_PAIR:EGLD-USDT,BYBIT,SPOT_PAIR,EGLD-USDT,exchange,bybit-spot,tardis,crypto,2021-12-21T00:00:00.000Z,,"trades,book_snapshot_5",EGLD,USDT,USDT,EGLDUSDT,egldusdt,False,,,,1.0,0.001,,0.01,EGLD/USDT:USDT,bybit,,,,
BYBIT:SPOT_PAIR:BTT-USDT,BYBIT,SPOT_PAIR,BTT-USDT,exchange,bybit-spot,tardis,crypto,2022-02-21T00:00:00.000Z,,"trades,book_snapshot_5",BTT,USDT,USDT,BTTUSDT,bttusdt,False,,,,,1e-10,,1.0,BTT/USDT,bybit,,,,
BYBIT:SPOT_PAIR:WBTC-USDT,BYBIT,SPOT_PAIR,WBTC-USDT,exchange,bybit-spot,tardis,crypto,2022-04-07T00:00:00.000Z,,"trades,book_snapshot_5",WBTC,USDT,USDT,WBTCUSDT,wbtcusdt,False,,,,,0.01,,1e-06,WBTC/USDT,bybit,,,,
BYBIT:SPOT_PAIR:KSM-USDT,BYBIT,SPOT_PAIR,KSM-USDT,exchange,bybit-spot,tardis,crypto,2021-12-04T00:00:00.000Z,,"trades,book_snapshot_5",KSM,USDT,USDT,KSMUSDT,ksmusdt,False,,,,1.0,0.001,,0.01,KSM/USDT:USDT,bybit,,,,
BYBIT:SPOT_PAIR:UMA-USDT,BYBIT,SPOT_PAIR,UMA-USDT,exchange,bybit-spot,tardis,crypto,2021-12-04T00:00:00.000Z,,"trades,book_snapshot_5",UMA,USDT,USDT,UMAUSDT,umausdt,False,,,,1.0,0.0001,,0.1,UMA/USDT:USDT,bybit,,,,
BYBIT:SPOT_PAIR:AXS-USDT,BYBIT,SPOT_PAIR,AXS-USDT,exchange,bybit-spot,tardis,crypto,2021-12-04T00:00:00.000Z,,"trades,book_snapshot_5",AXS,USDT,USDT,AXSUSDT,axsusdt,False,,,,1.0,0.001,,0.1,AXS/USDT:USDT,bybit,,,,
BYBIT:SPOT_PAIR:BEL-USDT,BYBIT,SPOT_PAIR,BEL-USDT,exchange,bybit-spot,tardis,crypto,2022-06-16T00:00:00.000Z,,"trades,book_snapshot_5",BEL,USDT,USDT,BELUSDT,belusdt,False,,,,1.0,0.0001,,1.0,BEL/USDT:USDT,bybit,,,,
BYBIT:SPOT_PAIR:STX-USDT,BYBIT,SPOT_PAIR,STX-USDT,exchange,bybit-spot,tardis,crypto,2022-03-17T00:00:00.000Z,,"trades,book_snapshot_5",STX,USDT,USDT,STXUSDT,stxusdt,False,,,,1.0,0.0001,,0.1,STX/USDT:USDT,bybit,,,,
BYBIT:SPOT_PAIR:ZEN-USDT,BYBIT,SPOT_PAIR,ZEN-USDT,exchange,bybit-spot,tardis,crypto,2021-12-16T00:00:00.000Z,,"trades,book_snapshot_5",ZEN,USDT,USDT,ZENUSDT,zenusdt,False,,,,1.0,0.001,,0.1,ZEN/USDT:USDT,bybit,,,,
BYBIT:SPOT_PAIR:RUNE-USDT,BYBIT,SPOT_PAIR,RUNE-USDT,exchange,bybit-spot,tardis,crypto,2021-12-21T00:00:00.000Z,,"trades,book_snapshot_5",RUNE,USDT,USDT,RUNEUSDT,runeusdt,False,,,,1.0,0.0001,,0.1,RUNE/USDT:USDT,bybit,,,,
BYBIT:SPOT_PAIR:HNT-USDT,BYBIT,SPOT_PAIR,HNT-USDT,exchange,bybit-spot,tardis,crypto,2022-01-06T00:00:00.000Z,,"trades,book_snapshot_5",HNT,USDT,USDT,HNTUSDT,hntusdt,False,,,,1.0,0.001,,0.01,HNT/USDT:USDT,bybit,,,,
BYBIT:SPOT_PAIR:CELO-USDT,BYBIT,SPOT_PAIR,CELO-USDT,exchange,bybit-spot,tardis,crypto,2022-04-13T00:00:00.000Z,,"trades,book_snapshot_5",CELO,USDT,USDT,CELOUSDT,celousdt,False,,,,1.0,0.0001,,0.1,CELO/USDT:USDT,bybit,,,,
BYBIT:SPOT_PAIR:NEAR-USDT,BYBIT,SPOT_PAIR,NEAR-USDT,exchange,bybit-spot,tardis,crypto,2022-03-11T00:00:00.000Z,,"trades,book_snapshot_5",NEAR,USDT,USDT,NEARUSDT,nearusdt,False,,,,1.0,0.001,,0.1,NEAR/USDT:USDT,bybit,,,,
BYBIT:SPOT_PAIR:AVA-USDT,BYBIT,SPOT_PAIR,AVA-USDT,exchange,bybit-spot,tardis,crypto,2021-12-04T00:00:00.000Z,,"trades,book_snapshot_5",AVA,USDT,USDT,AVAUSDT,avausdt,False,,,,1.0,0.0001,,0.1,AVA/USDT:USDT,bybit,,,,
BYBIT:SPOT_PAIR:FORT-USDT,BYBIT,SPOT_PAIR,FORT-USDT,exchange,bybit-spot,tardis,crypto,2022-06-15T00:00:00.000Z,,"trades,book_snapshot_5",FORT,USDT,USDT,FORTUSDT,fortusdt,False,,,,,1e-05,,0.01,FORT/USDT,bybit,,,,
BYBIT:SPOT_PAIR:GRT-USDT,BYBIT,SPOT_PAIR,GRT-USDT,exchange,bybit-spot,tardis,crypto,2021-12-04T00:00:00.000Z,,"trades,book_snapshot_5",GRT,USDT,USDT,GRTUSDT,grtusdt,False,,,,1.0,1e-05,,0.1,GRT/USDT:USDT,bybit,,,,
BYBIT:SPOT_PAIR:FIDA-USDT,BYBIT,SPOT_PAIR,FIDA-USDT,exchange,bybit-spot,tardis,crypto,2022-03-23T00:00:00.000Z,,"trades,book_snapshot_5",FIDA,USDT,USDT,FIDAUSDT,fidausdt,False,,,,1.0,1e-05,,1.0,FIDA/USDT:USDT,bybit,,,,
BYBIT:SPOT_PAIR:CHZ-USDT,BYBIT,SPOT_PAIR,CHZ-USDT,exchange,bybit-spot,tardis,crypto,2021-12-04T00:00:00.000Z,,"trades,book_snapshot_5",CHZ,USDT,USDT,CHZUSDT,chzusdt,False,,,,1.0,1e-05,,1.0,CHZ/USDT:USDT,bybit,,,,
BYBIT:SPOT_PAIR:1INCH-USDT,BYBIT,SPOT_PAIR,1INCH-USDT,exchange,bybit-spot,tardis,crypto,2021-12-04T00:00:00.000Z,,"trades,book_snapshot_5",1INCH,USDT,USDT,1INCHUSDT,1inchusdt,False,,,,1.0,0.0001,,0.1,1INCH/USDT:USDT,bybit,,,,
BYBIT:SPOT_PAIR:JST-USDT,BYBIT,SPOT_PAIR,JST-USDT,exchange,bybit-spot,tardis,crypto,2022-02-21T00:00:00.000Z,,"trades,book_snapshot_5",JST,USDT,USDT,JSTUSDT,jstusdt,False,,,,1.0,1e-05,,10.0,JST/USDT:USDT,bybit,,,,
BYBIT:SPOT_PAIR:SUN-USDT,BYBIT,SPOT_PAIR,SUN-USDT,exchange,bybit-spot,tardis,crypto,2022-02-21T00:00:00.000Z,,"trades,book_snapshot_5",SUN,USDT,USDT,SUNUSDT,sunusdt,False,,,,1.0,1e-06,,10.0,SUN/USDT:USDT,bybit,,,,
BYBIT:SPOT_PAIR:ANKR-USDT,BYBIT,SPOT_PAIR,ANKR-USDT,exchange,bybit-spot,tardis,crypto,2021-12-04T00:00:00.000Z,,"trades,book_snapshot_5",ANKR,USDT,USDT,ANKRUSDT,ankrusdt,False,,,,1.0,1e-06,,1.0,ANKR/USDT:USDT,bybit,,,,
BYBIT:SPOT_PAIR:SAND-USDT,BYBIT,SPOT_PAIR,SAND-USDT,exchange,bybit-spot,tardis,crypto,2021-12-04T00:00:00.000Z,,"trades,book_snapshot_5",SAND,USDT,USDT,SANDUSDT,sandusdt,False,,,,1.0,0.0001,,1.0,SAND/USDT:USDT,bybit,,,,
BYBIT:SPOT_PAIR:ICP-USDT,BYBIT,SPOT_PAIR,ICP-USDT,exchange,bybit-spot,tardis,crypto,2021-12-04T00:00:00.000Z,,"trades,book_snapshot_5",ICP,USDT,USDT,ICPUSDT,icpusdt,False,,,,1.0,0.001,,0.1,ICP/USDT:USDT,bybit,,,,
BYBIT:SPOT_PAIR:FLOW-USDT,BYBIT,SPOT_PAIR,FLOW-USDT,exchange,bybit-spot,tardis,crypto,2022-03-17T00:00:00.000Z,,"trades,book_snapshot_5",FLOW,USDT,USDT,FLOWUSDT,flowusdt,False,,,,1.0,0.0001,,0.1,FLOW/USDT:USDT,bybit,,,,
BYBIT:SPOT_PAIR:CAKE-USDT,BYBIT,SPOT_PAIR,CAKE-USDT,exchange,bybit-spot,tardis,crypto,2021-12-04T00:00:00.000Z,,"trades,book_snapshot_5",CAKE,USDT,USDT,CAKEUSDT,cakeusdt,False,,,,1.0,0.001,,0.1,CAKE/USDT:USDT,bybit,,,,
BYBIT:SPOT_PAIR:XEC-USDT,BYBIT,SPOT_PAIR,XEC-USDT,exchange,bybit-spot,tardis,crypto,2021-12-29T00:00:00.000Z,,"trades,book_snapshot_5",XEC,USDT,USDT,XECUSDT,xecusdt,False,,,,,1e-08,,0.1,XEC/USDT,bybit,,,,
BYBIT:SPOT_PAIR:GALA-USDT,BYBIT,SPOT_PAIR,GALA-USDT,exchange,bybit-spot,tardis,crypto,2021-12-04T00:00:00.000Z,,"trades,book_snapshot_5",GALA,USDT,USDT,GALAUSDT,galausdt,False,,,,1.0,1e-06,,1.0,GALA/USDT:USDT,bybit,,,,
BYBIT:SPOT_PAIR:AR-USDT,BYBIT,SPOT_PAIR,AR-USDT,exchange,bybit-spot,tardis,crypto,2022-08-05T00:00:00.000Z,,"trades,book_snapshot_5",AR,USDT,USDT,ARUSDT,arusdt,False,,,,1.0,0.001,,0.1,AR/USDT:USDT,bybit,,,,
BYBIT:SPOT_PAIR:ARB-USDT,BYBIT,SPOT_PAIR,ARB-USDT,exchange,bybit-spot,tardis,crypto,2023-03-23T00:00:00.000Z,,"trades,book_snapshot_5",ARB,USDT,USDT,ARBUSDT,arbusdt,False,,,,1.0,0.0001,,0.1,ARB/USDT:USDT,bybit,,,,
BYBIT:SPOT_PAIR:QNT-USDT,BYBIT,SPOT_PAIR,QNT-USDT,exchange,bybit-spot,tardis,crypto,2021-12-04T00:00:00.000Z,,"trades,book_snapshot_5",QNT,USDT,USDT,QNTUSDT,qntusdt,False,,,,1.0,0.01,,0.01,QNT/USDT:USDT,bybit,,,,
BYBIT:SPOT_PAIR:ROSE-USDT,BYBIT,SPOT_PAIR,ROSE-USDT,exchange,bybit-spot,tardis,crypto,2022-08-11T00:00:00.000Z,,"trades,book_snapshot_5",ROSE,USDT,USDT,ROSEUSDT,roseusdt,False,,,,1.0,1e-05,,1.0,ROSE/USDT:USDT,bybit,,,,
BYBIT:SPOT_PAIR:NEXO-USDT,BYBIT,SPOT_PAIR,NEXO-USDT,exchange,bybit-spot,tardis,crypto,2021-12-04T00:00:00.000Z,,"trades,book_snapshot_5",NEXO,USDT,USDT,NEXOUSDT,nexousdt,False,,,,,0.0001,,0.01,NEXO/USDT,bybit,,,,
BYBIT:SPOT_PAIR:MINA-USDT,BYBIT,SPOT_PAIR,MINA-USDT,exchange,bybit-spot,tardis,crypto,2022-03-31T00:00:00.000Z,,"trades,book_snapshot_5",MINA,USDT,USDT,MINAUSDT,minausdt,False,,,,1.0,0.0001,,0.1,MINA/USDT:USDT,bybit,,,,
BYBIT:SPOT_PAIR:XDC-USDT,BYBIT,SPOT_PAIR,XDC-USDT,exchange,bybit-spot,tardis,crypto,2021-12-30T00:00:00.000Z,,"trades,book_snapshot_5",XDC,USDT,USDT,XDCUSDT,xdcusdt,False,,,,1.0,1e-05,,1.0,XDC/USDT:USDT,bybit,,,,
BYBIT:SPOT_PAIR:WAXP-USDT,BYBIT,SPOT_PAIR,WAXP-USDT,exchange,bybit-spot,tardis,crypto,2022-08-11T00:00:00.000Z,,"trades,book_snapshot_5",WAXP,USDT,USDT,WAXPUSDT,waxpusdt,False,,,,1.0,1e-05,,10.0,WAXP/USDT:USDT,bybit,,,,
BYBIT:SPOT_PAIR:SPELL-USDT,BYBIT,SPOT_PAIR,SPELL-USDT,exchange,bybit-spot,tardis,crypto,2021-12-04T00:00:00.000Z,,"trades,book_snapshot_5",SPELL,USDT,USDT,SPELLUSDT,spellusdt,False,,,,1.0,1e-07,,10.0,SPELL/USDT:USDT,bybit,,,,
BYBIT:SPOT_PAIR:NFT-USDT,BYBIT,SPOT_PAIR,NFT-USDT,exchange,bybit-spot,tardis,crypto,2022-02-21T00:00:00.000Z,,"trades,book_snapshot_5",NFT,USDT,USDT,NFTUSDT,nftusdt,False,,,,,1e-10,,1.0,NFT/USDT,bybit,,,,
BYBIT:SPOT_PAIR:TON-USDT,BYBIT,SPOT_PAIR,TON-USDT,exchange,bybit-spot,tardis,crypto,2022-12-21T00:00:00.000Z,,"trades,book_snapshot_5",TON,USDT,USDT,TONUSDT,tonusdt,False,,,,1.0,0.0001,,0.1,TON/USDT:USDT,bybit,,,,
BYBIT:SPOT_PAIR:LDO-USDT,BYBIT,SPOT_PAIR,LDO-USDT,exchange,bybit-spot,tardis,crypto,2021-12-04T00:00:00.000Z,,"trades,book_snapshot_5",LDO,USDT,USDT,LDOUSDT,ldousdt,False,,,,1.0,0.0001,,0.1,LDO/USDT:USDT,bybit,,,,
BYBIT:SPOT_PAIR:JASMY-USDT,BYBIT,SPOT_PAIR,JASMY-USDT,exchange,bybit-spot,tardis,crypto,2021-12-04T00:00:00.000Z,,"trades,book_snapshot_5",JASMY,USDT,USDT,JASMYUSDT,jasmyusdt,False,,,,1.0,1e-06,,1.0,JASMY/USDT:USDT,bybit,,,,
BYBIT:SPOT_PAIR:CORE-USDT,BYBIT,SPOT_PAIR,CORE-USDT,exchange,bybit-spot,tardis,crypto,2023-02-08T00:00:00.000Z,,"trades,book_snapshot_5",CORE,USDT,USDT,COREUSDT,coreusdt,False,,,,1.0,0.0001,,0.1,CORE/USDT:USDT,bybit,,,,
BYBIT:SPOT_PAIR:APE-USDT,BYBIT,SPOT_PAIR,APE-USDT,exchange,bybit-spot,tardis,crypto,2022-03-17T00:00:00.000Z,,"trades,book_snapshot_5",APE,USDT,USDT,APEUSDT,apeusdt,False,,,,1.0,0.0001,,0.1,APE/USDT:USDT,bybit,,,,
BYBIT:SPOT_PAIR:APEX-USDT,BYBIT,SPOT_PAIR,APEX-USDT,exchange,bybit-spot,tardis,crypto,2022-04-27T00:00:00.000Z,,"trades,book_snapshot_5",APEX,USDT,USDT,APEXUSDT,apexusdt,False,,,,1.0,0.0001,,0.1,APEX/USDT:USDT,bybit,,,,
BYBIT:SPOT_PAIR:USDD-USDT,BYBIT,SPOT_PAIR,USDD-USDT,exchange,bybit-spot,tardis,crypto,2022-05-26T00:00:00.000Z,,"trades,book_snapshot_5",USDD,USDT,USDT,USDDUSDT,usddusdt,False,,,,,0.0001,,0.01,USDD/USDT,bybit,,,,
BYBIT:SPOT_PAIR:FLR-USDT,BYBIT,SPOT_PAIR,FLR-USDT,exchange,bybit-spot,tardis,crypto,2023-01-10T00:00:00.000Z,,"trades,book_snapshot_5",FLR,USDT,USDT,FLRUSDT,flrusdt,False,,,,1.0,1e-05,,10.0,FLR/USDT:USDT,bybit,,,,
BYBIT:SPOT_PAIR:DYDX-USDT,BYBIT,SPOT_PAIR,DYDX-USDT,exchange,bybit-spot,tardis,crypto,2021-12-04T00:00:00.000Z,,"trades,book_snapshot_5",DYDX,USDT,USDT,DYDXUSDT,dydxusdt,False,,,,1.0,0.0001,,0.1,DYDX/USDT:USDT,bybit,,,,
BYBIT:SPOT_PAIR:AXL-USDT,BYBIT,SPOT_PAIR,AXL-USDT,exchange,bybit-spot,tardis,crypto,2023-04-06T00:00:00.000Z,,"trades,book_snapshot_5",AXL,USDT,USDT,AXLUSDT,axlusdt,False,,,,1.0,0.0001,,1.0,AXL/USDT:USDT,bybit,,,,
BYBIT:SPOT_PAIR:WEMIX-USDT,BYBIT,SPOT_PAIR,WEMIX-USDT,exchange,bybit-spot,tardis,crypto,2021-12-04T00:00:00.000Z,,"trades,book_snapshot_5",WEMIX,USDT,USDT,WEMIXUSDT,wemixusdt,False,,,,,0.0001,,0.001,WEMIX/USDT,bybit,,,,
BYBIT:SPOT_PAIR:WOO-USDT,BYBIT,SPOT_PAIR,WOO-USDT,exchange,bybit-spot,tardis,crypto,2021-12-04T00:00:00.000Z,,"trades,book_snapshot_5",WOO,USDT,USDT,WOOUSDT,woousdt,False,,,,1.0,1e-05,,0.1,WOO/USDT:USDT,bybit,,,,
BYBIT:SPOT_PAIR:ENS-USDT,BYBIT,SPOT_PAIR,ENS-USDT,exchange,bybit-spot,tardis,crypto,2021-12-04T00:00:00.000Z,,"trades,book_snapshot_5",ENS,USDT,USDT,ENSUSDT,ensusdt,False,,,,1.0,0.001,,0.1,ENS/USDT:USDT,bybit,,,,
BYBIT:SPOT_PAIR:LUNC-USDT,BYBIT,SPOT_PAIR,LUNC-USDT,exchange,bybit-spot,tardis,crypto,2022-05-26T00:00:00.000Z,,"trades,book_snapshot_5",LUNC,USDT,USDT,LUNCUSDT,luncusdt,False,,,,,1e-08,,0.1,LUNC/USDT,bybit,,,,
BYBIT:SPOT_PAIR:BLUR-USDT,BYBIT,SPOT_PAIR,BLUR-USDT,exchange,bybit-spot,tardis,crypto,2023-02-14T00:00:00.000Z,,"trades,book_snapshot_5",BLUR,USDT,USDT,BLURUSDT,blurusdt,False,,,,1.0,1e-05,,1.0,BLUR/USDT:USDT,bybit,,,,
BYBIT:SPOT_PAIR:TWT-USDT,BYBIT,SPOT_PAIR,TWT-USDT,exchange,bybit-spot,tardis,crypto,2022-11-17T00:00:00.000Z,,"trades,book_snapshot_5",TWT,USDT,USDT,TWTUSDT,twtusdt,False,,,,1.0,0.0001,,0.1,TWT/USDT:USDT,bybit,,,,
BYBIT:SPOT_PAIR:GMT-USDT,BYBIT,SPOT_PAIR,GMT-USDT,exchange,bybit-spot,tardis,crypto,2022-04-08T00:00:00.000Z,,"trades,book_snapshot_5",GMT,USDT,USDT,GMTUSDT,gmtusdt,False,,,,1.0,1e-05,,1.0,GMT/USDT:USDT,bybit,,,,
BYBIT:SPOT_PAIR:PEOPLE-USDT,BYBIT,SPOT_PAIR,PEOPLE-USDT,exchange,bybit-spot,tardis,crypto,2022-11-15T00:00:00.000Z,,"trades,book_snapshot_5",PEOPLE,USDT,USDT,PEOPLEUSDT,peopleusdt,False,,,,1.0,1e-06,,1.0,PEOPLE/USDT:USDT,bybit,,,,
BYBIT:SPOT_PAIR:ID-USDT,BYBIT,SPOT_PAIR,ID-USDT,exchange,bybit-spot,tardis,crypto,2023-03-22T00:00:00.000Z,,"trades,book_snapshot_5",ID,USDT,USDT,IDUSDT,idusdt,False,,,,1.0,1e-05,,1.0,ID/USDT:USDT,bybit,,,,
BYBIT:SPOT_PAIR:MASK-USDT,BYBIT,SPOT_PAIR,MASK-USDT,exchange,bybit-spot,tardis,crypto,2022-11-03T00:00:00.000Z,,"trades,book_snapshot_5",MASK,USDT,USDT,MASKUSDT,maskusdt,False,,,,1.0,0.0001,,0.1,MASK/USDT:USDT,bybit,,,,
BYBIT:SPOT_PAIR:GLMR-USDT,BYBIT,SPOT_PAIR,GLMR-USDT,exchange,bybit-spot,tardis,crypto,2022-04-06T00:00:00.000Z,,"trades,book_snapshot_5",GLMR,USDT,USDT,GLMRUSDT,glmrusdt,False,,,,1.0,1e-05,,0.1,GLMR/USDT:USDT,bybit,,,,
BYBIT:SPOT_PAIR:MX-USDT,BYBIT,SPOT_PAIR,MX-USDT,exchange,bybit-spot,tardis,crypto,2021-12-17T00:00:00.000Z,,"trades,book_snapshot_5",MX,USDT,USDT,MXUSDT,mxusdt,False,,,,,0.001,,0.01,MX/USDT,bybit,,,,
BYBIT:SPOT_PAIR:PRIME-USDT,BYBIT,SPOT_PAIR,PRIME-USDT,exchange,bybit-spot,tardis,crypto,2023-03-01T00:00:00.000Z,,"trades,book_snapshot_5",PRIME,USDT,USDT,PRIMEUSDT,primeusdt,False,,,,,0.001,,0.01,PRIME/USDT,bybit,,,,
BYBIT:SPOT_PAIR:GODS-USDT,BYBIT,SPOT_PAIR,GODS-USDT,exchange,bybit-spot,tardis,crypto,2021-12-04T00:00:00.000Z,,"trades,book_snapshot_5",GODS,USDT,USDT,GODSUSDT,godsusdt,False,,,,1.0,1e-05,,1.0,GODS/USDT:USDT,bybit,,,,
BYBIT:SPOT_PAIR:GMX-USDT,BYBIT,SPOT_PAIR,GMX-USDT,exchange,bybit-spot,tardis,crypto,2022-03-08T00:00:00.000Z,,"trades,book_snapshot_5",GMX,USDT,USDT,GMXUSDT,gmxusdt,False,,,,1.0,0.001,,0.01,GMX/USDT:USDT,bybit,,,,
BYBIT:SPOT_PAIR:GALFT-USDT,BYBIT,SPOT_PAIR,GALFT-USDT,exchange,bybit-spot,tardis,crypto,2022-05-05T00:00:00.000Z,,"trades,book_snapshot_5",GALFT,USDT,USDT,GALFTUSDT,galftusdt,False,,,,,,,,,,,,,
BYBIT:SPOT_PAIR:SSV-USDT,BYBIT,SPOT_PAIR,SSV-USDT,exchange,bybit-spot,tardis,crypto,2023-01-20T00:00:00.000Z,,"trades,book_snapshot_5",SSV,USDT,USDT,SSVUSDT,ssvusdt,False,,,,1.0,0.001,,0.01,SSV/USDT:USDT,bybit,,,,
BYBIT:SPOT_PAIR:TEL-USDT,BYBIT,SPOT_PAIR,TEL-USDT,exchange,bybit-spot,tardis,crypto,2021-12-04T00:00:00.000Z,,"trades,book_snapshot_5",TEL,USDT,USDT,TELUSDT,telusdt,False,,,,,1e-06,,0.1,TEL/USDT,bybit,,,,
BYBIT:SPOT_PAIR:TRVL-USDT,BYBIT,SPOT_PAIR,TRVL-USDT,exchange,bybit-spot,tardis,crypto,2021-12-04T00:00:00.000Z,,"trades,book_snapshot_5",TRVL,USDT,USDT,TRVLUSDT,trvlusdt,False,,,,,1e-06,,0.01,TRVL/USDT,bybit,,,,
BYBIT:SPOT_PAIR:TIME-USDT,BYBIT,SPOT_PAIR,TIME-USDT,exchange,bybit-spot,tardis,crypto,2023-01-13T00:00:00.000Z,,"trades,book_snapshot_5",TIME,USDT,USDT,TIMEUSDT,timeusdt,False,,,,,0.001,,0.01,TIME/USDT,bybit,,,,
BYBIT:SPOT_PAIR:TURBOS-USDT,BYBIT,SPOT_PAIR,TURBOS-USDT,exchange,bybit-spot,tardis,crypto,2023-05-15T00:00:00.000Z,,"trades,book_snapshot_5",TURBOS,USDT,USDT,TURBOSUSDT,turbosusdt,False,,,,,1e-07,,0.01,TURBOS/USDT,bybit,,,,
BYBIT:SPOT_PAIR:RPL-USDT,BYBIT,SPOT_PAIR,RPL-USDT,exchange,bybit-spot,tardis,crypto,2023-01-19T00:00:00.000Z,,"trades,book_snapshot_5",RPL,USDT,USDT,RPLUSDT,rplusdt,False,,,,1.0,0.001,,0.01,RPL/USDT:USDT,bybit,,,,
BYBIT:SPOT_PAIR:STETH-USDT,BYBIT,SPOT_PAIR,STETH-USDT,exchange,bybit-spot,tardis,crypto,2021-12-04T00:00:00.000Z,,"trades,book_snapshot_5",STETH,USDT,USDT,STETHUSDT,stethusdt,False,,,,,0.01,,1e-05,STETH/USDT,bybit,,,,
BYBIT:SPOT_PAIR:IMX-USDT,BYBIT,SPOT_PAIR,IMX-USDT,exchange,bybit-spot,tardis,crypto,2021-12-04T00:00:00.000Z,,"trades,book_snapshot_5",IMX,USDT,USDT,IMXUSDT,imxusdt,False,,,,1.0,0.0001,,0.1,IMX/USDT:USDT,bybit,,,,
BYBIT:SPOT_PAIR:BOBA-USDT,BYBIT,SPOT_PAIR,BOBA-USDT,exchange,bybit-spot,tardis,crypto,2021-12-04T00:00:00.000Z,,"trades,book_snapshot_5",BOBA,USDT,USDT,BOBAUSDT,bobausdt,False,,,,1.0,1e-05,,0.1,BOBA/USDT:USDT,bybit,,,,
BYBIT:SPOT_PAIR:SLP-USDT,BYBIT,SPOT_PAIR,SLP-USDT,exchange,bybit-spot,tardis,crypto,2021-12-04T00:00:00.000Z,,"trades,book_snapshot_5",SLP,USDT,USDT,SLPUSDT,slpusdt,False,,,,1.0,1e-07,,10.0,SLP/USDT:USDT,bybit,,,,
BYBIT:SPOT_PAIR:C98-USDT,BYBIT,SPOT_PAIR,C98-USDT,exchange,bybit-spot,tardis,crypto,2021-12-04T00:00:00.000Z,,"trades,book_snapshot_5",C98,USDT,USDT,C98USDT,c98usdt,False,,,,1.0,1e-05,,0.1,C98/USDT:USDT,bybit,,,,
BYBIT:SPOT_PAIR:AGLD-USDT,BYBIT,SPOT_PAIR,AGLD-USDT,exchange,bybit-spot,tardis,crypto,2021-12-04T00:00:00.000Z,,"trades,book_snapshot_5",AGLD,USDT,USDT,AGLDUSDT,agldusdt,False,,,,1.0,0.0001,,0.1,AGLD/USDT:USDT,bybit,,,,
BYBIT:SPOT_PAIR:ONE-USDT,BYBIT,SPOT_PAIR,ONE-USDT,exchange,bybit-spot,tardis,crypto,2021-12-04T00:00:00.000Z,,"trades,book_snapshot_5",ONE,USDT,USDT,ONEUSDT,oneusdt,False,,,,1.0,1e-06,,1.0,ONE/USDT:USDT,bybit,,,,
BYBIT:SPOT_PAIR:SIS-USDT,BYBIT,SPOT_PAIR,SIS-USDT,exchange,bybit-spot,tardis,crypto,2021-12-04T00:00:00.000Z,,"trades,book_snapshot_5",SIS,USDT,USDT,SISUSDT,sisusdt,False,,,,,1e-05,,0.01,SIS/USDT,bybit,,,,
BYBIT:SPOT_PAIR:BICO-USDT,BYBIT,SPOT_PAIR,BICO-USDT,exchange,bybit-spot,tardis,crypto,2021-12-04T00:00:00.000Z,,"trades,book_snapshot_5",BICO,USDT,USDT,BICOUSDT,bicousdt,False,,,,1.0,1e-05,,0.1,BICO/USDT:USDT,bybit,,,,
BYBIT:SPOT_PAIR:IZI-USDT,BYBIT,SPOT_PAIR,IZI-USDT,exchange,bybit-spot,tardis,crypto,2021-12-20T00:00:00.000Z,,"trades,book_snapshot_5",IZI,USDT,USDT,IZIUSDT,iziusdt,False,,,,,1e-06,,0.01,IZI/USDT,bybit,,,,
BYBIT:SPOT_PAIR:KASTA-USDT,BYBIT,SPOT_PAIR,KASTA-USDT,exchange,bybit-spot,tardis,crypto,2022-01-04T00:00:00.000Z,,"trades,book_snapshot_5",KASTA,USDT,USDT,KASTAUSDT,kastausdt,False,,,,,1e-06,,0.1,KASTA/USDT,bybit,,,,
BYBIT:SPOT_PAIR:SIDUS-USDT,BYBIT,SPOT_PAIR,SIDUS-USDT,exchange,bybit-spot,tardis,crypto,2022-01-10T00:00:00.000Z,,"trades,book_snapshot_5",SIDUS,USDT,USDT,SIDUSUSDT,sidususdt,False,,,,,1e-07,,0.01,SIDUS/USDT,bybit,,,,
BYBIT:SPOT_PAIR:LOOKS-USDT,BYBIT,SPOT_PAIR,LOOKS-USDT,exchange,bybit-spot,tardis,crypto,2022-01-19T00:00:00.000Z,,"trades,book_snapshot_5",LOOKS,USDT,USDT,LOOKSUSDT,looksusdt,False,,,,,1e-05,,0.01,LOOKS/USDT,bybit,,,,
BYBIT:SPOT_PAIR:MV-USDT,BYBIT,SPOT_PAIR,MV-USDT,exchange,bybit-spot,tardis,crypto,2022-01-27T00:00:00.000Z,,"trades,book_snapshot_5",MV,USDT,USDT,MVUSDT,mvusdt,False,,,,,1e-06,,0.01,MV/USDT,bybit,,,,
BYBIT:SPOT_PAIR:RSS3-USDT,BYBIT,SPOT_PAIR,RSS3-USDT,exchange,bybit-spot,tardis,crypto,2022-02-14T00:00:00.000Z,,"trades,book_snapshot_5",RSS3,USDT,USDT,RSS3USDT,rss3usdt,False,,,,1.0,1e-05,,1.0,RSS3/USDT:USDT,bybit,,,,
BYBIT:SPOT_PAIR:ACH-USDT,BYBIT,SPOT_PAIR,ACH-USDT,exchange,bybit-spot,tardis,crypto,2022-02-17T00:00:00.000Z,,"trades,book_snapshot_5",ACH,USDT,USDT,ACHUSDT,achusdt,False,,,,1.0,1e-06,,10.0,ACH/USDT:USDT,bybit,,,,
BYBIT:SPOT_PAIR:PSTAKE-USDT,BYBIT,SPOT_PAIR,PSTAKE-USDT,exchange,bybit-spot,tardis,crypto,2022-02-28T00:00:00.000Z,,"trades,book_snapshot_5",PSTAKE,USDT,USDT,PSTAKEUSDT,pstakeusdt,False,,,,,1e-05,,0.01,PSTAKE/USDT,bybit,,,,
BYBIT:SPOT_PAIR:DOME-USDT,BYBIT,SPOT_PAIR,DOME-USDT,exchange,bybit-spot,tardis,crypto,2022-03-04T00:00:00.000Z,,"trades,book_snapshot_5",DOME,USDT,USDT,DOMEUSDT,domeusdt,False,,,,,,,,,,,,,
BYBIT:SPOT_PAIR:SD-USDT,BYBIT,SPOT_PAIR,SD-USDT,exchange,bybit-spot,tardis,crypto,2022-03-15T00:00:00.000Z,,"trades,book_snapshot_5",SD,USDT,USDT,SDUSDT,sdusdt,False,,,,1.0,0.0001,,1.0,SD/USDT:USDT,bybit,,,,
BYBIT:SPOT_PAIR:RACA-USDT,BYBIT,SPOT_PAIR,RACA-USDT,exchange,bybit-spot,tardis,crypto,2022-03-29T00:00:00.000Z,,"trades,book_snapshot_5",RACA,USDT,USDT,RACAUSDT,racausdt,False,,,,,1e-08,,0.01,RACA/USDT,bybit,,,,
BYBIT:SPOT_PAIR:MOVR-USDT,BYBIT,SPOT_PAIR,MOVR-USDT,exchange,bybit-spot,tardis,crypto,2022-04-06T00:00:00.000Z,,"trades,book_snapshot_5",MOVR,USDT,USDT,MOVRUSDT,movrusdt,False,,,,1.0,0.001,,0.1,MOVR/USDT:USDT,bybit,,,,
BYBIT:SPOT_PAIR:SFUND-USDT,BYBIT,SPOT_PAIR,SFUND-USDT,exchange,bybit-spot,tardis,crypto,2022-04-20T00:00:00.000Z,,"trades,book_snapshot_5",SFUND,USDT,USDT,SFUNDUSDT,sfundusdt,False,,,,,0.0001,,0.1,SFUND/USDT,bybit,,,,
BYBIT:SPOT_PAIR:FITFI-USDT,BYBIT,SPOT_PAIR,FITFI-USDT,exchange,bybit-spot,tardis,crypto,2022-04-26T00:00:00.000Z,,"trades,book_snapshot_5",FITFI,USDT,USDT,FITFIUSDT,fitfiusdt,False,,,,,1e-06,,0.01,FITFI/USDT,bybit,,,,
BYBIT:SPOT_PAIR:XAVA-USDT,BYBIT,SPOT_PAIR,XAVA-USDT,exchange,bybit-spot,tardis,crypto,2022-05-10T00:00:00.000Z,,"trades,book_snapshot_5",XAVA,USDT,USDT,XAVAUSDT,xavausdt,False,,,,,0.0001,,0.01,XAVA/USDT,bybit,,,,
BYBIT:SPOT_PAIR:CTC-USDT,BYBIT,SPOT_PAIR,CTC-USDT,exchange,bybit-spot,tardis,crypto,2022-05-13T00:00:00.000Z,,"trades,book_snapshot_5",CTC,USDT,USDT,CTCUSDT,ctcusdt,False,,,,1.0,0.0001,,1.0,CTC/USDT:USDT,bybit,,,,
BYBIT:SPOT_PAIR:OP-USDT,BYBIT,SPOT_PAIR,OP-USDT,exchange,bybit-spot,tardis,crypto,2022-05-31T00:00:00.000Z,,"trades,book_snapshot_5",OP,USDT,USDT,OPUSDT,opusdt,False,,,,1.0,0.0001,,0.1,OP/USDT:USDT,bybit,,,,
BYBIT:SPOT_PAIR:VINU-USDT,BYBIT,SPOT_PAIR,VINU-USDT,exchange,bybit-spot,tardis,crypto,2022-06-10T00:00:00.000Z,,"trades,book_snapshot_5",VINU,USDT,USDT,VINUUSDT,vinuusdt,False,,,,,1e-12,,0.01,VINU/USDT,bybit,,,,
BYBIT:SPOT_PAIR:FLOKI-USDT,BYBIT,SPOT_PAIR,FLOKI-USDT,exchange,bybit-spot,tardis,crypto,2022-07-26T00:00:00.000Z,,"trades,book_snapshot_5",FLOKI,USDT,USDT,FLOKIUSDT,flokiusdt,False,,,,,1e-08,,1.0,FLOKI/USDT,bybit,,,,
BYBIT:SPOT_PAIR:PSG-USDT,BYBIT,SPOT_PAIR,PSG-USDT,exchange,bybit-spot,tardis,crypto,2022-08-16T00:00:00.000Z,,"trades,book_snapshot_5",PSG,USDT,USDT,PSGUSDT,psgusdt,False,,,,,0.0001,,0.01,PSG/USDT,bybit,,,,
BYBIT:SPOT_PAIR:JUV-USDT,BYBIT,SPOT_PAIR,JUV-USDT,exchange,bybit-spot,tardis,crypto,2022-08-17T00:00:00.000Z,,"trades,book_snapshot_5",JUV,USDT,USDT,JUVUSDT,juvusdt,False,,,,,0.0001,,0.01,JUV/USDT,bybit,,,,
BYBIT:SPOT_PAIR:INTER-USDT,BYBIT,SPOT_PAIR,INTER-USDT,exchange,bybit-spot,tardis,crypto,2022-08-17T00:00:00.000Z,,"trades,book_snapshot_5",INTER,USDT,USDT,INTERUSDT,interusdt,False,,,,,0.0001,,0.01,INTER/USDT,bybit,,,,
BYBIT:SPOT_PAIR:CITY-USDT,BYBIT,SPOT_PAIR,CITY-USDT,exchange,bybit-spot,tardis,crypto,2022-08-18T00:00:00.000Z,,"trades,book_snapshot_5",CITY,USDT,USDT,CITYUSDT,cityusdt,False,,,,,0.0001,,0.01,CITY/USDT,bybit,,,,
BYBIT:SPOT_PAIR:AFC-USDT,BYBIT,SPOT_PAIR,AFC-USDT,exchange,bybit-spot,tardis,crypto,2022-08-18T00:00:00.000Z,,"trades,book_snapshot_5",AFC,USDT,USDT,AFCUSDT,afcusdt,False,,,,,0.0001,,0.01,AFC/USDT,bybit,,,,
BYBIT:SPOT_PAIR:SWEAT-USDT,BYBIT,SPOT_PAIR,SWEAT-USDT,exchange,bybit-spot,tardis,crypto,2022-09-13T00:00:00.000Z,,"trades,book_snapshot_5",SWEAT,USDT,USDT,SWEATUSDT,sweatusdt,False,,,,,1e-06,,0.01,SWEAT/USDT,bybit,,,,
BYBIT:SPOT_PAIR:INJ-USDT,BYBIT,SPOT_PAIR,INJ-USDT,exchange,bybit-spot,tardis,crypto,2022-09-16T00:00:00.000Z,,"trades,book_snapshot_5",INJ,USDT,USDT,INJUSDT,injusdt,False,,,,1.0,0.001,,0.1,INJ/USDT:USDT,bybit,,,,
BYBIT:SPOT_PAIR:MPLX-USDT,BYBIT,SPOT_PAIR,MPLX-USDT,exchange,bybit-spot,tardis,crypto,2022-09-20T00:00:00.000Z,,"trades,book_snapshot_5",MPLX,USDT,USDT,MPLXUSDT,mplxusdt,False,,,,,0.0001,,0.01,MPLX/USDT,bybit,,,,
BYBIT:SPOT_PAIR:APT-USDT,BYBIT,SPOT_PAIR,APT-USDT,exchange,bybit-spot,tardis,crypto,2022-10-19T00:00:00.000Z,,"trades,book_snapshot_5",APT,USDT,USDT,APTUSDT,aptusdt,False,,,,1.0,0.001,,0.01,APT/USDT:USDT,bybit,,,,
BYBIT:SPOT_PAIR:MCRT-USDT,BYBIT,SPOT_PAIR,MCRT-USDT,exchange,bybit-spot,tardis,crypto,2022-10-28T00:00:00.000Z,,"trades,book_snapshot_5",MCRT,USDT,USDT,MCRTUSDT,mcrtusdt,False,,,,,1e-07,,0.01,MCRT/USDT,bybit,,,,
BYBIT:SPOT_PAIR:HFT-USDT,BYBIT,SPOT_PAIR,HFT-USDT,exchange,bybit-spot,tardis,crypto,2022-11-07T00:00:00.000Z,,"trades,book_snapshot_5",HFT,USDT,USDT,HFTUSDT,hftusdt,False,,,,1.0,1e-05,,1.0,HFT/USDT:USDT,bybit,,,,
BYBIT:SPOT_PAIR:ORT-USDT,BYBIT,SPOT_PAIR,ORT-USDT,exchange,bybit-spot,tardis,crypto,2022-11-25T00:00:00.000Z,,"trades,book_snapshot_5",ORT,USDT,USDT,ORTUSDT,ortusdt,False,,,,,1e-06,,0.01,ORT/USDT,bybit,,,,
BYBIT:SPOT_PAIR:HOOK-USDT,BYBIT,SPOT_PAIR,HOOK-USDT,exchange,bybit-spot,tardis,crypto,2022-12-02T00:00:00.000Z,,"trades,book_snapshot_5",HOOK,USDT,USDT,HOOKUSDT,hookusdt,False,,,,1.0,1e-05,,0.1,HOOK/USDT:USDT,bybit,,,,
BYBIT:SPOT_PAIR:MAGIC-USDT,BYBIT,SPOT_PAIR,MAGIC-USDT,exchange,bybit-spot,tardis,crypto,2022-12-12T00:00:00.000Z,,"trades,book_snapshot_5",MAGIC,USDT,USDT,MAGICUSDT,magicusdt,False,,,,1.0,0.0001,,1.0,MAGIC/USDT:USDT,bybit,,,,
BYBIT:SPOT_PAIR:OAS-USDT,BYBIT,SPOT_PAIR,OAS-USDT,exchange,bybit-spot,tardis,crypto,2022-12-12T00:00:00.000Z,,"trades,book_snapshot_5",OAS,USDT,USDT,OASUSDT,oasusdt,False,,,,,1e-06,,0.01,OAS/USDT,bybit,,,,
BYBIT:SPOT_PAIR:MEE-USDT,BYBIT,SPOT_PAIR,MEE-USDT,exchange,bybit-spot,tardis,crypto,2022-12-19T00:00:00.000Z,,"trades,book_snapshot_5",MEE,USDT,USDT,MEEUSDT,meeusdt,False,,,,,1e-06,,0.01,MEE/USDT,bybit,,,,
BYBIT:SPOT_PAIR:BONK-USDT,BYBIT,SPOT_PAIR,BONK-USDT,exchange,bybit-spot,tardis,crypto,2023-01-04T00:00:00.000Z,,"trades,book_snapshot_5",BONK,USDT,USDT,BONKUSDT,bonkusdt,False,,,,,1e-08,,1.0,BONK/USDT,bybit,,,,
BYBIT:SPOT_PAIR:FXS-USDT,BYBIT,SPOT_PAIR,FXS-USDT,exchange,bybit-spot,tardis,crypto,2023-01-20T00:00:00.000Z,,"trades,book_snapshot_5",FXS,USDT,USDT,FXSUSDT,fxsusdt,False,,,,1.0,0.0001,,0.01,FXS/USDT:USDT,bybit,,,,
BYBIT:SPOT_PAIR:RDNT-USDT,BYBIT,SPOT_PAIR,RDNT-USDT,exchange,bybit-spot,tardis,crypto,2023-02-07T00:00:00.000Z,,"trades,book_snapshot_5",RDNT,USDT,USDT,RDNTUSDT,rdntusdt,False,,,,1.0,1e-05,,1.0,RDNT/USDT:USDT,bybit,,,,
BYBIT:SPOT_PAIR:MDAO-USDT,BYBIT,SPOT_PAIR,MDAO-USDT,exchange,bybit-spot,tardis,crypto,2023-02-10T00:00:00.000Z,,"trades,book_snapshot_5",MDAO,USDT,USDT,MDAOUSDT,mdaousdt,False,,,,,1e-05,,0.01,MDAO/USDT,bybit,,,,
BYBIT:SPOT_PAIR:ACS-USDT,BYBIT,SPOT_PAIR,ACS-USDT,exchange,bybit-spot,tardis,crypto,2023-02-15T00:00:00.000Z,,"trades,book_snapshot_5",ACS,USDT,USDT,ACSUSDT,acsusdt,False,,,,,1e-07,,0.01,ACS/USDT,bybit,,,,
BYBIT:SPOT_PAIR:EVER-USDT,BYBIT,SPOT_PAIR,EVER-USDT,exchange,bybit-spot,tardis,crypto,2023-03-03T00:00:00.000Z,,"trades,book_snapshot_5",EVER,USDT,USDT,EVERUSDT,everusdt,False,,,,,,,,,,,,,
BYBIT:SPOT_PAIR:VRA-USDT,BYBIT,SPOT_PAIR,VRA-USDT,exchange,bybit-spot,tardis,crypto,2023-03-13T00:00:00.000Z,,"trades,book_snapshot_5",VRA,USDT,USDT,VRAUSDT,vrausdt,False,,,,,1e-06,,0.01,VRA/USDT,bybit,,,,
BYBIT:SPOT_PAIR:XCAD-USDT,BYBIT,SPOT_PAIR,XCAD-USDT,exchange,bybit-spot,tardis,crypto,2023-03-28T00:00:00.000Z,,"trades,book_snapshot_5",XCAD,USDT,USDT,XCADUSDT,xcadusdt,False,,,,,1e-05,,0.01,XCAD/USDT,bybit,,,,
BYBIT:SPOT_PAIR:MBX-USDT,BYBIT,SPOT_PAIR,MBX-USDT,exchange,bybit-spot,tardis,crypto,2023-03-31T00:00:00.000Z,,"trades,book_snapshot_5",MBX,USDT,USDT,MBXUSDT,mbxusdt,False,,,,,0.0001,,0.01,MBX/USDT,bybit,,,,
BYBIT:SPOT_PAIR:CGPT-USDT,BYBIT,SPOT_PAIR,CGPT-USDT,exchange,bybit-spot,tardis,crypto,2023-04-10T00:00:00.000Z,,"trades,book_snapshot_5",CGPT,USDT,USDT,CGPTUSDT,cgptusdt,False,,,,1.0,1e-05,,1.0,CGPT/USDT:USDT,bybit,,,,
BYBIT:SPOT_PAIR:AGI-USDT,BYBIT,SPOT_PAIR,AGI-USDT,exchange,bybit-spot,tardis,crypto,2023-04-11T00:00:00.000Z,,"trades,book_snapshot_5",AGI,USDT,USDT,AGIUSDT,agiusdt,False,,,,1.0,1e-05,,10.0,AGI/USDT:USDT,bybit,,,,
BYBIT:SPOT_PAIR:MVL-USDT,BYBIT,SPOT_PAIR,MVL-USDT,exchange,bybit-spot,tardis,crypto,2023-04-28T00:00:00.000Z,,"trades,book_snapshot_5",MVL,USDT,USDT,MVLUSDT,mvlusdt,False,,,,,1e-06,,0.01,MVL/USDT,bybit,,,,
BYBIT:SPOT_PAIR:SUI-USDT,BYBIT,SPOT_PAIR,SUI-USDT,exchange,bybit-spot,tardis,crypto,2023-05-03T00:00:00.000Z,,"trades,book_snapshot_5",SUI,USDT,USDT,SUIUSDT,suiusdt,False,,,,1.0,0.0001,,10.0,SUI/USDT:USDT,bybit,,,,
BYBIT:SPOT_PAIR:PEPE-USDT,BYBIT,SPOT_PAIR,PEPE-USDT,exchange,bybit-spot,tardis,crypto,2023-05-06T00:00:00.000Z,,"trades,book_snapshot_5",PEPE,USDT,USDT,PEPEUSDT,pepeusdt,False,,,,,1e-08,,1.0,PEPE/USDT,bybit,,,,
BYBIT:SPOT_PAIR:LADYS-USDT,BYBIT,SPOT_PAIR,LADYS-USDT,exchange,bybit-spot,tardis,crypto,2023-05-11T00:00:00.000Z,,"trades,book_snapshot_5",LADYS,USDT,USDT,LADYSUSDT,ladysusdt,False,,,,,1e-11,,0.1,LADYS/USDT,bybit,,,,
BYBIT:SPOT_PAIR:LMWR-USDT,BYBIT,SPOT_PAIR,LMWR-USDT,exchange,bybit-spot,tardis,crypto,2023-05-16T00:00:00.000Z,,"trades,book_snapshot_5",LMWR,USDT,USDT,LMWRUSDT,lmwrusdt,False,,,,,1e-05,,0.01,LMWR/USDT,bybit,,,,
BYBIT:SPOT_PAIR:BTC3L-USDT,BYBIT,SPOT_PAIR,BTC3L-USDT,exchange,bybit-spot,tardis,crypto,2022-04-20T00:00:00.000Z,2025-07-02T00:00:00.000Z,"trades,book_snapshot_5",BTC3L,USDT,USDT,BTC3LUSDT,btc3lusdt,False,,,,,,,,,,,,,
BYBIT:SPOT_PAIR:BTC3S-USDT,BYBIT,SPOT_PAIR,BTC3S-USDT,exchange,bybit-spot,tardis,crypto,2022-04-20T00:00:00.000Z,2025-07-01T00:00:00.000Z,"trades,book_snapshot_5",BTC3S,USDT,USDT,BTC3SUSDT,btc3susdt,False,,,,,,,,,,,,,
BYBIT:SPOT_PAIR:ETH3L-USDT,BYBIT,SPOT_PAIR,ETH3L-USDT,exchange,bybit-spot,tardis,crypto,2022-05-17T00:00:00.000Z,2025-07-02T00:00:00.000Z,"trades,book_snapshot_5",ETH3L,USDT,USDT,ETH3LUSDT,eth3lusdt,False,,,,,,,,,,,,,
BYBIT:SPOT_PAIR:ETH3S-USDT,BYBIT,SPOT_PAIR,ETH3S-USDT,exchange,bybit-spot,tardis,crypto,2022-05-17T00:00:00.000Z,2025-07-01T00:00:00.000Z,"trades,book_snapshot_5",ETH3S,USDT,USDT,ETH3SUSDT,eth3susdt,False,,,,,,,,,,,,,
BYBIT:SPOT_PAIR:LTC2S-USDT,BYBIT,SPOT_PAIR,LTC2S-USDT,exchange,bybit-spot,tardis,crypto,2022-06-22T00:00:00.000Z,2024-06-13T00:00:00.000Z,"trades,book_snapshot_5",LTC2S,USDT,USDT,LTC2SUSDT,ltc2susdt,False,,,,,,,,,,,,,
BYBIT:SPOT_PAIR:LTC2L-USDT,BYBIT,SPOT_PAIR,LTC2L-USDT,exchange,bybit-spot,tardis,crypto,2022-06-22T00:00:00.000Z,2024-06-13T00:00:00.000Z,"trades,book_snapshot_5",LTC2L,USDT,USDT,LTC2LUSDT,ltc2lusdt,False,,,,,,,,,,,,,
BYBIT:SPOT_PAIR:XRP3L-USDT,BYBIT,SPOT_PAIR,XRP3L-USDT,exchange,bybit-spot,tardis,crypto,2022-05-27T00:00:00.000Z,2024-06-13T00:00:00.000Z,"trades,book_snapshot_5",XRP3L,USDT,USDT,XRP3LUSDT,xrp3lusdt,False,,,,,,,,,,,,,
BYBIT:SPOT_PAIR:XRP3S-USDT,BYBIT,SPOT_PAIR,XRP3S-USDT,exchange,bybit-spot,tardis,crypto,2022-05-27T00:00:00.000Z,2024-06-13T00:00:00.000Z,"trades,book_snapshot_5",XRP3S,USDT,USDT,XRP3SUSDT,xrp3susdt,False,,,,,,,,,,,,,
BYBIT:SPOT_PAIR:EOS-USDT,BYBIT,SPOT_PAIR,EOS-USDT,exchange,bybit-spot,tardis,crypto,2021-12-04T00:00:00.000Z,2025-05-27T00:00:00.000Z,"trades,book_snapshot_5",EOS,USDT,USDT,EOSUSDT,eosusdt,False,,,,,,,,,,,,,
BYBIT:SPOT_PAIR:EOS2S-USDT,BYBIT,SPOT_PAIR,EOS2S-USDT,exchange,bybit-spot,tardis,crypto,2022-09-07T00:00:00.000Z,2024-03-26T00:00:00.000Z,"trades,book_snapshot_5",EOS2S,USDT,USDT,EOS2SUSDT,eos2susdt,False,,,,,,,,,,,,,
BYBIT:SPOT_PAIR:EOS2L-USDT,BYBIT,SPOT_PAIR,EOS2L-USDT,exchange,bybit-spot,tardis,crypto,2022-09-07T00:00:00.000Z,2024-03-26T00:00:00.000Z,"trades,book_snapshot_5",EOS2L,USDT,USDT,EOS2LUSDT,eos2lusdt,False,,,,,,,,,,,,,
BYBIT:SPOT_PAIR:AVAX2L-USDT,BYBIT,SPOT_PAIR,AVAX2L-USDT,exchange,bybit-spot,tardis,crypto,2022-06-16T00:00:00.000Z,2024-04-19T00:00:00.000Z,"trades,book_snapshot_5",AVAX2L,USDT,USDT,AVAX2LUSDT,avax2lusdt,False,,,,,,,,,,,,,
BYBIT:SPOT_PAIR:AVAX2S-USDT,BYBIT,SPOT_PAIR,AVAX2S-USDT,exchange,bybit-spot,tardis,crypto,2022-06-16T00:00:00.000Z,2024-04-19T00:00:00.000Z,"trades,book_snapshot_5",AVAX2S,USDT,USDT,AVAX2SUSDT,avax2susdt,False,,,,,,,,,,,,,
BYBIT:SPOT_PAIR:ETC2S-USDT,BYBIT,SPOT_PAIR,ETC2S-USDT,exchange,bybit-spot,tardis,crypto,2022-08-04T00:00:00.000Z,2024-04-20T00:00:00.000Z,"trades,book_snapshot_5",ETC2S,USDT,USDT,ETC2SUSDT,etc2susdt,False,,,,,,,,,,,,,
BYBIT:SPOT_PAIR:ETC2L-USDT,BYBIT,SPOT_PAIR,ETC2L-USDT,exchange,bybit-spot,tardis,crypto,2022-08-04T00:00:00.000Z,2024-04-19T00:00:00.000Z,"trades,book_snapshot_5",ETC2L,USDT,USDT,ETC2LUSDT,etc2lusdt,False,,,,,,,,,,,,,
BYBIT:SPOT_PAIR:DOT3L-USDT,BYBIT,SPOT_PAIR,DOT3L-USDT,exchange,bybit-spot,tardis,crypto,2022-06-08T00:00:00.000Z,2024-05-11T00:00:00.000Z,"trades,book_snapshot_5",DOT3L,USDT,USDT,DOT3LUSDT,dot3lusdt,False,,,,,,,,,,,,,
BYBIT:SPOT_PAIR:DOT3S-USDT,BYBIT,SPOT_PAIR,DOT3S-USDT,exchange,bybit-spot,tardis,crypto,2022-06-08T00:00:00.000Z,2024-05-11T00:00:00.000Z,"trades,book_snapshot_5",DOT3S,USDT,USDT,DOT3SUSDT,dot3susdt,False,,,,,,,,,,,,,
BYBIT:SPOT_PAIR:LINK2L-USDT,BYBIT,SPOT_PAIR,LINK2L-USDT,exchange,bybit-spot,tardis,crypto,2022-08-16T00:00:00.000Z,2024-05-11T00:00:00.000Z,"trades,book_snapshot_5",LINK2L,USDT,USDT,LINK2LUSDT,link2lusdt,False,,,,,,,,,,,,,
BYBIT:SPOT_PAIR:LINK2S-USDT,BYBIT,SPOT_PAIR,LINK2S-USDT,exchange,bybit-spot,tardis,crypto,2022-08-16T00:00:00.000Z,2024-05-11T00:00:00.000Z,"trades,book_snapshot_5",LINK2S,USDT,USDT,LINK2SUSDT,link2susdt,False,,,,,,,,,,,,,
BYBIT:SPOT_PAIR:ADA2S-USDT,BYBIT,SPOT_PAIR,ADA2S-USDT,exchange,bybit-spot,tardis,crypto,2022-06-16T00:00:00.000Z,2024-05-11T00:00:00.000Z,"trades,book_snapshot_5",ADA2S,USDT,USDT,ADA2SUSDT,ada2susdt,False,,,,,,,,,,,,,
BYBIT:SPOT_PAIR:ADA2L-USDT,BYBIT,SPOT_PAIR,ADA2L-USDT,exchange,bybit-spot,tardis,crypto,2022-06-16T00:00:00.000Z,2024-05-11T00:00:00.000Z,"trades,book_snapshot_5",ADA2L,USDT,USDT,ADA2LUSDT,ada2lusdt,False,,,,,,,,,,,,,
BYBIT:SPOT_PAIR:DOGE2S-USDT,BYBIT,SPOT_PAIR,DOGE2S-USDT,exchange,bybit-spot,tardis,crypto,2022-08-25T00:00:00.000Z,2024-06-13T00:00:00.000Z,"trades,book_snapshot_5",DOGE2S,USDT,USDT,DOGE2SUSDT,doge2susdt,False,,,,,,,,,,,,,
BYBIT:SPOT_PAIR:DOGE2L-USDT,BYBIT,SPOT_PAIR,DOGE2L-USDT,exchange,bybit-spot,tardis,crypto,2022-08-25T00:00:00.000Z,2024-06-13T00:00:00.000Z,"trades,book_snapshot_5",DOGE2L,USDT,USDT,DOGE2LUSDT,doge2lusdt,False,,,,,,,,,,,,,
BYBIT:SPOT_PAIR:MKR-USDT,BYBIT,SPOT_PAIR,MKR-USDT,exchange,bybit-spot,tardis,crypto,2021-12-04T00:00:00.000Z,2025-09-03T00:00:00.000Z,"trades,book_snapshot_5",MKR,USDT,USDT,MKRUSDT,mkrusdt,False,,,,,,,,,,,,,
BYBIT:SPOT_PAIR:OMG-USDT,BYBIT,SPOT_PAIR,OMG-USDT,exchange,bybit-spot,tardis,crypto,2021-12-04T00:00:00.000Z,2025-10-08T00:00:00.000Z,"trades,book_snapshot_5",OMG,USDT,USDT,OMGUSDT,omgusdt,False,,,,,,,,,,,,,
BYBIT:SPOT_PAIR:ATOM2L-USDT,BYBIT,SPOT_PAIR,ATOM2L-USDT,exchange,bybit-spot,tardis,crypto,2022-08-25T00:00:00.000Z,2024-05-11T00:00:00.000Z,"trades,book_snapshot_5",ATOM2L,USDT,USDT,ATOM2LUSDT,atom2lusdt,False,,,,,,,,,,,,,
BYBIT:SPOT_PAIR:ATOM2S-USDT,BYBIT,SPOT_PAIR,ATOM2S-USDT,exchange,bybit-spot,tardis,crypto,2022-08-25T00:00:00.000Z,2024-05-11T00:00:00.000Z,"trades,book_snapshot_5",ATOM2S,USDT,USDT,ATOM2SUSDT,atom2susdt,False,,,,,,,,,,,,,
BYBIT:SPOT_PAIR:BUSD-USDT,BYBIT,SPOT_PAIR,BUSD-USDT,exchange,bybit-spot,tardis,crypto,2022-01-26T00:00:00.000Z,2023-12-29T00:00:00.000Z,"trades,book_snapshot_5",BUSD,USDT,USDT,BUSDUSDT,busdusdt,False,,,,,,,,,,,,,
BYBIT:SPOT_PAIR:PAXG-USDT,BYBIT,SPOT_PAIR,PAXG-USDT,exchange,bybit-spot,tardis,crypto,2022-03-15T00:00:00.000Z,2025-03-12T00:00:00.000Z,"trades,book_snapshot_5",PAXG,USDT,USDT,PAXGUSDT,paxgusdt,False,,,,1.0,0.01,,0.001,PAXG/USDT:USDT,bybit,,,,
BYBIT:SPOT_PAIR:SRM-USDT,BYBIT,SPOT_PAIR,SRM-USDT,exchange,bybit-spot,tardis,crypto,2021-12-04T00:00:00.000Z,2024-11-23T00:00:00.000Z,"trades,book_snapshot_5",SRM,USDT,USDT,SRMUSDT,srmusdt,False,,,,,,,,,,,,,
BYBIT:SPOT_PAIR:DCR-USDT,BYBIT,SPOT_PAIR,DCR-USDT,exchange,bybit-spot,tardis,crypto,2021-12-16T00:00:00.000Z,2024-11-23T00:00:00.000Z,"trades,book_snapshot_5",DCR,USDT,USDT,DCRUSDT,dcrusdt,False,,,,,,,,,,,,,
BYBIT:SPOT_PAIR:T-USDT,BYBIT,SPOT_PAIR,T-USDT,exchange,bybit-spot,tardis,crypto,2022-02-18T00:00:00.000Z,2025-03-12T00:00:00.000Z,"trades,book_snapshot_5",T,USDT,USDT,TUSDT,tusdt,False,,,,1.0,1e-05,,10.0,T/USDT:USDT,bybit,,,,
BYBIT:SPOT_PAIR:BTG-USDT,BYBIT,SPOT_PAIR,BTG-USDT,exchange,bybit-spot,tardis,crypto,2021-12-30T00:00:00.000Z,2025-01-25T00:00:00.000Z,"trades,book_snapshot_5",BTG,USDT,USDT,BTGUSDT,btgusdt,False,,,,,,,,,,,,,
BYBIT:SPOT_PAIR:REN-USDT,BYBIT,SPOT_PAIR,REN-USDT,exchange,bybit-spot,tardis,crypto,2021-12-04T00:00:00.000Z,2025-04-11T00:00:00.000Z,"trades,book_snapshot_5",REN,USDT,USDT,RENUSDT,renusdt,False,,,,,,,,,,,,,
BYBIT:SPOT_PAIR:MATIC-USDT,BYBIT,SPOT_PAIR,MATIC-USDT,exchange,bybit-spot,tardis,crypto,2021-12-04T00:00:00.000Z,2024-09-11T00:00:00.000Z,"trades,book_snapshot_5",MATIC,USDT,USDT,MATICUSDT,maticusdt,False,,,,,,,,,,,,,
BYBIT:SPOT_PAIR:MATIC2S-USDT,BYBIT,SPOT_PAIR,MATIC2S-USDT,exchange,bybit-spot,tardis,crypto,2022-08-04T00:00:00.000Z,2024-05-11T00:00:00.000Z,"trades,book_snapshot_5",MATIC2S,USDT,USDT,MATIC2SUSDT,matic2susdt,False,,,,,,,,,,,,,
BYBIT:SPOT_PAIR:MATIC2L-USDT,BYBIT,SPOT_PAIR,MATIC2L-USDT,exchange,bybit-spot,tardis,crypto,2022-08-04T00:00:00.000Z,2024-05-11T00:00:00.000Z,"trades,book_snapshot_5",MATIC2L,USDT,USDT,MATIC2LUSDT,matic2lusdt,False,,,,,,,,,,,,,
BYBIT:SPOT_PAIR:FTM-USDT,BYBIT,SPOT_PAIR,FTM-USDT,exchange,bybit-spot,tardis,crypto,2021-12-04T00:00:00.000Z,2025-01-14T00:00:00.000Z,"trades,book_snapshot_5",FTM,USDT,USDT,FTMUSDT,ftmusdt,False,,,,,,,,,,,,,
BYBIT:SPOT_PAIR:FTM2S-USDT,BYBIT,SPOT_PAIR,FTM2S-USDT,exchange,bybit-spot,tardis,crypto,2022-08-16T00:00:00.000Z,2024-04-20T00:00:00.000Z,"trades,book_snapshot_5",FTM2S,USDT,USDT,FTM2SUSDT,ftm2susdt,False,,,,,,,,,,,,,
BYBIT:SPOT_PAIR:FTM2L-USDT,BYBIT,SPOT_PAIR,FTM2L-USDT,exchange,bybit-spot,tardis,crypto,2022-08-16T00:00:00.000Z,2024-04-20T00:00:00.000Z,"trades,book_snapshot_5",FTM2L,USDT,USDT,FTM2LUSDT,ftm2lusdt,False,,,,,,,,,,,,,
BYBIT:SPOT_PAIR:CEL-USDT,BYBIT,SPOT_PAIR,CEL-USDT,exchange,bybit-spot,tardis,crypto,2021-12-04T00:00:00.000Z,2025-04-02T00:00:00.000Z,"trades,book_snapshot_5",CEL,USDT,USDT,CELUSDT,celusdt,False,,,,,,,,,,,,,
BYBIT:SPOT_PAIR:BNT-USDT,BYBIT,SPOT_PAIR,BNT-USDT,exchange,bybit-spot,tardis,crypto,2021-12-04T00:00:00.000Z,2025-03-12T00:00:00.000Z,"trades,book_snapshot_5",BNT,USDT,USDT,BNTUSDT,bntusdt,False,,,,1.0,0.0001,,1.0,BNT/USDT:USDT,bybit,,,,
BYBIT:SPOT_PAIR:SAND2L-USDT,BYBIT,SPOT_PAIR,SAND2L-USDT,exchange,bybit-spot,tardis,crypto,2022-06-23T00:00:00.000Z,2024-04-19T00:00:00.000Z,"trades,book_snapshot_5",SAND2L,USDT,USDT,SAND2LUSDT,sand2lusdt,False,,,,,,,,,,,,,
BYBIT:SPOT_PAIR:SAND2S-USDT,BYBIT,SPOT_PAIR,SAND2S-USDT,exchange,bybit-spot,tardis,crypto,2022-06-23T00:00:00.000Z,2024-04-19T00:00:00.000Z,"trades,book_snapshot_5",SAND2S,USDT,USDT,SAND2SUSDT,sand2susdt,False,,,,,,,,,,,,,
BYBIT:SPOT_PAIR:KLAY-USDT,BYBIT,SPOT_PAIR,KLAY-USDT,exchange,bybit-spot,tardis,crypto,2021-12-04T00:00:00.000Z,2024-10-31T00:00:00.000Z,"trades,book_snapshot_5",KLAY,USDT,USDT,KLAYUSDT,klayusdt,False,,,,,,,,,,,,,
BYBIT:SPOT_PAIR:XYM-USDT,BYBIT,SPOT_PAIR,XYM-USDT,exchange,bybit-spot,tardis,crypto,2021-12-04T00:00:00.000Z,2025-04-11T00:00:00.000Z,"trades,book_snapshot_5",XYM,USDT,USDT,XYMUSDT,xymusdt,False,,,,,,,,,,,,,
BYBIT:SPOT_PAIR:KDA-USDT,BYBIT,SPOT_PAIR,KDA-USDT,exchange,bybit-spot,tardis,crypto,2022-08-05T00:00:00.000Z,2025-10-29T00:00:00.000Z,"trades,book_snapshot_5",KDA,USDT,USDT,KDAUSDT,kdausdt,False,,,,,,,,,,,,,
BYBIT:SPOT_PAIR:HOT-USDT,BYBIT,SPOT_PAIR,HOT-USDT,exchange,bybit-spot,tardis,crypto,2021-12-04T00:00:00.000Z,2025-05-10T00:00:00.000Z,"trades,book_snapshot_5",HOT,USDT,USDT,HOTUSDT,hotusdt,False,,,,,,,,,,,,,
BYBIT:SPOT_PAIR:RNDR-USDT,BYBIT,SPOT_PAIR,RNDR-USDT,exchange,bybit-spot,tardis,crypto,2021-12-04T00:00:00.000Z,2024-07-27T00:00:00.000Z,"trades,book_snapshot_5",RNDR,USDT,USDT,RNDRUSDT,rndrusdt,False,,,,,,,,,,,,,
BYBIT:SPOT_PAIR:APE2L-USDT,BYBIT,SPOT_PAIR,APE2L-USDT,exchange,bybit-spot,tardis,crypto,2022-08-10T00:00:00.000Z,2024-06-13T00:00:00.000Z,"trades,book_snapshot_5",APE2L,USDT,USDT,APE2LUSDT,ape2lusdt,False,,,,,,,,,,,,,
BYBIT:SPOT_PAIR:APE2S-USDT,BYBIT,SPOT_PAIR,APE2S-USDT,exchange,bybit-spot,tardis,crypto,2022-08-10T00:00:00.000Z,2024-06-13T00:00:00.000Z,"trades,book_snapshot_5",APE2S,USDT,USDT,APE2SUSDT,ape2susdt,False,,,,,,,,,,,,,
BYBIT:SPOT_PAIR:WWY-USDT,BYBIT,SPOT_PAIR,WWY-USDT,exchange,bybit-spot,tardis,crypto,2022-09-09T00:00:00.000Z,2025-07-17T00:00:00.000Z,"trades,book_snapshot_5",WWY,USDT,USDT,WWYUSDT,wwyusdt,False,,,,,,,,,,,,,
BYBIT:SPOT_PAIR:WLKN-USDT,BYBIT,SPOT_PAIR,WLKN-USDT,exchange,bybit-spot,tardis,crypto,2022-06-21T00:00:00.000Z,2025-04-17T00:00:00.000Z,"trades,book_snapshot_5",WLKN,USDT,USDT,WLKNUSDT,wlknusdt,False,,,,,,,,,,,,,
BYBIT:SPOT_PAIR:ROND-USDT,BYBIT,SPOT_PAIR,ROND-USDT,exchange,bybit-spot,tardis,crypto,2022-09-29T00:00:00.000Z,2025-04-19T00:00:00.000Z,"trades,book_snapshot_5",ROND,USDT,USDT,RONDUSDT,rondusdt,False,,,,,,,,,,,,,
BYBIT:SPOT_PAIR:GMT2L-USDT,BYBIT,SPOT_PAIR,GMT2L-USDT,exchange,bybit-spot,tardis,crypto,2022-08-10T00:00:00.000Z,2024-04-20T00:00:00.000Z,"trades,book_snapshot_5",GMT2L,USDT,USDT,GMT2LUSDT,gmt2lusdt,False,,,,,,,,,,,,,
BYBIT:SPOT_PAIR:GMT2S-USDT,BYBIT,SPOT_PAIR,GMT2S-USDT,exchange,bybit-spot,tardis,crypto,2022-08-10T00:00:00.000Z,2024-04-20T00:00:00.000Z,"trades,book_snapshot_5",GMT2S,USDT,USDT,GMT2SUSDT,gmt2susdt,False,,,,,,,,,,,,,
BYBIT:SPOT_PAIR:GENE-USDT,BYBIT,SPOT_PAIR,GENE-USDT,exchange,bybit-spot,tardis,crypto,2021-12-04T00:00:00.000Z,2025-08-30T00:00:00.000Z,"trades,book_snapshot_5",GENE,USDT,USDT,GENEUSDT,geneusdt,False,,,,,,,,,,,,,
BYBIT:SPOT_PAIR:GST-USDT,BYBIT,SPOT_PAIR,GST-USDT,exchange,bybit-spot,tardis,crypto,2022-04-08T00:00:00.000Z,2025-08-23T00:00:00.000Z,"trades,book_snapshot_5",GST,USDT,USDT,GSTUSDT,gstusdt,False,,,,,,,,,,,,,
BYBIT:SPOT_PAIR:GSTS-USDT,BYBIT,SPOT_PAIR,GSTS-USDT,exchange,bybit-spot,tardis,crypto,2022-07-20T00:00:00.000Z,2025-06-07T00:00:00.000Z,"trades,book_snapshot_5",GSTS,USDT,USDT,GSTSUSDT,gstsusdt,False,,,,,,,,,,,,,
BYBIT:SPOT_PAIR:GCAKE-USDT,BYBIT,SPOT_PAIR,GCAKE-USDT,exchange,bybit-spot,tardis,crypto,2022-10-14T00:00:00.000Z,2025-02-22T00:00:00.000Z,"trades,book_snapshot_5",GCAKE,USDT,USDT,GCAKEUSDT,gcakeusdt,False,,,,,,,,,,,,,
BYBIT:SPOT_PAIR:GNS-USDT,BYBIT,SPOT_PAIR,GNS-USDT,exchange,bybit-spot,tardis,crypto,2023-02-17T00:00:00.000Z,2024-11-29T00:00:00.000Z,"trades,book_snapshot_5",GNS,USDT,USDT,GNSUSDT,gnsusdt,False,,,,,,,,,,,,,
BYBIT:SPOT_PAIR:GM-USDT,BYBIT,SPOT_PAIR,GM-USDT,exchange,bybit-spot,tardis,crypto,2021-12-04T00:00:00.000Z,2024-08-16T00:00:00.000Z,"trades,book_snapshot_5",GM,USDT,USDT,GMUSDT,gmusdt,False,,,,,,,,,,,,,
BYBIT:SPOT_PAIR:GAL-USDT,BYBIT,SPOT_PAIR,GAL-USDT,exchange,bybit-spot,tardis,crypto,2021-12-04T00:00:00.000Z,2024-08-01T00:00:00.000Z,"trades,book_snapshot_5",GAL,USDT,USDT,GALUSDT,galusdt,False,,,,,,,,,,,,,
BYBIT:SPOT_PAIR:GGM-USDT,BYBIT,SPOT_PAIR,GGM-USDT,exchange,bybit-spot,tardis,crypto,2022-01-18T00:00:00.000Z,2024-07-16T00:00:00.000Z,"trades,book_snapshot_5",GGM,USDT,USDT,GGMUSDT,ggmusdt,False,,,,,,,,,,,,,
BYBIT:SPOT_PAIR:GPT-USDT,BYBIT,SPOT_PAIR,GPT-USDT,exchange,bybit-spot,tardis,crypto,2023-03-10T00:00:00.000Z,2024-04-25T00:00:00.000Z,"trades,book_snapshot_5",GPT,USDT,USDT,GPTUSDT,gptusdt,False,,,,,,,,,,,,,
BYBIT:SPOT_PAIR:TOMI-USDT,BYBIT,SPOT_PAIR,TOMI-USDT,exchange,bybit-spot,tardis,crypto,2023-05-12T00:00:00.000Z,2025-10-18T00:00:00.000Z,"trades,book_snapshot_5",TOMI,USDT,USDT,TOMIUSDT,tomiusdt,False,,,,,,,,,,,,,
BYBIT:SPOT_PAIR:TAP-USDT,BYBIT,SPOT_PAIR,TAP-USDT,exchange,bybit-spot,tardis,crypto,2022-02-22T00:00:00.000Z,2025-07-17T00:00:00.000Z,"trades,book_snapshot_5",TAP,USDT,USDT,TAPUSDT,tapusdt,False,,,,,,,,,,,,,
BYBIT:SPOT_PAIR:THN-USDT,BYBIT,SPOT_PAIR,THN-USDT,exchange,bybit-spot,tardis,crypto,2022-06-09T00:00:00.000Z,2025-07-17T00:00:00.000Z,"trades,book_snapshot_5",THN,USDT,USDT,THNUSDT,thnusdt,False,,,,,,,,,,,,,
BYBIT:SPOT_PAIR:TAMA-USDT,BYBIT,SPOT_PAIR,TAMA-USDT,exchange,bybit-spot,tardis,crypto,2023-04-27T00:00:00.000Z,2024-09-07T00:00:00.000Z,"trades,book_snapshot_5",TAMA,USDT,USDT,TAMAUSDT,tamausdt,False,,,,,,,,,,,,,
BYBIT:SPOT_PAIR:TRIBE-USDT,BYBIT,SPOT_PAIR,TRIBE-USDT,exchange,bybit-spot,tardis,crypto,2021-12-04T00:00:00.000Z,2024-08-08T00:00:00.000Z,"trades,book_snapshot_5",TRIBE,USDT,USDT,TRIBEUSDT,tribeusdt,False,,,,,,,,,,,,,
BYBIT:SPOT_PAIR:MIX-USDT,BYBIT,SPOT_PAIR,MIX-USDT,exchange,bybit-spot,tardis,crypto,2022-01-26T00:00:00.000Z,2025-10-18T00:00:00.000Z,"trades,book_snapshot_5",MIX,USDT,USDT,MIXUSDT,mixusdt,False,,,,,,,,,,,,,
BYBIT:SPOT_PAIR:STG-USDT,BYBIT,SPOT_PAIR,STG-USDT,exchange,bybit-spot,tardis,crypto,2022-03-25T00:00:00.000Z,2025-10-08T00:00:00.000Z,"trades,book_snapshot_5",STG,USDT,USDT,STGUSDT,stgusdt,False,,,,1.0,0.0001,,0.1,STG/USDT:USDT,bybit,,,,
BYBIT:SPOT_PAIR:AGLA-USDT,BYBIT,SPOT_PAIR,AGLA-USDT,exchange,bybit-spot,tardis,crypto,2022-09-28T00:00:00.000Z,2025-10-08T00:00:00.000Z,"trades,book_snapshot_5",AGLA,USDT,USDT,AGLAUSDT,aglausdt,False,,,,,,,,,,,,,
BYBIT:SPOT_PAIR:CAPS-USDT,BYBIT,SPOT_PAIR,CAPS-USDT,exchange,bybit-spot,tardis,crypto,2022-03-30T00:00:00.000Z,2025-08-16T00:00:00.000Z,"trades,book_snapshot_5",CAPS,USDT,USDT,CAPSUSDT,capsusdt,False,,,,,,,,,,,,,
BYBIT:SPOT_PAIR:CHRP-USDT,BYBIT,SPOT_PAIR,CHRP-USDT,exchange,bybit-spot,tardis,crypto,2022-09-07T00:00:00.000Z,2025-08-16T00:00:00.000Z,"trades,book_snapshot_5",CHRP,USDT,USDT,CHRPUSDT,chrpusdt,False,,,,,,,,,,,,,
BYBIT:SPOT_PAIR:FMB-USDT,BYBIT,SPOT_PAIR,FMB-USDT,exchange,bybit-spot,tardis,crypto,2023-05-22T00:00:00.000Z,2025-08-16T00:00:00.000Z,"trades,book_snapshot_5",FMB,USDT,USDT,FMBUSDT,fmbusdt,False,,,,,,,,,,,,,
BYBIT:SPOT_PAIR:ERTHA-USDT,BYBIT,SPOT_PAIR,ERTHA-USDT,exchange,bybit-spot,tardis,crypto,2022-02-25T00:00:00.000Z,2025-07-26T00:00:00.000Z,"trades,book_snapshot_5",ERTHA,USDT,USDT,ERTHAUSDT,erthausdt,False,,,,,,,,,,,,,
BYBIT:SPOT_PAIR:PIP-USDT,BYBIT,SPOT_PAIR,PIP-USDT,exchange,bybit-spot,tardis,crypto,2023-03-02T00:00:00.000Z,2025-07-26T00:00:00.000Z,"trades,book_snapshot_5",PIP,USDT,USDT,PIPUSDT,pipusdt,False,,,,,,,,,,,,,
BYBIT:SPOT_PAIR:SON-USDT,BYBIT,SPOT_PAIR,SON-USDT,exchange,bybit-spot,tardis,crypto,2022-03-14T00:00:00.000Z,2025-07-17T00:00:00.000Z,"trades,book_snapshot_5",SON,USDT,USDT,SONUSDT,sonusdt,False,,,,,,,,,,,,,
BYBIT:SPOT_PAIR:COT-USDT,BYBIT,SPOT_PAIR,COT-USDT,exchange,bybit-spot,tardis,crypto,2022-05-09T00:00:00.000Z,2025-07-17T00:00:00.000Z,"trades,book_snapshot_5",COT,USDT,USDT,COTUSDT,cotusdt,False,,,,,,,,,,,,,
BYBIT:SPOT_PAIR:XETA-USDT,BYBIT,SPOT_PAIR,XETA-USDT,exchange,bybit-spot,tardis,crypto,2022-07-20T00:00:00.000Z,2025-07-17T00:00:00.000Z,"trades,book_snapshot_5",XETA,USDT,USDT,XETAUSDT,xetausdt,False,,,,,,,,,,,,,
BYBIT:SPOT_PAIR:KCAL-USDT,BYBIT,SPOT_PAIR,KCAL-USDT,exchange,bybit-spot,tardis,crypto,2022-11-11T00:00:00.000Z,2025-07-17T00:00:00.000Z,"trades,book_snapshot_5",KCAL,USDT,USDT,KCALUSDT,kcalusdt,False,,,,,,,,,,,,,
BYBIT:SPOT_PAIR:HVH-USDT,BYBIT,SPOT_PAIR,HVH-USDT,exchange,bybit-spot,tardis,crypto,2023-02-21T00:00:00.000Z,2025-07-17T00:00:00.000Z,"trades,book_snapshot_5",HVH,USDT,USDT,HVHUSDT,hvhusdt,False,,,,,,,,,,,,,
BYBIT:SPOT_PAIR:VPAD-USDT,BYBIT,SPOT_PAIR,VPAD-USDT,exchange,bybit-spot,tardis,crypto,2022-01-10T00:00:00.000Z,2025-07-10T00:00:00.000Z,"trades,book_snapshot_5",VPAD,USDT,USDT,VPADUSDT,vpadusdt,False,,,,,,,,,,,,,
BYBIT:SPOT_PAIR:POKT-USDT,BYBIT,SPOT_PAIR,POKT-USDT,exchange,bybit-spot,tardis,crypto,2022-03-07T00:00:00.000Z,2025-05-31T00:00:00.000Z,"trades,book_snapshot_5",POKT,USDT,USDT,POKTUSDT,poktusdt,False,,,,,,,,,,,,,
BYBIT:SPOT_PAIR:STAT-USDT,BYBIT,SPOT_PAIR,STAT-USDT,exchange,bybit-spot,tardis,crypto,2022-07-27T00:00:00.000Z,2025-05-24T00:00:00.000Z,"trades,book_snapshot_5",STAT,USDT,USDT,STATUSDT,statusdt,False,,,,,,,,,,,,,
BYBIT:SPOT_PAIR:DLC-USDT,BYBIT,SPOT_PAIR,DLC-USDT,exchange,bybit-spot,tardis,crypto,2022-09-15T00:00:00.000Z,2025-05-24T00:00:00.000Z,"trades,book_snapshot_5",DLC,USDT,USDT,DLCUSDT,dlcusdt,False,,,,,,,,,,,,,
BYBIT:SPOT_PAIR:REAL-USDT,BYBIT,SPOT_PAIR,REAL-USDT,exchange,bybit-spot,tardis,crypto,2021-12-10T00:00:00.000Z,2025-04-30T00:00:00.000Z,"trades,book_snapshot_5",REAL,USDT,USDT,REALUSDT,realusdt,False,,,,,,,,,,,,,
BYBIT:SPOT_PAIR:1SOL-USDT,BYBIT,SPOT_PAIR,1SOL-USDT,exchange,bybit-spot,tardis,crypto,2021-12-15T00:00:00.000Z,2025-04-19T00:00:00.000Z,"trades,book_snapshot_5",1SOL,USDT,USDT,1SOLUSDT,1solusdt,False,,,,,,,,,,,,,
BYBIT:SPOT_PAIR:MBS-USDT,BYBIT,SPOT_PAIR,MBS-USDT,exchange,bybit-spot,tardis,crypto,2022-01-21T00:00:00.000Z,2025-04-19T00:00:00.000Z,"trades,book_snapshot_5",MBS,USDT,USDT,MBSUSDT,mbsusdt,False,,,,,,,,,,,,,
BYBIT:SPOT_PAIR:OBX-USDT,BYBIT,SPOT_PAIR,OBX-USDT,exchange,bybit-spot,tardis,crypto,2022-06-30T00:00:00.000Z,2025-04-19T00:00:00.000Z,"trades,book_snapshot_5",OBX,USDT,USDT,OBXUSDT,obxusdt,False,,,,,,,,,,,,,
BYBIT:SPOT_PAIR:3P-USDT,BYBIT,SPOT_PAIR,3P-USDT,exchange,bybit-spot,tardis,crypto,2023-01-19T00:00:00.000Z,2025-04-19T00:00:00.000Z,"trades,book_snapshot_5",3P,USDT,USDT,3PUSDT,3pusdt,False,,,,,,,,,,,,,
BYBIT:SPOT_PAIR:LIS-USDT,BYBIT,SPOT_PAIR,LIS-USDT,exchange,bybit-spot,tardis,crypto,2023-02-13T00:00:00.000Z,2025-04-19T00:00:00.000Z,"trades,book_snapshot_5",LIS,USDT,USDT,LISUSDT,lisusdt,False,,,,,,,,,,,,,
BYBIT:SPOT_PAIR:RAIN-USDT,BYBIT,SPOT_PAIR,RAIN-USDT,exchange,bybit-spot,tardis,crypto,2022-01-05T00:00:00.000Z,2025-04-17T00:00:00.000Z,"trades,book_snapshot_5",RAIN,USDT,USDT,RAINUSDT,rainusdt,False,,,,,,,,,,,,,
BYBIT:SPOT_PAIR:ACA-USDT,BYBIT,SPOT_PAIR,ACA-USDT,exchange,bybit-spot,tardis,crypto,2022-01-25T00:00:00.000Z,2025-04-17T00:00:00.000Z,"trades,book_snapshot_5",ACA,USDT,USDT,ACAUSDT,acausdt,False,,,,,,,,,,,,,
BYBIT:SPOT_PAIR:SEOR-USDT,BYBIT,SPOT_PAIR,SEOR-USDT,exchange,bybit-spot,tardis,crypto,2022-07-07T00:00:00.000Z,2025-04-17T00:00:00.000Z,"trades,book_snapshot_5",SEOR,USDT,USDT,SEORUSDT,seorusdt,False,,,,,,,,,,,,,
BYBIT:SPOT_PAIR:DICE-USDT,BYBIT,SPOT_PAIR,DICE-USDT,exchange,bybit-spot,tardis,crypto,2022-08-04T00:00:00.000Z,2025-04-17T00:00:00.000Z,"trades,book_snapshot_5",DICE,USDT,USDT,DICEUSDT,diceusdt,False,,,,,,,,,,,,,
BYBIT:SPOT_PAIR:KARATE-USDT,BYBIT,SPOT_PAIR,KARATE-USDT,exchange,bybit-spot,tardis,crypto,2023-05-12T00:00:00.000Z,2025-04-17T00:00:00.000Z,"trades,book_snapshot_5",KARATE,USDT,USDT,KARATEUSDT,karateusdt,False,,,,,,,,,,,,,
BYBIT:SPOT_PAIR:KON-USDT,BYBIT,SPOT_PAIR,KON-USDT,exchange,bybit-spot,tardis,crypto,2022-06-22T00:00:00.000Z,2025-04-11T00:00:00.000Z,"trades,book_snapshot_5",KON,USDT,USDT,KONUSDT,konusdt,False,,,,,,,,,,,,,
BYBIT:SPOT_PAIR:PTU-USDT,BYBIT,SPOT_PAIR,PTU-USDT,exchange,bybit-spot,tardis,crypto,2021-12-04T00:00:00.000Z,2025-04-05T00:00:00.000Z,"trades,book_snapshot_5",PTU,USDT,USDT,PTUUSDT,ptuusdt,False,,,,,,,,,,,,,
BYBIT:SPOT_PAIR:BOB-USDT,BYBIT,SPOT_PAIR,BOB-USDT,exchange,bybit-spot,tardis,crypto,2023-05-15T00:00:00.000Z,2025-04-05T00:00:00.000Z,"trades,book_snapshot_5",BOB,USDT,USDT,BOBUSDT,bobusdt,False,,,,,,,,,,,,,
BYBIT:SPOT_PAIR:PLT-USDT,BYBIT,SPOT_PAIR,PLT-USDT,exchange,bybit-spot,tardis,crypto,2021-12-28T00:00:00.000Z,2025-04-02T00:00:00.000Z,"trades,book_snapshot_5",PLT,USDT,USDT,PLTUSDT,pltusdt,False,,,,,,,,,,,,,
BYBIT:SPOT_PAIR:LGX-USDT,BYBIT,SPOT_PAIR,LGX-USDT,exchange,bybit-spot,tardis,crypto,2022-04-20T00:00:00.000Z,2025-04-02T00:00:00.000Z,"trades,book_snapshot_5",LGX,USDT,USDT,LGXUSDT,lgxusdt,False,,,,,,,,,,,,,
BYBIT:SPOT_PAIR:FAME-USDT,BYBIT,SPOT_PAIR,FAME-USDT,exchange,bybit-spot,tardis,crypto,2022-05-24T00:00:00.000Z,2025-03-29T00:00:00.000Z,"trades,book_snapshot_5",FAME,USDT,USDT,FAMEUSDT,fameusdt,False,,,,,,,,,,,,,
BYBIT:SPOT_PAIR:PUMLX-USDT,BYBIT,SPOT_PAIR,PUMLX-USDT,exchange,bybit-spot,tardis,crypto,2022-10-07T00:00:00.000Z,2025-03-29T00:00:00.000Z,"trades,book_snapshot_5",PUMLX,USDT,USDT,PUMLXUSDT,pumlxusdt,False,,,,,,,,,,,,,
BYBIT:SPOT_PAIR:ECOX-USDT,BYBIT,SPOT_PAIR,ECOX-USDT,exchange,bybit-spot,tardis,crypto,2022-11-07T00:00:00.000Z,2025-03-29T00:00:00.000Z,"trades,book_snapshot_5",ECOX,USDT,USDT,ECOXUSDT,ecoxusdt,False,,,,,,,,,,,,,
BYBIT:SPOT_PAIR:CUSD-USDT,BYBIT,SPOT_PAIR,CUSD-USDT,exchange,bybit-spot,tardis,crypto,2022-07-15T00:00:00.000Z,2025-03-22T00:00:00.000Z,"trades,book_snapshot_5",CUSD,USDT,USDT,CUSDUSDT,cusdusdt,False,,,,,,,,,,,,,
BYBIT:SPOT_PAIR:KMON-USDT,BYBIT,SPOT_PAIR,KMON-USDT,exchange,bybit-spot,tardis,crypto,2022-05-06T00:00:00.000Z,2025-03-15T00:00:00.000Z,"trades,book_snapshot_5",KMON,USDT,USDT,KMONUSDT,kmonusdt,False,,,,,,,,,,,,,
BYBIT:SPOT_PAIR:MELOS-USDT,BYBIT,SPOT_PAIR,MELOS-USDT,exchange,bybit-spot,tardis,crypto,2022-04-08T00:00:00.000Z,2025-02-22T00:00:00.000Z,"trades,book_snapshot_5",MELOS,USDT,USDT,MELOSUSDT,melosusdt,False,,,,,,,,,,,,,
BYBIT:SPOT_PAIR:QMALL-USDT,BYBIT,SPOT_PAIR,QMALL-USDT,exchange,bybit-spot,tardis,crypto,2022-09-30T00:00:00.000Z,2025-02-22T00:00:00.000Z,"trades,book_snapshot_5",QMALL,USDT,USDT,QMALLUSDT,qmallusdt,False,,,,,,,,,,,,,
BYBIT:SPOT_PAIR:CBX-USDT,BYBIT,SPOT_PAIR,CBX-USDT,exchange,bybit-spot,tardis,crypto,2021-12-04T00:00:00.000Z,2025-02-19T00:00:00.000Z,"trades,book_snapshot_5",CBX,USDT,USDT,CBXUSDT,cbxusdt,False,,,,,,,,,,,,,
BYBIT:SPOT_PAIR:FB-USDT,BYBIT,SPOT_PAIR,FB-USDT,exchange,bybit-spot,tardis,crypto,2023-03-15T00:00:00.000Z,2025-02-19T00:00:00.000Z,"trades,book_snapshot_5",FB,USDT,USDT,FBUSDT,fbusdt,False,,,,,,,,,,,,,
BYBIT:SPOT_PAIR:DPX-USDT,BYBIT,SPOT_PAIR,DPX-USDT,exchange,bybit-spot,tardis,crypto,2023-02-28T00:00:00.000Z,2025-01-25T00:00:00.000Z,"trades,book_snapshot_5",DPX,USDT,USDT,DPXUSDT,dpxusdt,False,,,,,,,,,,,,,
BYBIT:SPOT_PAIR:DZOO-USDT,BYBIT,SPOT_PAIR,DZOO-USDT,exchange,bybit-spot,tardis,crypto,2023-03-16T00:00:00.000Z,2025-01-25T00:00:00.000Z,"trades,book_snapshot_5",DZOO,USDT,USDT,DZOOUSDT,dzoousdt,False,,,,,,,,,,,,,
BYBIT:SPOT_PAIR:HERO-USDT,BYBIT,SPOT_PAIR,HERO-USDT,exchange,bybit-spot,tardis,crypto,2022-03-07T00:00:00.000Z,2024-12-07T00:00:00.000Z,"trades,book_snapshot_5",HERO,USDT,USDT,HEROUSDT,herousdt,False,,,,,,,,,,,,,
BYBIT:SPOT_PAIR:AZY-USDT,BYBIT,SPOT_PAIR,AZY-USDT,exchange,bybit-spot,tardis,crypto,2022-07-22T00:00:00.000Z,2024-12-07T00:00:00.000Z,"trades,book_snapshot_5",AZY,USDT,USDT,AZYUSDT,azyusdt,False,,,,,,,,,,,,,
BYBIT:SPOT_PAIR:PSP-USDT,BYBIT,SPOT_PAIR,PSP-USDT,exchange,bybit-spot,tardis,crypto,2021-12-04T00:00:00.000Z,2024-12-05T00:00:00.000Z,"trades,book_snapshot_5",PSP,USDT,USDT,PSPUSDT,pspusdt,False,,,,,,,,,,,,,
BYBIT:SPOT_PAIR:ZAM-USDT,BYBIT,SPOT_PAIR,ZAM-USDT,exchange,bybit-spot,tardis,crypto,2022-04-14T00:00:00.000Z,2024-12-05T00:00:00.000Z,"trades,book_snapshot_5",ZAM,USDT,USDT,ZAMUSDT,zamusdt,False,,,,,,,,,,,,,
BYBIT:SPOT_PAIR:DFI-USDT,BYBIT,SPOT_PAIR,DFI-USDT,exchange,bybit-spot,tardis,crypto,2022-06-02T00:00:00.000Z,2024-12-05T00:00:00.000Z,"trades,book_snapshot_5",DFI,USDT,USDT,DFIUSDT,dfiusdt,False,,,,,,,,,,,,,
BYBIT:SPOT_PAIR:PRIMAL-USDT,BYBIT,SPOT_PAIR,PRIMAL-USDT,exchange,bybit-spot,tardis,crypto,2022-12-08T00:00:00.000Z,2024-12-05T00:00:00.000Z,"trades,book_snapshot_5",PRIMAL,USDT,USDT,PRIMALUSDT,primalusdt,False,,,,,,,,,,,,,
BYBIT:SPOT_PAIR:KOK-USDT,BYBIT,SPOT_PAIR,KOK-USDT,exchange,bybit-spot,tardis,crypto,2022-05-20T00:00:00.000Z,2024-11-29T00:00:00.000Z,"trades,book_snapshot_5",KOK,USDT,USDT,KOKUSDT,kokusdt,False,,,,,,,,,,,,,
BYBIT:SPOT_PAIR:STRM-USDT,BYBIT,SPOT_PAIR,STRM-USDT,exchange,bybit-spot,tardis,crypto,2022-05-06T00:00:00.000Z,2024-11-23T00:00:00.000Z,"trades,book_snapshot_5",STRM,USDT,USDT,STRMUSDT,strmusdt,False,,,,,,,,,,,,,
BYBIT:SPOT_PAIR:CO-USDT,BYBIT,SPOT_PAIR,CO-USDT,exchange,bybit-spot,tardis,crypto,2022-09-28T00:00:00.000Z,2024-11-23T00:00:00.000Z,"trades,book_snapshot_5",CO,USDT,USDT,COUSDT,cousdt,False,,,,,,,,,,,,,
BYBIT:SPOT_PAIR:SHILL-USDT,BYBIT,SPOT_PAIR,SHILL-USDT,exchange,bybit-spot,tardis,crypto,2021-12-04T00:00:00.000Z,2024-11-21T00:00:00.000Z,"trades,book_snapshot_5",SHILL,USDT,USDT,SHILLUSDT,shillusdt,False,,,,,,,,,,,,,
BYBIT:SPOT_PAIR:LFW-USDT,BYBIT,SPOT_PAIR,LFW-USDT,exchange,bybit-spot,tardis,crypto,2021-12-04T00:00:00.000Z,2024-09-27T00:00:00.000Z,"trades,book_snapshot_5",LFW,USDT,USDT,LFWUSDT,lfwusdt,False,,,,,,,,,,,,,
BYBIT:SPOT_PAIR:KUNCI-USDT,BYBIT,SPOT_PAIR,KUNCI-USDT,exchange,bybit-spot,tardis,crypto,2022-07-21T00:00:00.000Z,2024-08-23T00:00:00.000Z,"trades,book_snapshot_5",KUNCI,USDT,USDT,KUNCIUSDT,kunciusdt,False,,,,,,,,,,,,,
BYBIT:SPOT_PAIR:DEFY-USDT,BYBIT,SPOT_PAIR,DEFY-USDT,exchange,bybit-spot,tardis,crypto,2022-08-15T00:00:00.000Z,2024-08-23T00:00:00.000Z,"trades,book_snapshot_5",DEFY,USDT,USDT,DEFYUSDT,defyusdt,False,,,,,,,,,,,,,
BYBIT:SPOT_PAIR:SOS-USDT,BYBIT,SPOT_PAIR,SOS-USDT,exchange,bybit-spot,tardis,crypto,2021-12-25T00:00:00.000Z,2024-08-16T00:00:00.000Z,"trades,book_snapshot_5",SOS,USDT,USDT,SOSUSDT,sosusdt,False,,,,,,,,,,,,,
BYBIT:SPOT_PAIR:MOVEZ-USDT,BYBIT,SPOT_PAIR,MOVEZ-USDT,exchange,bybit-spot,tardis,crypto,2022-06-10T00:00:00.000Z,2024-08-16T00:00:00.000Z,"trades,book_snapshot_5",MOVEZ,USDT,USDT,MOVEZUSDT,movezusdt,False,,,,,,,,,,,,,
BYBIT:SPOT_PAIR:CMP-USDT,BYBIT,SPOT_PAIR,CMP-USDT,exchange,bybit-spot,tardis,crypto,2022-07-25T00:00:00.000Z,2024-08-16T00:00:00.000Z,"trades,book_snapshot_5",CMP,USDT,USDT,CMPUSDT,cmpusdt,False,,,,,,,,,,,,,
BYBIT:SPOT_PAIR:BAR-USDT,BYBIT,SPOT_PAIR,BAR-USDT,exchange,bybit-spot,tardis,crypto,2022-08-16T00:00:00.000Z,2024-08-16T00:00:00.000Z,"trades,book_snapshot_5",BAR,USDT,USDT,BARUSDT,barusdt,False,,,,,,,,,,,,,
BYBIT:SPOT_PAIR:LING-USDT,BYBIT,SPOT_PAIR,LING-USDT,exchange,bybit-spot,tardis,crypto,2022-09-13T00:00:00.000Z,2024-08-16T00:00:00.000Z,"trades,book_snapshot_5",LING,USDT,USDT,LINGUSDT,lingusdt,False,,,,,,,,,,,,,
BYBIT:SPOT_PAIR:OKG-USDT,BYBIT,SPOT_PAIR,OKG-USDT,exchange,bybit-spot,tardis,crypto,2022-09-14T00:00:00.000Z,2024-08-16T00:00:00.000Z,"trades,book_snapshot_5",OKG,USDT,USDT,OKGUSDT,okgusdt,False,,,,,,,,,,,,,
BYBIT:SPOT_PAIR:DEVT-USDT,BYBIT,SPOT_PAIR,DEVT-USDT,exchange,bybit-spot,tardis,crypto,2021-12-10T00:00:00.000Z,2024-08-09T00:00:00.000Z,"trades,book_snapshot_5",DEVT,USDT,USDT,DEVTUSDT,devtusdt,False,,,,,,,,,,,,,
BYBIT:SPOT_PAIR:PLY-USDT,BYBIT,SPOT_PAIR,PLY-USDT,exchange,bybit-spot,tardis,crypto,2022-05-05T00:00:00.000Z,2024-08-09T00:00:00.000Z,"trades,book_snapshot_5",PLY,USDT,USDT,PLYUSDT,plyusdt,False,,,,,,,,,,,,,
BYBIT:SPOT_PAIR:XWG-USDT,BYBIT,SPOT_PAIR,XWG-USDT,exchange,bybit-spot,tardis,crypto,2022-05-09T00:00:00.000Z,2024-08-09T00:00:00.000Z,"trades,book_snapshot_5",XWG,USDT,USDT,XWGUSDT,xwgusdt,False,,,,,,,,,,,,,
BYBIT:SPOT_PAIR:MMC-USDT,BYBIT,SPOT_PAIR,MMC-USDT,exchange,bybit-spot,tardis,crypto,2022-07-28T00:00:00.000Z,2024-08-09T00:00:00.000Z,"trades,book_snapshot_5",MMC,USDT,USDT,MMCUSDT,mmcusdt,False,,,,,,,,,,,,,
BYBIT:SPOT_PAIR:ACM-USDT,BYBIT,SPOT_PAIR,ACM-USDT,exchange,bybit-spot,tardis,crypto,2022-08-17T00:00:00.000Z,2024-08-09T00:00:00.000Z,"trades,book_snapshot_5",ACM,USDT,USDT,ACMUSDT,acmusdt,False,,,,,,,,,,,,,
BYBIT:SPOT_PAIR:MCT-USDT,BYBIT,SPOT_PAIR,MCT-USDT,exchange,bybit-spot,tardis,crypto,2022-12-07T00:00:00.000Z,2024-08-09T00:00:00.000Z,"trades,book_snapshot_5",MCT,USDT,USDT,MCTUSDT,mctusdt,False,,,,,,,,,,,,,
BYBIT:SPOT_PAIR:SUIA-USDT,BYBIT,SPOT_PAIR,SUIA-USDT,exchange,bybit-spot,tardis,crypto,2023-05-16T00:00:00.000Z,2024-08-09T00:00:00.000Z,"trades,book_snapshot_5",SUIA,USDT,USDT,SUIAUSDT,suiausdt,False,,,,,,,,,,,,,
BYBIT:SPOT_PAIR:CWAR-USDT,BYBIT,SPOT_PAIR,CWAR-USDT,exchange,bybit-spot,tardis,crypto,2021-12-04T00:00:00.000Z,2024-08-01T00:00:00.000Z,"trades,book_snapshot_5",CWAR,USDT,USDT,CWARUSDT,cwarusdt,False,,,,,,,,,,,,,
BYBIT:SPOT_PAIR:KRL-USDT,BYBIT,SPOT_PAIR,KRL-USDT,exchange,bybit-spot,tardis,crypto,2021-12-06T00:00:00.000Z,2024-08-01T00:00:00.000Z,"trades,book_snapshot_5",KRL,USDT,USDT,KRLUSDT,krlusdt,False,,,,,,,,,,,,,
BYBIT:SPOT_PAIR:ELT-USDT,BYBIT,SPOT_PAIR,ELT-USDT,exchange,bybit-spot,tardis,crypto,2022-04-20T00:00:00.000Z,2024-08-01T00:00:00.000Z,"trades,book_snapshot_5",ELT,USDT,USDT,ELTUSDT,eltusdt,False,,,,,,,,,,,,,
BYBIT:SPOT_PAIR:MNZ-USDT,BYBIT,SPOT_PAIR,MNZ-USDT,exchange,bybit-spot,tardis,crypto,2022-07-06T00:00:00.000Z,2024-08-01T00:00:00.000Z,"trades,book_snapshot_5",MNZ,USDT,USDT,MNZUSDT,mnzusdt,False,,,,,,,,,,,,,
BYBIT:SPOT_PAIR:CAPO-USDT,BYBIT,SPOT_PAIR,CAPO-USDT,exchange,bybit-spot,tardis,crypto,2023-05-22T00:00:00.000Z,2024-07-19T00:00:00.000Z,"trades,book_snapshot_5",CAPO,USDT,USDT,CAPOUSDT,capousdt,False,,,,,,,,,,,,,
BYBIT:SPOT_PAIR:CULT-USDT,BYBIT,SPOT_PAIR,CULT-USDT,exchange,bybit-spot,tardis,crypto,2022-07-08T00:00:00.000Z,2024-07-17T00:00:00.000Z,"trades,book_snapshot_5",CULT,USDT,USDT,CULTUSDT,cultusdt,False,,,,,,,,,,,,,
BYBIT:SPOT_PAIR:AGIX-USDT,BYBIT,SPOT_PAIR,AGIX-USDT,exchange,bybit-spot,tardis,crypto,2023-02-09T00:00:00.000Z,2024-07-10T00:00:00.000Z,"trades,book_snapshot_5",AGIX,USDT,USDT,AGIXUSDT,agixusdt,False,,,,,,,,,,,,,
BYBIT:SPOT_PAIR:SYNR-USDT,BYBIT,SPOT_PAIR,SYNR-USDT,exchange,bybit-spot,tardis,crypto,2022-02-23T00:00:00.000Z,2024-07-03T00:00:00.000Z,"trades,book_snapshot_5",SYNR,USDT,USDT,SYNRUSDT,synrusdt,False,,,,,,,,,,,,,
BYBIT:SPOT_PAIR:SLG-USDT,BYBIT,SPOT_PAIR,SLG-USDT,exchange,bybit-spot,tardis,crypto,2022-07-19T00:00:00.000Z,2024-06-18T00:00:00.000Z,"trades,book_snapshot_5",SLG,USDT,USDT,SLGUSDT,slgusdt,False,,,,,,,,,,,,,
BYBIT:SPOT_PAIR:PLAY-USDT,BYBIT,SPOT_PAIR,PLAY-USDT,exchange,bybit-spot,tardis,crypto,2023-04-13T00:00:00.000Z,2024-05-25T00:00:00.000Z,"trades,book_snapshot_5",PLAY,USDT,USDT,PLAYUSDT,playusdt,False,,,,,,,,,,,,,
BYBIT:SPOT_PAIR:MIBR-USDT,BYBIT,SPOT_PAIR,MIBR-USDT,exchange,bybit-spot,tardis,crypto,2022-09-27T00:00:00.000Z,2024-05-21T00:00:00.000Z,"trades,book_snapshot_5",MIBR,USDT,USDT,MIBRUSDT,mibrusdt,False,,,,,,,,,,,,,
BYBIT:SPOT_PAIR:RLTM-USDT,BYBIT,SPOT_PAIR,RLTM-USDT,exchange,bybit-spot,tardis,crypto,2023-04-11T00:00:00.000Z,2024-05-21T00:00:00.000Z,"trades,book_snapshot_5",RLTM,USDT,USDT,RLTMUSDT,rltmusdt,False,,,,,,,,,,,,,
BYBIT:SPOT_PAIR:MTK-USDT,BYBIT,SPOT_PAIR,MTK-USDT,exchange,bybit-spot,tardis,crypto,2022-10-31T00:00:00.000Z,2024-04-24T00:00:00.000Z,"trades,book_snapshot_5",MTK,USDT,USDT,MTKUSDT,mtkusdt,False,,,,,,,,,,,,,
BYBIT:SPOT_PAIR:SAITAMA-USDT,BYBIT,SPOT_PAIR,SAITAMA-USDT,exchange,bybit-spot,tardis,crypto,2022-07-29T00:00:00.000Z,2024-01-12T00:00:00.000Z,"trades,book_snapshot_5",SAITAMA,USDT,USDT,SAITAMAUSDT,saitamausdt,False,,,,,,,,,,,,,
BYBIT:SPOT_PAIR:INSUR-USDT,BYBIT,SPOT_PAIR,INSUR-USDT,exchange,bybit-spot,tardis,crypto,2021-12-04T00:00:00.000Z,2023-09-16T00:00:00.000Z,"trades,book_snapshot_5",INSUR,USDT,USDT,INSURUSDT,insurusdt,False,,,,,,,,,,,,,
BYBIT:SPOT_PAIR:CRAFT-USDT,BYBIT,SPOT_PAIR,CRAFT-USDT,exchange,bybit-spot,tardis,crypto,2021-12-13T00:00:00.000Z,2023-09-16T00:00:00.000Z,"trades,book_snapshot_5",CRAFT,USDT,USDT,CRAFTUSDT,craftusdt,False,,,,,,,,,,,,,
BYBIT:SPOT_PAIR:ZBC-USDT,BYBIT,SPOT_PAIR,ZBC-USDT,exchange,bybit-spot,tardis,crypto,2022-03-16T00:00:00.000Z,2023-09-16T00:00:00.000Z,"trades,book_snapshot_5",ZBC,USDT,USDT,ZBCUSDT,zbcusdt,False,,,,,,,,,,,,,
BYBIT:SPOT_PAIR:IME-USDT,BYBIT,SPOT_PAIR,IME-USDT,exchange,bybit-spot,tardis,crypto,2022-03-25T00:00:00.000Z,2023-09-16T00:00:00.000Z,"trades,book_snapshot_5",IME,USDT,USDT,IMEUSDT,imeusdt,False,,,,,,,,,,,,,
BYBIT:SPOT_PAIR:OKSE-USDT,BYBIT,SPOT_PAIR,OKSE-USDT,exchange,bybit-spot,tardis,crypto,2022-09-05T00:00:00.000Z,2023-09-16T00:00:00.000Z,"trades,book_snapshot_5",OKSE,USDT,USDT,OKSEUSDT,okseusdt,False,,,,,,,,,,,,,
BYBIT:SPOT_PAIR:BIT-USDT,BYBIT,SPOT_PAIR,BIT-USDT,exchange,bybit-spot,tardis,crypto,2021-12-04T00:00:00.000Z,2023-07-18T00:00:00.000Z,"trades,book_snapshot_5",BIT,USDT,USDT,BITUSDT,bitusdt,False,,,,,,,,,,,,,
OKX:SPOT_PAIR:BTC-USDT,OKX,SPOT_PAIR,BTC-USDT,exchange,okex,tardis,crypto,2019-03-30T00:00:00.000Z,,"trades,book_snapshot_5",BTC,USDT,USDT,BTC-USDT,btc-usdt,False,,,,,0.1,,1e-05,BTC/USDT,okx,,,,
OKX:SPOT_PAIR:ETH-USDT,OKX,SPOT_PAIR,ETH-USDT,exchange,okex,tardis,crypto,2019-03-30T00:00:00.000Z,,"trades,book_snapshot_5",ETH,USDT,USDT,ETH-USDT,eth-usdt,False,,,,,0.01,,0.0001,ETH/USDT,okx,,,,
OKX:SPOT_PAIR:ETHW-USDT,OKX,SPOT_PAIR,ETHW-USDT,exchange,okex,tardis,crypto,2022-09-15T00:00:00.000Z,,"trades,book_snapshot_5",ETHW,USDT,USDT,ETHW-USDT,ethw-usdt,False,,,,,0.0001,,1.0,ETHW/USDT,okx,,,,
OKX:SPOT_PAIR:BNB-USDT,OKX,SPOT_PAIR,BNB-USDT,exchange,okex,tardis,crypto,2022-12-21T00:00:00.000Z,,"trades,book_snapshot_5",BNB,USDT,USDT,BNB-USDT,bnb-usdt,False,,,,,0.1,,0.001,BNB/USDT,okx,,,,
OKX:SPOT_PAIR:LTC-USDT,OKX,SPOT_PAIR,LTC-USDT,exchange,okex,tardis,crypto,2019-03-30T00:00:00.000Z,,"trades,book_snapshot_5",LTC,USDT,USDT,LTC-USDT,ltc-usdt,False,,,,,0.01,,0.01,LTC/USDT,okx,,,,
OKX:SPOT_PAIR:SOL-USDT,OKX,SPOT_PAIR,SOL-USDT,exchange,okex,tardis,crypto,2020-09-30T00:00:00.000Z,,"trades,book_snapshot_5",SOL,USDT,USDT,SOL-USDT,sol-usdt,False,,,,,0.01,,0.001,SOL/USDT,okx,,,,
OKX:SPOT_PAIR:BCH-USDT,OKX,SPOT_PAIR,BCH-USDT,exchange,okex,tardis,crypto,2019-03-30T00:00:00.000Z,,"trades,book_snapshot_5",BCH,USDT,USDT,BCH-USDT,bch-usdt,False,,,,,0.1,,0.01,BCH/USDT,okx,,,,
OKX:SPOT_PAIR:XRP-USDT,OKX,SPOT_PAIR,XRP-USDT,exchange,okex,tardis,crypto,2019-03-30T00:00:00.000Z,,"trades,book_snapshot_5",XRP,USDT,USDT,XRP-USDT,xrp-usdt,False,,,,,0.0001,,1.0,XRP/USDT,okx,,,,
OKX:SPOT_PAIR:LUNA-USDT,OKX,SPOT_PAIR,LUNA-USDT,exchange,okex,tardis,crypto,2021-02-24T00:00:00.000Z,,"trades,book_snapshot_5",LUNA,USDT,USDT,LUNA-USDT,luna-usdt,False,,,,,1e-05,,10.0,LUNA/USDT,okx,,,,
OKX:SPOT_PAIR:AVAX-USDT,OKX,SPOT_PAIR,AVAX-USDT,exchange,okex,tardis,crypto,2020-09-22T00:00:00.000Z,,"trades,book_snapshot_5",AVAX,USDT,USDT,AVAX-USDT,avax-usdt,False,,,,,0.001,,0.1,AVAX/USDT,okx,,,,
OKX:SPOT_PAIR:TRX-USDT,OKX,SPOT_PAIR,TRX-USDT,exchange,okex,tardis,crypto,2019-03-30T00:00:00.000Z,,"trades,book_snapshot_5",TRX,USDT,USDT,TRX-USDT,trx-usdt,False,,,,,1e-05,,1.0,TRX/USDT,okx,,,,
OKX:SPOT_PAIR:ETC-USDT,OKX,SPOT_PAIR,ETC-USDT,exchange,okex,tardis,crypto,2019-03-30T00:00:00.000Z,,"trades,book_snapshot_5",ETC,USDT,USDT,ETC-USDT,etc-usdt,False,,,,,0.01,,0.1,ETC/USDT,okx,,,,
OKX:SPOT_PAIR:DOT-USDT,OKX,SPOT_PAIR,DOT-USDT,exchange,okex,tardis,crypto,2020-07-17T00:00:00.000Z,,"trades,book_snapshot_5",DOT,USDT,USDT,DOT-USDT,dot-usdt,False,,,,,0.001,,0.1,DOT/USDT,okx,,,,
OKX:SPOT_PAIR:LINK-USDT,OKX,SPOT_PAIR,LINK-USDT,exchange,okex,tardis,crypto,2019-11-07T00:00:00.000Z,,"trades,book_snapshot_5",LINK,USDT,USDT,LINK-USDT,link-usdt,False,,,,,0.001,,0.1,LINK/USDT,okx,,,,
OKX:SPOT_PAIR:ADA-USDT,OKX,SPOT_PAIR,ADA-USDT,exchange,okex,tardis,crypto,2019-03-30T00:00:00.000Z,,"trades,book_snapshot_5",ADA,USDT,USDT,ADA-USDT,ada-usdt,False,,,,,0.0001,,10.0,ADA/USDT,okx,,,,
OKX:SPOT_PAIR:DOGE-USDT,OKX,SPOT_PAIR,DOGE-USDT,exchange,okex,tardis,crypto,2019-07-26T00:00:00.000Z,,"trades,book_snapshot_5",DOGE,USDT,USDT,DOGE-USDT,doge-usdt,False,,,,,1e-05,,10.0,DOGE/USDT,okx,,,,
OKX:SPOT_PAIR:SHIB-USDT,OKX,SPOT_PAIR,SHIB-USDT,exchange,okex,tardis,crypto,2021-05-08T00:00:00.000Z,,"trades,book_snapshot_5",SHIB,USDT,USDT,SHIB-USDT,shib-usdt,False,,,,,1e-09,,100000.0,SHIB/USDT,okx,,,,
OKX:SPOT_PAIR:UNI-USDT,OKX,SPOT_PAIR,UNI-USDT,exchange,okex,tardis,crypto,2020-09-17T00:00:00.000Z,,"trades,book_snapshot_5",UNI,USDT,USDT,UNI-USDT,uni-usdt,False,,,,,0.001,,0.1,UNI/USDT,okx,,,,
OKX:SPOT_PAIR:XLM-USDT,OKX,SPOT_PAIR,XLM-USDT,exchange,okex,tardis,crypto,2019-03-30T00:00:00.000Z,,"trades,book_snapshot_5",XLM,USDT,USDT,XLM-USDT,xlm-usdt,False,,,,,1e-05,,10.0,XLM/USDT,okx,,,,
OKX:SPOT_PAIR:XTZ-USDT,OKX,SPOT_PAIR,XTZ-USDT,exchange,okex,tardis,crypto,2019-11-07T00:00:00.000Z,,"trades,book_snapshot_5",XTZ,USDT,USDT,XTZ-USDT,xtz-usdt,False,,,,,0.0001,,1.0,XTZ/USDT,okx,,,,
OKX:SPOT_PAIR:CRO-USDT,OKX,SPOT_PAIR,CRO-USDT,exchange,okex,tardis,crypto,2019-12-05T00:00:00.000Z,,"trades,book_snapshot_5",CRO,USDT,USDT,CRO-USDT,cro-usdt,False,,,,,1e-05,,10.0,CRO/USDT,okx,,,,
OKX:SPOT_PAIR:BAT-USDT,OKX,SPOT_PAIR,BAT-USDT,exchange,okex,tardis,crypto,2020-03-03T00:00:00.000Z,,"trades,book_snapshot_5",BAT,USDT,USDT,BAT-USDT,bat-usdt,False,,,,,0.0001,,10.0,BAT/USDT,okx,,,,
OKX:SPOT_PAIR:XAUT-USDT,OKX,SPOT_PAIR,XAUT-USDT,exchange,okex,tardis,crypto,2022-07-19T00:00:00.000Z,,"trades,book_snapshot_5",XAUT,USDT,USDT,XAUT-USDT,xaut-usdt,False,,,,,0.1,,0.001,XAUT/USDT,okx,,,,
OKX:SPOT_PAIR:BABYDOGE-USDT,OKX,SPOT_PAIR,BABYDOGE-USDT,exchange,okex,tardis,crypto,2021-08-10T00:00:00.000Z,,"trades,book_snapshot_5",BABYDOGE,USDT,USDT,BABYDOGE-USDT,babydoge-usdt,False,,,,,1e-12,,1000000000.0,BABYDOGE/USDT,okx,,,,
OKX:SPOT_PAIR:COMP-USDT,OKX,SPOT_PAIR,COMP-USDT,exchange,okex,tardis,crypto,2020-06-29T00:00:00.000Z,,"trades,book_snapshot_5",COMP,USDT,USDT,COMP-USDT,comp-usdt,False,,,,,0.01,,0.1,COMP/USDT,okx,,,,
OKX:SPOT_PAIR:AAVE-USDT,OKX,SPOT_PAIR,AAVE-USDT,exchange,okex,tardis,crypto,2020-10-22T00:00:00.000Z,,"trades,book_snapshot_5",AAVE,USDT,USDT,AAVE-USDT,aave-usdt,False,,,,,0.01,,0.01,AAVE/USDT,okx,,,,
OKX:SPOT_PAIR:FIL-USDT,OKX,SPOT_PAIR,FIL-USDT,exchange,okex,tardis,crypto,2020-12-03T00:00:00.000Z,,"trades,book_snapshot_5",FIL,USDT,USDT,FIL-USDT,fil-usdt,False,,,,,0.001,,0.1,FIL/USDT,okx,,,,
OKX:SPOT_PAIR:ZRX-USDT,OKX,SPOT_PAIR,ZRX-USDT,exchange,okex,tardis,crypto,2019-03-30T00:00:00.000Z,,"trades,book_snapshot_5",ZRX,USDT,USDT,ZRX-USDT,zrx-usdt,False,,,,,0.0001,,10.0,ZRX/USDT,okx,,,,
OKX:SPOT_PAIR:ALGO-USDT,OKX,SPOT_PAIR,ALGO-USDT,exchange,okex,tardis,crypto,2019-11-07T00:00:00.000Z,,"trades,book_snapshot_5",ALGO,USDT,USDT,ALGO-USDT,algo-usdt,False,,,,,0.0001,,10.0,ALGO/USDT,okx,,,,
OKX:SPOT_PAIR:NEO-USDT,OKX,SPOT_PAIR,NEO-USDT,exchange,okex,tardis,crypto,2019-03-30T00:00:00.000Z,,"trades,book_snapshot_5",NEO,USDT,USDT,NEO-USDT,neo-usdt,False,,,,,0.001,,0.1,NEO/USDT,okx,,,,
OKX:SPOT_PAIR:IOTA-USDT,OKX,SPOT_PAIR,IOTA-USDT,exchange,okex,tardis,crypto,2019-03-30T00:00:00.000Z,,"trades,book_snapshot_5",IOTA,USDT,USDT,IOTA-USDT,iota-usdt,False,,,,,0.0001,,10.0,IOTA/USDT,okx,,,,
OKX:SPOT_PAIR:KNC-USDT,OKX,SPOT_PAIR,KNC-USDT,exchange,okex,tardis,crypto,2019-12-05T00:00:00.000Z,,"trades,book_snapshot_5",KNC,USDT,USDT,KNC-USDT,knc-usdt,False,,,,,0.0001,,10.0,KNC/USDT,okx,,,,
OKX:SPOT_PAIR:IOST-USDT,OKX,SPOT_PAIR,IOST-USDT,exchange,okex,tardis,crypto,2019-12-05T00:00:00.000Z,,"trades,book_snapshot_5",IOST,USDT,USDT,IOST-USDT,iost-usdt,False,,,,,1e-06,,100.0,IOST/USDT,okx,,,,
OKX:SPOT_PAIR:ATOM-USDT,OKX,SPOT_PAIR,ATOM-USDT,exchange,okex,tardis,crypto,2019-05-04T00:00:00.000Z,,"trades,book_snapshot_5",ATOM,USDT,USDT,ATOM-USDT,atom-usdt,False,,,,,0.001,,0.1,ATOM/USDT,okx,,,,
OKX:SPOT_PAIR:ZIL-USDT,OKX,SPOT_PAIR,ZIL-USDT,exchange,okex,tardis,crypto,2019-12-13T00:00:00.000Z,,"trades,book_snapshot_5",ZIL,USDT,USDT,ZIL-USDT,zil-usdt,False,,,,,1e-06,,100.0,ZIL/USDT,okx,,,,
OKX:SPOT_PAIR:THETA-USDT,OKX,SPOT_PAIR,THETA-USDT,exchange,okex,tardis,crypto,2019-12-13T00:00:00.000Z,,"trades,book_snapshot_5",THETA,USDT,USDT,THETA-USDT,theta-usdt,False,,,,,0.0001,,1.0,THETA/USDT,okx,,,,
OKX:SPOT_PAIR:QTUM-USDT,OKX,SPOT_PAIR,QTUM-USDT,exchange,okex,tardis,crypto,2019-03-30T00:00:00.000Z,,"trades,book_snapshot_5",QTUM,USDT,USDT,QTUM-USDT,qtum-usdt,False,,,,,0.001,,1.0,QTUM/USDT,okx,,,,
OKX:SPOT_PAIR:ONT-USDT,OKX,SPOT_PAIR,ONT-USDT,exchange,okex,tardis,crypto,2019-11-07T00:00:00.000Z,,"trades,book_snapshot_5",ONT,USDT,USDT,ONT-USDT,ont-usdt,False,,,,,1e-05,,10.0,ONT/USDT,okx,,,,
OKX:SPOT_PAIR:USDC-USDT,OKX,SPOT_PAIR,USDC-USDT,exchange,okex,tardis,crypto,2019-11-07T00:00:00.000Z,,"trades,book_snapshot_5",USDC,USDT,USDT,USDC-USDT,usdc-usdt,False,,,,,0.0001,,1.0,USDC/USDT,okx,,,,
OKX:SPOT_PAIR:YFI-USDT,OKX,SPOT_PAIR,YFI-USDT,exchange,okex,tardis,crypto,2020-08-28T00:00:00.000Z,,"trades,book_snapshot_5",YFI,USDT,USDT,YFI-USDT,yfi-usdt,False,,,,,1.0,,0.0005,YFI/USDT,okx,,,,
OKX:SPOT_PAIR:BAL-USDT,OKX,SPOT_PAIR,BAL-USDT,exchange,okex,tardis,crypto,2020-07-27T00:00:00.000Z,,"trades,book_snapshot_5",BAL,USDT,USDT,BAL-USDT,bal-usdt,False,,,,,0.0001,,1.0,BAL/USDT,okx,,,,
OKX:SPOT_PAIR:LEO-USDT,OKX,SPOT_PAIR,LEO-USDT,exchange,okex,tardis,crypto,2019-06-13T00:00:00.000Z,,"trades,book_snapshot_5",LEO,USDT,USDT,LEO-USDT,leo-usdt,False,,,,,0.001,,1.0,LEO/USDT,okx,,,,
OKX:SPOT_PAIR:CRV-USDT,OKX,SPOT_PAIR,CRV-USDT,exchange,okex,tardis,crypto,2020-08-17T00:00:00.000Z,,"trades,book_snapshot_5",CRV,USDT,USDT,CRV-USDT,crv-usdt,False,,,,,0.0001,,1.0,CRV/USDT,okx,,,,
OKX:SPOT_PAIR:BAND-USDT,OKX,SPOT_PAIR,BAND-USDT,exchange,okex,tardis,crypto,2020-08-28T00:00:00.000Z,,"trades,book_snapshot_5",BAND,USDT,USDT,BAND-USDT,band-usdt,False,,,,,0.0001,,1.0,BAND/USDT,okx,,,,
OKX:SPOT_PAIR:LSK-USDT,OKX,SPOT_PAIR,LSK-USDT,exchange,okex,tardis,crypto,2019-12-13T00:00:00.000Z,,"trades,book_snapshot_5",LSK,USDT,USDT,LSK-USDT,lsk-usdt,False,,,,,0.0001,,1.0,LSK/USDT,okx,,,,
OKX:SPOT_PAIR:DGB-USDT,OKX,SPOT_PAIR,DGB-USDT,exchange,okex,tardis,crypto,2019-03-30T00:00:00.000Z,,"trades,book_snapshot_5",DGB,USDT,USDT,DGB-USDT,dgb-usdt,False,,,,,1e-06,,100.0,DGB/USDT,okx,,,,
OKX:SPOT_PAIR:DAI-USDT,OKX,SPOT_PAIR,DAI-USDT,exchange,okex,tardis,crypto,2019-12-18T00:00:00.000Z,,"trades,book_snapshot_5",DAI,USDT,USDT,DAI-USDT,dai-usdt,False,,,,,0.0001,,1.0,DAI/USDT,okx,,,,
OKX:SPOT_PAIR:RVN-USDT,OKX,SPOT_PAIR,RVN-USDT,exchange,okex,tardis,crypto,2020-02-19T00:00:00.000Z,,"trades,book_snapshot_5",RVN,USDT,USDT,RVN-USDT,rvn-usdt,False,,,,,1e-06,,100.0,RVN/USDT,okx,,,,
OKX:SPOT_PAIR:ICX-USDT,OKX,SPOT_PAIR,ICX-USDT,exchange,okex,tardis,crypto,2019-12-05T00:00:00.000Z,,"trades,book_snapshot_5",ICX,USDT,USDT,ICX-USDT,icx-usdt,False,,,,,1e-05,,10.0,ICX/USDT,okx,,,,
OKX:SPOT_PAIR:HBAR-USDT,OKX,SPOT_PAIR,HBAR-USDT,exchange,okex,tardis,crypto,2019-12-13T00:00:00.000Z,,"trades,book_snapshot_5",HBAR,USDT,USDT,HBAR-USDT,hbar-usdt,False,,,,,1e-05,,10.0,HBAR/USDT,okx,,,,
OKX:SPOT_PAIR:ENJ-USDT,OKX,SPOT_PAIR,ENJ-USDT,exchange,okex,tardis,crypto,2021-03-18T00:00:00.000Z,,"trades,book_snapshot_5",ENJ,USDT,USDT,ENJ-USDT,enj-usdt,False,,,,,1e-05,,10.0,ENJ/USDT,okx,,,,
OKX:SPOT_PAIR:SNX-USDT,OKX,SPOT_PAIR,SNX-USDT,exchange,okex,tardis,crypto,2020-07-24T00:00:00.000Z,,"trades,book_snapshot_5",SNX,USDT,USDT,SNX-USDT,snx-usdt,False,,,,,0.0001,,1.0,SNX/USDT,okx,,,,
OKX:SPOT_PAIR:LRC-USDT,OKX,SPOT_PAIR,LRC-USDT,exchange,okex,tardis,crypto,2020-07-25T00:00:00.000Z,,"trades,book_snapshot_5",LRC,USDT,USDT,LRC-USDT,lrc-usdt,False,,,,,1e-05,,10.0,LRC/USDT,okx,,,,
OKX:SPOT_PAIR:RSR-USDT,OKX,SPOT_PAIR,RSR-USDT,exchange,okex,tardis,crypto,2020-10-19T00:00:00.000Z,,"trades,book_snapshot_5",RSR,USDT,USDT,RSR-USDT,rsr-usdt,False,,,,,1e-06,,100.0,RSR/USDT,okx,,,,
OKX:SPOT_PAIR:SUSHI-USDT,OKX,SPOT_PAIR,SUSHI-USDT,exchange,okex,tardis,crypto,2020-09-01T00:00:00.000Z,,"trades,book_snapshot_5",SUSHI,USDT,USDT,SUSHI-USDT,sushi-usdt,False,,,,,0.0001,,1.0,SUSHI/USDT,okx,,,,
OKX:SPOT_PAIR:TRB-USDT,OKX,SPOT_PAIR,TRB-USDT,exchange,okex,tardis,crypto,2020-09-03T00:00:00.000Z,,"trades,book_snapshot_5",TRB,USDT,USDT,TRB-USDT,trb-usdt,False,,,,,0.01,,0.01,TRB/USDT,okx,,,,
OKX:SPOT_PAIR:MANA-USDT,OKX,SPOT_PAIR,MANA-USDT,exchange,okex,tardis,crypto,2019-03-30T00:00:00.000Z,,"trades,book_snapshot_5",MANA,USDT,USDT,MANA-USDT,mana-usdt,False,,,,,0.0001,,10.0,MANA/USDT,okx,,,,
OKX:SPOT_PAIR:OKB-USDT,OKX,SPOT_PAIR,OKB-USDT,exchange,okex,tardis,crypto,2019-12-05T00:00:00.000Z,,"trades,book_snapshot_5",OKB,USDT,USDT,OKB-USDT,okb-usdt,False,,,,,0.01,,0.01,OKB/USDT,okx,,,,
OKX:SPOT_PAIR:EGLD-USDT,OKX,SPOT_PAIR,EGLD-USDT,exchange,okex,tardis,crypto,2020-09-30T00:00:00.000Z,,"trades,book_snapshot_5",EGLD,USDT,USDT,EGLD-USDT,egld-usdt,False,,,,,0.001,,0.1,EGLD/USDT,okx,,,,
OKX:SPOT_PAIR:CVC-USDT,OKX,SPOT_PAIR,CVC-USDT,exchange,okex,tardis,crypto,2019-12-05T00:00:00.000Z,,"trades,book_snapshot_5",CVC,USDT,USDT,CVC-USDT,cvc-usdt,False,,,,,1e-05,,10.0,CVC/USDT,okx,,,,
OKX:SPOT_PAIR:NMR-USDT,OKX,SPOT_PAIR,NMR-USDT,exchange,okex,tardis,crypto,2020-09-11T00:00:00.000Z,,"trades,book_snapshot_5",NMR,USDT,USDT,NMR-USDT,nmr-usdt,False,,,,,0.001,,0.1,NMR/USDT,okx,,,,
OKX:SPOT_PAIR:KSM-USDT,OKX,SPOT_PAIR,KSM-USDT,exchange,okex,tardis,crypto,2020-09-16T00:00:00.000Z,,"trades,book_snapshot_5",KSM,USDT,USDT,KSM-USDT,ksm-usdt,False,,,,,0.001,,0.1,KSM/USDT,okx,,,,
OKX:SPOT_PAIR:UMA-USDT,OKX,SPOT_PAIR,UMA-USDT,exchange,okex,tardis,crypto,2020-09-03T00:00:00.000Z,,"trades,book_snapshot_5",UMA,USDT,USDT,UMA-USDT,uma-usdt,False,,,,,0.0001,,1.0,UMA/USDT,okx,,,,
OKX:SPOT_PAIR:FLM-USDT,OKX,SPOT_PAIR,FLM-USDT,exchange,okex,tardis,crypto,2020-09-30T00:00:00.000Z,,"trades,book_snapshot_5",FLM,USDT,USDT,FLM-USDT,flm-usdt,False,,,,,1e-05,,100.0,FLM/USDT,okx,,,,
OKX:SPOT_PAIR:STORJ-USDT,OKX,SPOT_PAIR,STORJ-USDT,exchange,okex,tardis,crypto,2020-09-17T00:00:00.000Z,,"trades,book_snapshot_5",STORJ,USDT,USDT,STORJ-USDT,storj-usdt,False,,,,,0.0001,,10.0,STORJ/USDT,okx,,,,
OKX:SPOT_PAIR:SNT-USDT,OKX,SPOT_PAIR,SNT-USDT,exchange,okex,tardis,crypto,2019-12-13T00:00:00.000Z,,"trades,book_snapshot_5",SNT,USDT,USDT,SNT-USDT,snt-usdt,False,,,,,1e-05,,100.0,SNT/USDT,okx,,,,
OKX:SPOT_PAIR:AXS-USDT,OKX,SPOT_PAIR,AXS-USDT,exchange,okex,tardis,crypto,2021-07-27T00:00:00.000Z,,"trades,book_snapshot_5",AXS,USDT,USDT,AXS-USDT,axs-usdt,False,,,,,0.001,,0.1,AXS/USDT,okx,,,,
OKX:SPOT_PAIR:STX-USDT,OKX,SPOT_PAIR,STX-USDT,exchange,okex,tardis,crypto,2021-03-04T00:00:00.000Z,,"trades,book_snapshot_5",STX,USDT,USDT,STX-USDT,stx-usdt,False,,,,,0.0001,,1.0,STX/USDT,okx,,,,
OKX:SPOT_PAIR:CELO-USDT,OKX,SPOT_PAIR,CELO-USDT,exchange,okex,tardis,crypto,2020-09-29T00:00:00.000Z,,"trades,book_snapshot_5",CELO,USDT,USDT,CELO-USDT,celo-usdt,False,,,,,0.0001,,10.0,CELO/USDT,okx,,,,
OKX:SPOT_PAIR:CELR-USDT,OKX,SPOT_PAIR,CELR-USDT,exchange,okex,tardis,crypto,2021-03-29T00:00:00.000Z,,"trades,book_snapshot_5",CELR,USDT,USDT,CELR-USDT,celr-usdt,False,,,,,1e-06,,100.0,CELR/USDT,okx,,,,
OKX:SPOT_PAIR:NEAR-USDT,OKX,SPOT_PAIR,NEAR-USDT,exchange,okex,tardis,crypto,2020-12-03T00:00:00.000Z,,"trades,book_snapshot_5",NEAR,USDT,USDT,NEAR-USDT,near-usdt,False,,,,,0.001,,1.0,NEAR/USDT,okx,,,,
OKX:SPOT_PAIR:SKL-USDT,OKX,SPOT_PAIR,SKL-USDT,exchange,okex,tardis,crypto,2021-03-29T00:00:00.000Z,,"trades,book_snapshot_5",SKL,USDT,USDT,SKL-USDT,skl-usdt,False,,,,,1e-05,,100.0,SKL/USDT,okx,,,,
OKX:SPOT_PAIR:GHST-USDT,OKX,SPOT_PAIR,GHST-USDT,exchange,okex,tardis,crypto,2020-12-08T00:00:00.000Z,,"trades,book_snapshot_5",GHST,USDT,USDT,GHST-USDT,ghst-usdt,False,,,,,0.0001,,1.0,GHST/USDT,okx,,,,
OKX:SPOT_PAIR:GRT-USDT,OKX,SPOT_PAIR,GRT-USDT,exchange,okex,tardis,crypto,2020-12-20T00:00:00.000Z,,"trades,book_snapshot_5",GRT,USDT,USDT,GRT-USDT,grt-usdt,False,,,,,1e-05,,10.0,GRT/USDT,okx,,,,
OKX:SPOT_PAIR:BNT-USDT,OKX,SPOT_PAIR,BNT-USDT,exchange,okex,tardis,crypto,2020-12-22T00:00:00.000Z,,"trades,book_snapshot_5",BNT,USDT,USDT,BNT-USDT,bnt-usdt,False,,,,,0.0001,,10.0,BNT/USDT,okx,,,,
OKX:SPOT_PAIR:CHZ-USDT,OKX,SPOT_PAIR,CHZ-USDT,exchange,okex,tardis,crypto,2021-03-03T00:00:00.000Z,,"trades,book_snapshot_5",CHZ,USDT,USDT,CHZ-USDT,chz-usdt,False,,,,,1e-05,,10.0,CHZ/USDT,okx,,,,
OKX:SPOT_PAIR:1INCH-USDT,OKX,SPOT_PAIR,1INCH-USDT,exchange,okex,tardis,crypto,2020-12-25T00:00:00.000Z,,"trades,book_snapshot_5",1INCH,USDT,USDT,1INCH-USDT,1inch-usdt,False,,,,,0.0001,,10.0,1INCH/USDT,okx,,,,
OKX:SPOT_PAIR:SAND-USDT,OKX,SPOT_PAIR,SAND-USDT,exchange,okex,tardis,crypto,2021-03-18T00:00:00.000Z,,"trades,book_snapshot_5",SAND,USDT,USDT,SAND-USDT,sand-usdt,False,,,,,0.0001,,10.0,SAND/USDT,okx,,,,
OKX:SPOT_PAIR:RAY-USDT,OKX,SPOT_PAIR,RAY-USDT,exchange,okex,tardis,crypto,2021-12-17T00:00:00.000Z,,"trades,book_snapshot_5",RAY,USDT,USDT,RAY-USDT,ray-usdt,False,,,,,0.0001,,1.0,RAY/USDT,okx,,,,
OKX:SPOT_PAIR:ICP-USDT,OKX,SPOT_PAIR,ICP-USDT,exchange,okex,tardis,crypto,2021-05-10T00:00:00.000Z,,"trades,book_snapshot_5",ICP,USDT,USDT,ICP-USDT,icp-usdt,False,,,,,0.001,,0.1,ICP/USDT,okx,,,,
OKX:SPOT_PAIR:FLOW-USDT,OKX,SPOT_PAIR,FLOW-USDT,exchange,okex,tardis,crypto,2021-03-10T00:00:00.000Z,,"trades,book_snapshot_5",FLOW,USDT,USDT,FLOW-USDT,flow-usdt,False,,,,,0.0001,,1.0,FLOW/USDT,okx,,,,
OKX:SPOT_PAIR:GALA-USDT,OKX,SPOT_PAIR,GALA-USDT,exchange,okex,tardis,crypto,2021-09-22T00:00:00.000Z,,"trades,book_snapshot_5",GALA,USDT,USDT,GALA-USDT,gala-usdt,False,,,,,1e-06,,100.0,GALA/USDT,okx,,,,
OKX:SPOT_PAIR:CVX-USDT,OKX,SPOT_PAIR,CVX-USDT,exchange,okex,tardis,crypto,2021-11-26T00:00:00.000Z,,"trades,book_snapshot_5",CVX,USDT,USDT,CVX-USDT,cvx-usdt,False,,,,,0.001,,1.0,CVX/USDT,okx,,,,
OKX:SPOT_PAIR:AR-USDT,OKX,SPOT_PAIR,AR-USDT,exchange,okex,tardis,crypto,2021-12-24T00:00:00.000Z,,"trades,book_snapshot_5",AR,USDT,USDT,AR-USDT,ar-usdt,False,,,,,0.001,,0.1,AR/USDT,okx,,,,
OKX:SPOT_PAIR:ARG-USDT,OKX,SPOT_PAIR,ARG-USDT,exchange,okex,tardis,crypto,2022-09-23T00:00:00.000Z,,"trades,book_snapshot_5",ARG,USDT,USDT,ARG-USDT,arg-usdt,False,,,,,0.0001,,1.0,ARG/USDT,okx,,,,
OKX:SPOT_PAIR:ARB-USDT,OKX,SPOT_PAIR,ARB-USDT,exchange,okex,tardis,crypto,2023-03-23T00:00:00.000Z,,"trades,book_snapshot_5",ARB,USDT,USDT,ARB-USDT,arb-usdt,False,,,,,0.0001,,1.0,ARB/USDT,okx,,,,
OKX:SPOT_PAIR:MINA-USDT,OKX,SPOT_PAIR,MINA-USDT,exchange,okex,tardis,crypto,2021-06-01T00:00:00.000Z,,"trades,book_snapshot_5",MINA,USDT,USDT,MINA-USDT,mina-usdt,False,,,,,0.0001,,1.0,MINA/USDT,okx,,,,
OKX:SPOT_PAIR:YGG-USDT,OKX,SPOT_PAIR,YGG-USDT,exchange,okex,tardis,crypto,2021-07-28T00:00:00.000Z,,"trades,book_snapshot_5",YGG,USDT,USDT,YGG-USDT,ygg-usdt,False,,,,,0.0001,,10.0,YGG/USDT,okx,,,,
OKX:SPOT_PAIR:WAXP-USDT,OKX,SPOT_PAIR,WAXP-USDT,exchange,okex,tardis,crypto,2022-02-14T00:00:00.000Z,,"trades,book_snapshot_5",WAXP,USDT,USDT,WAXP-USDT,waxp-usdt,False,,,,,1e-05,,100.0,WAXP/USDT,okx,,,,
OKX:SPOT_PAIR:LPT-USDT,OKX,SPOT_PAIR,LPT-USDT,exchange,okex,tardis,crypto,2021-04-02T00:00:00.000Z,,"trades,book_snapshot_5",LPT,USDT,USDT,LPT-USDT,lpt-usdt,False,,,,,0.001,,0.1,LPT/USDT,okx,,,,
OKX:SPOT_PAIR:NFT-USDT,OKX,SPOT_PAIR,NFT-USDT,exchange,okex,tardis,crypto,2021-11-11T00:00:00.000Z,,"trades,book_snapshot_5",NFT,USDT,USDT,NFT-USDT,nft-usdt,False,,,,,1e-10,,10000000.0,NFT/USDT,okx,,,,
OKX:SPOT_PAIR:TON-USDT,OKX,SPOT_PAIR,TON-USDT,exchange,okex,tardis,crypto,2022-04-29T00:00:00.000Z,,"trades,book_snapshot_5",TON,USDT,USDT,TON-USDT,ton-usdt,False,,,,,0.001,,0.1,TON/USDT,okx,,,,
OKX:SPOT_PAIR:LDO-USDT,OKX,SPOT_PAIR,LDO-USDT,exchange,okex,tardis,crypto,2022-09-02T00:00:00.000Z,,"trades,book_snapshot_5",LDO,USDT,USDT,LDO-USDT,ldo-usdt,False,,,,,0.0001,,1.0,LDO/USDT,okx,,,,
OKX:SPOT_PAIR:CORE-USDT,OKX,SPOT_PAIR,CORE-USDT,exchange,okex,tardis,crypto,2023-02-08T00:00:00.000Z,,"trades,book_snapshot_5",CORE,USDT,USDT,CORE-USDT,core-usdt,False,,,,,0.0001,,1.0,CORE/USDT,okx,,,,
OKX:SPOT_PAIR:APE-USDT,OKX,SPOT_PAIR,APE-USDT,exchange,okex,tardis,crypto,2022-03-17T00:00:00.000Z,,"trades,book_snapshot_5",APE,USDT,USDT,APE-USDT,ape-usdt,False,,,,,0.0001,,1.0,APE/USDT,okx,,,,
OKX:SPOT_PAIR:STRK-USDT,OKX,SPOT_PAIR,STRK-USDT,exchange,okex,tardis,crypto,2021-05-12T00:00:00.000Z,,"trades,book_snapshot_5",STRK,USDT,USDT,STRK-USDT,strk-usdt,False,,,,,0.0001,,1.0,STRK/USDT,okx,,,,
OKX:SPOT_PAIR:ORDI-USDT,OKX,SPOT_PAIR,ORDI-USDT,exchange,okex,tardis,crypto,2023-05-20T00:00:00.000Z,,"trades,book_snapshot_5",ORDI,USDT,USDT,ORDI-USDT,ordi-usdt,False,,,,,0.001,,0.1,ORDI/USDT,okx,,,,
OKX:SPOT_PAIR:FLR-USDT,OKX,SPOT_PAIR,FLR-USDT,exchange,okex,tardis,crypto,2023-01-10T00:00:00.000Z,,"trades,book_snapshot_5",FLR,USDT,USDT,FLR-USDT,flr-usdt,False,,,,,1e-05,,100.0,FLR/USDT,okx,,,,
OKX:SPOT_PAIR:CFX-USDT,OKX,SPOT_PAIR,CFX-USDT,exchange,okex,tardis,crypto,2021-03-10T00:00:00.000Z,,"trades,book_snapshot_5",CFX,USDT,USDT,CFX-USDT,cfx-usdt,False,,,,,1e-05,,10.0,CFX/USDT,okx,,,,
OKX:SPOT_PAIR:DYDX-USDT,OKX,SPOT_PAIR,DYDX-USDT,exchange,okex,tardis,crypto,2021-09-08T00:00:00.000Z,,"trades,book_snapshot_5",DYDX,USDT,USDT,DYDX-USDT,dydx-usdt,False,,,,,0.0001,,1.0,DYDX/USDT,okx,,,,
OKX:SPOT_PAIR:WIN-USDT,OKX,SPOT_PAIR,WIN-USDT,exchange,okex,tardis,crypto,2021-12-02T00:00:00.000Z,,"trades,book_snapshot_5",WIN,USDT,USDT,WIN-USDT,win-usdt,False,,,,,,,,,,,,,
OKX:SPOT_PAIR:WOO-USDT,OKX,SPOT_PAIR,WOO-USDT,exchange,okex,tardis,crypto,2021-12-15T00:00:00.000Z,,"trades,book_snapshot_5",WOO,USDT,USDT,WOO-USDT,woo-usdt,False,,,,,1e-05,,10.0,WOO/USDT,okx,,,,
OKX:SPOT_PAIR:ENS-USDT,OKX,SPOT_PAIR,ENS-USDT,exchange,okex,tardis,crypto,2021-11-09T00:00:00.000Z,,"trades,book_snapshot_5",ENS,USDT,USDT,ENS-USDT,ens-usdt,False,,,,,0.001,,0.1,ENS/USDT,okx,,,,
OKX:SPOT_PAIR:RON-USDT,OKX,SPOT_PAIR,RON-USDT,exchange,okex,tardis,crypto,2022-01-27T00:00:00.000Z,,"trades,book_snapshot_5",RON,USDT,USDT,RON-USDT,ron-usdt,False,,,,,0.0001,,1.0,RON/USDT,okx,,,,
OKX:SPOT_PAIR:BLUR-USDT,OKX,SPOT_PAIR,BLUR-USDT,exchange,okex,tardis,crypto,2023-02-14T00:00:00.000Z,,"trades,book_snapshot_5",BLUR,USDT,USDT,BLUR-USDT,blur-usdt,False,,,,,1e-05,,10.0,BLUR/USDT,okx,,,,
OKX:SPOT_PAIR:ASTR-USDT,OKX,SPOT_PAIR,ASTR-USDT,exchange,okex,tardis,crypto,2022-01-17T00:00:00.000Z,,"trades,book_snapshot_5",ASTR,USDT,USDT,ASTR-USDT,astr-usdt,False,,,,,1e-05,,10.0,ASTR/USDT,okx,,,,
OKX:SPOT_PAIR:GMT-USDT,OKX,SPOT_PAIR,GMT-USDT,exchange,okex,tardis,crypto,2022-04-01T00:00:00.000Z,,"trades,book_snapshot_5",GMT,USDT,USDT,GMT-USDT,gmt-usdt,False,,,,,1e-05,,10.0,GMT/USDT,okx,,,,
OKX:SPOT_PAIR:MEME-USDT,OKX,SPOT_PAIR,MEME-USDT,exchange,okex,tardis,crypto,2021-03-10T00:00:00.000Z,,"trades,book_snapshot_5",MEME,USDT,USDT,MEME-USDT,meme-usdt,False,,,,,1e-06,,100.0,MEME/USDT,okx,,,,
OKX:SPOT_PAIR:PEOPLE-USDT,OKX,SPOT_PAIR,PEOPLE-USDT,exchange,okex,tardis,crypto,2021-11-26T00:00:00.000Z,,"trades,book_snapshot_5",PEOPLE,USDT,USDT,PEOPLE-USDT,people-usdt,False,,,,,1e-05,,100.0,PEOPLE/USDT,okx,,,,
OKX:SPOT_PAIR:ID-USDT,OKX,SPOT_PAIR,ID-USDT,exchange,okex,tardis,crypto,2023-04-20T00:00:00.000Z,,"trades,book_snapshot_5",ID,USDT,USDT,ID-USDT,id-usdt,False,,,,,1e-05,,10.0,ID/USDT,okx,,,,
OKX:SPOT_PAIR:MASK-USDT,OKX,SPOT_PAIR,MASK-USDT,exchange,okex,tardis,crypto,2021-03-04T00:00:00.000Z,,"trades,book_snapshot_5",MASK,USDT,USDT,MASK-USDT,mask-usdt,False,,,,,0.0001,,1.0,MASK/USDT,okx,,,,
OKX:SPOT_PAIR:GLM-USDT,OKX,SPOT_PAIR,GLM-USDT,exchange,okex,tardis,crypto,2021-03-10T00:00:00.000Z,,"trades,book_snapshot_5",GLM,USDT,USDT,GLM-USDT,glm-usdt,False,,,,,0.0001,,10.0,GLM/USDT,okx,,,,
OKX:SPOT_PAIR:METIS-USDT,OKX,SPOT_PAIR,METIS-USDT,exchange,okex,tardis,crypto,2022-02-10T00:00:00.000Z,,"trades,book_snapshot_5",METIS,USDT,USDT,METIS-USDT,metis-usdt,False,,,,,0.001,,0.1,METIS/USDT,okx,,,,
OKX:SPOT_PAIR:ELF-USDT,OKX,SPOT_PAIR,ELF-USDT,exchange,okex,tardis,crypto,2021-03-10T00:00:00.000Z,,"trades,book_snapshot_5",ELF,USDT,USDT,ELF-USDT,elf-usdt,False,,,,,0.0001,,10.0,ELF/USDT,okx,,,,
OKX:SPOT_PAIR:GAS-USDT,OKX,SPOT_PAIR,GAS-USDT,exchange,okex,tardis,crypto,2021-03-10T00:00:00.000Z,,"trades,book_snapshot_5",GAS,USDT,USDT,GAS-USDT,gas-usdt,False,,,,,0.001,,1.0,GAS/USDT,okx,,,,
OKX:SPOT_PAIR:GODS-USDT,OKX,SPOT_PAIR,GODS-USDT,exchange,okex,tardis,crypto,2021-10-29T00:00:00.000Z,,"trades,book_snapshot_5",GODS,USDT,USDT,GODS-USDT,gods-usdt,False,,,,,1e-05,,10.0,GODS/USDT,okx,,,,
OKX:SPOT_PAIR:GALFT-USDT,OKX,SPOT_PAIR,GALFT-USDT,exchange,okex,tardis,crypto,2022-06-23T00:00:00.000Z,,"trades,book_snapshot_5",GALFT,USDT,USDT,GALFT-USDT,galft-usdt,False,,,,,0.001,,1.0,GALFT/USDT,okx,,,,
OKX:SPOT_PAIR:GEAR-USDT,OKX,SPOT_PAIR,GEAR-USDT,exchange,okex,tardis,crypto,2022-12-23T00:00:00.000Z,,"trades,book_snapshot_5",GEAR,USDT,USDT,GEAR-USDT,gear-usdt,False,,,,,1e-06,,100.0,GEAR/USDT,okx,,,,
OKX:SPOT_PAIR:GMX-USDT,OKX,SPOT_PAIR,GMX-USDT,exchange,okex,tardis,crypto,2023-01-05T00:00:00.000Z,,"trades,book_snapshot_5",GMX,USDT,USDT,GMX-USDT,gmx-usdt,False,,,,,0.001,,0.1,GMX/USDT,okx,,,,
OKX:SPOT_PAIR:SSV-USDT,OKX,SPOT_PAIR,SSV-USDT,exchange,okex,tardis,crypto,2023-03-01T00:00:00.000Z,,"trades,book_snapshot_5",SSV,USDT,USDT,SSV-USDT,ssv-usdt,False,,,,,0.001,,0.1,SSV/USDT,okx,,,,
OKX:SPOT_PAIR:TRA-USDT,OKX,SPOT_PAIR,TRA-USDT,exchange,okex,tardis,crypto,2021-04-09T00:00:00.000Z,,"trades,book_snapshot_5",TRA,USDT,USDT,TRA-USDT,tra-usdt,False,,,,,0.0001,,1.0,TRA/USDT,okx,,,,
OKX:SPOT_PAIR:T-USDT,OKX,SPOT_PAIR,T-USDT,exchange,okex,tardis,crypto,2022-03-31T00:00:00.000Z,,"trades,book_snapshot_5",T,USDT,USDT,T-USDT,t-usdt,False,,,,,1e-05,,100.0,T/USDT,okx,,,,
OKX:SPOT_PAIR:TURBO-USDT,OKX,SPOT_PAIR,TURBO-USDT,exchange,okex,tardis,crypto,2023-05-22T00:00:00.000Z,,"trades,book_snapshot_5",TURBO,USDT,USDT,TURBO-USDT,turbo-usdt,False,,,,,1e-06,,1000.0,TURBO/USDT,okx,,,,
OKX:SPOT_PAIR:RPL-USDT,OKX,SPOT_PAIR,RPL-USDT,exchange,okex,tardis,crypto,2023-03-01T00:00:00.000Z,,"trades,book_snapshot_5",RPL,USDT,USDT,RPL-USDT,rpl-usdt,False,,,,,0.001,,0.1,RPL/USDT,okx,,,,
OKX:SPOT_PAIR:ACT-USDT,OKX,SPOT_PAIR,ACT-USDT,exchange,okex,tardis,crypto,2021-03-10T00:00:00.000Z,,"trades,book_snapshot_5",ACT,USDT,USDT,ACT-USDT,act-usdt,False,,,,,1e-05,,10.0,ACT/USDT,okx,,,,
OKX:SPOT_PAIR:SWFTC-USDT,OKX,SPOT_PAIR,SWFTC-USDT,exchange,okex,tardis,crypto,2021-03-10T00:00:00.000Z,,"trades,book_snapshot_5",SWFTC,USDT,USDT,SWFTC-USDT,swftc-usdt,False,,,,,1e-06,,100.0,SWFTC/USDT,okx,,,,
OKX:SPOT_PAIR:ORBS-USDT,OKX,SPOT_PAIR,ORBS-USDT,exchange,okex,tardis,crypto,2021-03-10T00:00:00.000Z,,"trades,book_snapshot_5",ORBS,USDT,USDT,ORBS-USDT,orbs-usdt,False,,,,,1e-05,,100.0,ORBS/USDT,okx,,,,
OKX:SPOT_PAIR:RIO-USDT,OKX,SPOT_PAIR,RIO-USDT,exchange,okex,tardis,crypto,2021-03-10T00:00:00.000Z,,"trades,book_snapshot_5",RIO,USDT,USDT,RIO-USDT,rio-usdt,False,,,,,0.0001,,1.0,RIO/USDT,okx,,,,
OKX:SPOT_PAIR:AERGO-USDT,OKX,SPOT_PAIR,AERGO-USDT,exchange,okex,tardis,crypto,2021-03-10T00:00:00.000Z,,"trades,book_snapshot_5",AERGO,USDT,USDT,AERGO-USDT,aergo-usdt,False,,,,,1e-05,,10.0,AERGO/USDT,okx,,,,
OKX:SPOT_PAIR:DEP-USDT,OKX,SPOT_PAIR,DEP-USDT,exchange,okex,tardis,crypto,2021-03-10T00:00:00.000Z,,"trades,book_snapshot_5",DEP,USDT,USDT,DEP-USDT,dep-usdt,False,,,,,1e-07,,100.0,DEP/USDT,okx,,,,
OKX:SPOT_PAIR:CTC-USDT,OKX,SPOT_PAIR,CTC-USDT,exchange,okex,tardis,crypto,2021-03-10T00:00:00.000Z,,"trades,book_snapshot_5",CTC,USDT,USDT,CTC-USDT,ctc-usdt,False,,,,,0.0001,,1.0,CTC/USDT,okx,,,,
OKX:SPOT_PAIR:API3-USDT,OKX,SPOT_PAIR,API3-USDT,exchange,okex,tardis,crypto,2021-03-10T00:00:00.000Z,,"trades,book_snapshot_5",API3,USDT,USDT,API3-USDT,api3-usdt,False,,,,,0.0001,,1.0,API3/USDT,okx,,,,
OKX:SPOT_PAIR:PHA-USDT,OKX,SPOT_PAIR,PHA-USDT,exchange,okex,tardis,crypto,2021-03-10T00:00:00.000Z,,"trades,book_snapshot_5",PHA,USDT,USDT,PHA-USDT,pha-usdt,False,,,,,1e-05,,10.0,PHA/USDT,okx,,,,
OKX:SPOT_PAIR:OM-USDT,OKX,SPOT_PAIR,OM-USDT,exchange,okex,tardis,crypto,2021-03-10T00:00:00.000Z,,"trades,book_snapshot_5",OM,USDT,USDT,OM-USDT,om-usdt,False,,,,,1e-05,,1.0,OM/USDT,okx,,,,
OKX:SPOT_PAIR:BETH-USDT,OKX,SPOT_PAIR,BETH-USDT,exchange,okex,tardis,crypto,2021-03-10T00:00:00.000Z,,"trades,book_snapshot_5",BETH,USDT,USDT,BETH-USDT,beth-usdt,False,,,,,0.1,,0.001,BETH/USDT,okx,,,,
OKX:SPOT_PAIR:VELO-USDT,OKX,SPOT_PAIR,VELO-USDT,exchange,okex,tardis,crypto,2021-03-10T00:00:00.000Z,,"trades,book_snapshot_5",VELO,USDT,USDT,VELO-USDT,velo-usdt,False,,,,,1e-06,,100.0,VELO/USDT,okx,,,,
OKX:SPOT_PAIR:PERP-USDT,OKX,SPOT_PAIR,PERP-USDT,exchange,okex,tardis,crypto,2021-03-10T00:00:00.000Z,,"trades,book_snapshot_5",PERP,USDT,USDT,PERP-USDT,perp-usdt,False,,,,,0.0001,,1.0,PERP/USDT,okx,,,,
OKX:SPOT_PAIR:DORA-USDT,OKX,SPOT_PAIR,DORA-USDT,exchange,okex,tardis,crypto,2021-03-23T00:00:00.000Z,,"trades,book_snapshot_5",DORA,USDT,USDT,DORA-USDT,dora-usdt,False,,,,,1e-05,,10.0,DORA/USDT,okx,,,,
OKX:SPOT_PAIR:AUCTION-USDT,OKX,SPOT_PAIR,AUCTION-USDT,exchange,okex,tardis,crypto,2021-04-07T00:00:00.000Z,,"trades,book_snapshot_5",AUCTION,USDT,USDT,AUCTION-USDT,auction-usdt,False,,,,,0.001,,0.1,AUCTION/USDT,okx,,,,
OKX:SPOT_PAIR:DAO-USDT,OKX,SPOT_PAIR,DAO-USDT,exchange,okex,tardis,crypto,2021-04-14T00:00:00.000Z,,"trades,book_snapshot_5",DAO,USDT,USDT,DAO-USDT,dao-usdt,False,,,,,1e-05,,10.0,DAO/USDT,okx,,,,
OKX:SPOT_PAIR:VRA-USDT,OKX,SPOT_PAIR,VRA-USDT,exchange,okex,tardis,crypto,2021-04-28T00:00:00.000Z,,"trades,book_snapshot_5",VRA,USDT,USDT,VRA-USDT,vra-usdt,False,,,,,1e-07,,100.0,VRA/USDT,okx,,,,
OKX:SPOT_PAIR:XCH-USDT,OKX,SPOT_PAIR,XCH-USDT,exchange,okex,tardis,crypto,2021-05-03T00:00:00.000Z,,"trades,book_snapshot_5",XCH,USDT,USDT,XCH-USDT,xch-usdt,False,,,,,0.001,,0.1,XCH/USDT,okx,,,,
OKX:SPOT_PAIR:CSPR-USDT,OKX,SPOT_PAIR,CSPR-USDT,exchange,okex,tardis,crypto,2021-05-11T00:00:00.000Z,,"trades,book_snapshot_5",CSPR,USDT,USDT,CSPR-USDT,cspr-usdt,False,,,,,1e-06,,100.0,CSPR/USDT,okx,,,,
OKX:SPOT_PAIR:LAT-USDT,OKX,SPOT_PAIR,LAT-USDT,exchange,okex,tardis,crypto,2021-05-12T00:00:00.000Z,,"trades,book_snapshot_5",LAT,USDT,USDT,LAT-USDT,lat-usdt,False,,,,,1e-06,,100.0,LAT/USDT,okx,,,,
OKX:SPOT_PAIR:CFG-USDT,OKX,SPOT_PAIR,CFG-USDT,exchange,okex,tardis,crypto,2021-07-15T00:00:00.000Z,,"trades,book_snapshot_5",CFG,USDT,USDT,CFG-USDT,cfg-usdt,False,,,,,0.0001,,10.0,CFG/USDT,okx,,,,
OKX:SPOT_PAIR:CLV-USDT,OKX,SPOT_PAIR,CLV-USDT,exchange,okex,tardis,crypto,2021-07-29T00:00:00.000Z,,"trades,book_snapshot_5",CLV,USDT,USDT,CLV-USDT,clv-usdt,False,,,,,1e-05,,100.0,CLV/USDT,okx,,,,
OKX:SPOT_PAIR:OMI-USDT,OKX,SPOT_PAIR,OMI-USDT,exchange,okex,tardis,crypto,2021-08-02T00:00:00.000Z,,"trades,book_snapshot_5",OMI,USDT,USDT,OMI-USDT,omi-usdt,False,,,,,1e-07,,1000.0,OMI/USDT,okx,,,,
OKX:SPOT_PAIR:SLP-USDT,OKX,SPOT_PAIR,SLP-USDT,exchange,okex,tardis,crypto,2021-08-20T00:00:00.000Z,,"trades,book_snapshot_5",SLP,USDT,USDT,SLP-USDT,slp-usdt,False,,,,,1e-06,,100.0,SLP/USDT,okx,,,,
OKX:SPOT_PAIR:AGLD-USDT,OKX,SPOT_PAIR,AGLD-USDT,exchange,okex,tardis,crypto,2021-09-03T00:00:00.000Z,,"trades,book_snapshot_5",AGLD,USDT,USDT,AGLD-USDT,agld-usdt,False,,,,,0.0001,,1.0,AGLD/USDT,okx,,,,
OKX:SPOT_PAIR:ILV-USDT,OKX,SPOT_PAIR,ILV-USDT,exchange,okex,tardis,crypto,2021-09-07T00:00:00.000Z,,"trades,book_snapshot_5",ILV,USDT,USDT,ILV-USDT,ilv-usdt,False,,,,,0.001,,0.01,ILV/USDT,okx,,,,
OKX:SPOT_PAIR:ELON-USDT,OKX,SPOT_PAIR,ELON-USDT,exchange,okex,tardis,crypto,2021-10-25T00:00:00.000Z,,"trades,book_snapshot_5",ELON,USDT,USDT,ELON-USDT,elon-usdt,False,,,,,1e-11,,5000000.0,ELON/USDT,okx,,,,
OKX:SPOT_PAIR:IMX-USDT,OKX,SPOT_PAIR,IMX-USDT,exchange,okex,tardis,crypto,2021-11-05T00:00:00.000Z,,"trades,book_snapshot_5",IMX,USDT,USDT,IMX-USDT,imx-usdt,False,,,,,0.0001,,1.0,IMX/USDT,okx,,,,
OKX:SPOT_PAIR:BICO-USDT,OKX,SPOT_PAIR,BICO-USDT,exchange,okex,tardis,crypto,2021-12-01T00:00:00.000Z,,"trades,book_snapshot_5",BICO,USDT,USDT,BICO-USDT,bico-usdt,False,,,,,1e-05,,10.0,BICO/USDT,okx,,,,
OKX:SPOT_PAIR:RACA-USDT,OKX,SPOT_PAIR,RACA-USDT,exchange,okex,tardis,crypto,2021-12-07T00:00:00.000Z,,"trades,book_snapshot_5",RACA,USDT,USDT,RACA-USDT,raca-usdt,False,,,,,1e-08,,1000.0,RACA/USDT,okx,,,,
OKX:SPOT_PAIR:ONE-USDT,OKX,SPOT_PAIR,ONE-USDT,exchange,okex,tardis,crypto,2022-01-06T00:00:00.000Z,,"trades,book_snapshot_5",ONE,USDT,USDT,ONE-USDT,one-usdt,False,,,,,1e-06,,100.0,ONE/USDT,okx,,,,
OKX:SPOT_PAIR:LOOKS-USDT,OKX,SPOT_PAIR,LOOKS-USDT,exchange,okex,tardis,crypto,2022-01-13T00:00:00.000Z,,"trades,book_snapshot_5",LOOKS,USDT,USDT,LOOKS-USDT,looks-usdt,False,,,,,1e-06,,100.0,LOOKS/USDT,okx,,,,
OKX:SPOT_PAIR:ACA-USDT,OKX,SPOT_PAIR,ACA-USDT,exchange,okex,tardis,crypto,2022-01-25T00:00:00.000Z,,"trades,book_snapshot_5",ACA,USDT,USDT,ACA-USDT,aca-usdt,False,,,,,1e-05,,10.0,ACA/USDT,okx,,,,
OKX:SPOT_PAIR:JOE-USDT,OKX,SPOT_PAIR,JOE-USDT,exchange,okex,tardis,crypto,2022-02-09T00:00:00.000Z,,"trades,book_snapshot_5",JOE,USDT,USDT,JOE-USDT,joe-usdt,False,,,,,0.0001,,10.0,JOE/USDT,okx,,,,
OKX:SPOT_PAIR:RSS3-USDT,OKX,SPOT_PAIR,RSS3-USDT,exchange,okex,tardis,crypto,2022-02-14T00:00:00.000Z,,"trades,book_snapshot_5",RSS3,USDT,USDT,RSS3-USDT,rss3-usdt,False,,,,,1e-05,,10.0,RSS3/USDT,okx,,,,
OKX:SPOT_PAIR:MAGIC-USDT,OKX,SPOT_PAIR,MAGIC-USDT,exchange,okex,tardis,crypto,2022-02-15T00:00:00.000Z,,"trades,book_snapshot_5",MAGIC,USDT,USDT,MAGIC-USDT,magic-usdt,False,,,,,1e-05,,1.0,MAGIC/USDT,okx,,,,
OKX:SPOT_PAIR:PSTAKE-USDT,OKX,SPOT_PAIR,PSTAKE-USDT,exchange,okex,tardis,crypto,2022-02-24T00:00:00.000Z,,"trades,book_snapshot_5",PSTAKE,USDT,USDT,PSTAKE-USDT,pstake-usdt,False,,,,,1e-05,,100.0,PSTAKE/USDT,okx,,,,
OKX:SPOT_PAIR:SD-USDT,OKX,SPOT_PAIR,SD-USDT,exchange,okex,tardis,crypto,2022-03-15T00:00:00.000Z,,"trades,book_snapshot_5",SD,USDT,USDT,SD-USDT,sd-usdt,False,,,,,0.0001,,1.0,SD/USDT,okx,,,,
OKX:SPOT_PAIR:OP-USDT,OKX,SPOT_PAIR,OP-USDT,exchange,okex,tardis,crypto,2022-05-31T00:00:00.000Z,,"trades,book_snapshot_5",OP,USDT,USDT,OP-USDT,op-usdt,False,,,,,0.0001,,1.0,OP/USDT,okx,,,,
OKX:SPOT_PAIR:SWEAT-USDT,OKX,SPOT_PAIR,SWEAT-USDT,exchange,okex,tardis,crypto,2022-09-13T00:00:00.000Z,,"trades,book_snapshot_5",SWEAT,USDT,USDT,SWEAT-USDT,sweat-usdt,False,,,,,1e-06,,100.0,SWEAT/USDT,okx,,,,
OKX:SPOT_PAIR:MENGO-USDT,OKX,SPOT_PAIR,MENGO-USDT,exchange,okex,tardis,crypto,2022-09-23T00:00:00.000Z,,"trades,book_snapshot_5",MENGO,USDT,USDT,MENGO-USDT,mengo-usdt,False,,,,,1e-05,,10.0,MENGO/USDT,okx,,,,
OKX:SPOT_PAIR:POR-USDT,OKX,SPOT_PAIR,POR-USDT,exchange,okex,tardis,crypto,2022-09-23T00:00:00.000Z,,"trades,book_snapshot_5",POR,USDT,USDT,POR-USDT,por-usdt,False,,,,,0.0001,,1.0,POR/USDT,okx,,,,
OKX:SPOT_PAIR:CITY-USDT,OKX,SPOT_PAIR,CITY-USDT,exchange,okex,tardis,crypto,2022-09-26T00:00:00.000Z,,"trades,book_snapshot_5",CITY,USDT,USDT,CITY-USDT,city-usdt,False,,,,,0.0001,,1.0,CITY/USDT,okx,,,,
OKX:SPOT_PAIR:APT-USDT,OKX,SPOT_PAIR,APT-USDT,exchange,okex,tardis,crypto,2022-10-19T00:00:00.000Z,,"trades,book_snapshot_5",APT,USDT,USDT,APT-USDT,apt-usdt,False,,,,,0.001,,0.1,APT/USDT,okx,,,,
OKX:SPOT_PAIR:FLOKI-USDT,OKX,SPOT_PAIR,FLOKI-USDT,exchange,okex,tardis,crypto,2022-12-16T00:00:00.000Z,,"trades,book_snapshot_5",FLOKI,USDT,USDT,FLOKI-USDT,floki-usdt,False,,,,,1e-08,,10000.0,FLOKI/USDT,okx,,,,
OKX:SPOT_PAIR:VELODROME-USDT,OKX,SPOT_PAIR,VELODROME-USDT,exchange,okex,tardis,crypto,2023-03-17T00:00:00.000Z,,"trades,book_snapshot_5",VELODROME,USDT,USDT,VELODROME-USDT,velodrome-usdt,False,,,,,1e-05,,10.0,VELODROME/USDT,okx,,,,
OKX:SPOT_PAIR:RDNT-USDT,OKX,SPOT_PAIR,RDNT-USDT,exchange,okex,tardis,crypto,2023-03-21T00:00:00.000Z,,"trades,book_snapshot_5",RDNT,USDT,USDT,RDNT-USDT,rdnt-usdt,False,,,,,1e-05,,10.0,RDNT/USDT,okx,,,,
OKX:SPOT_PAIR:ACH-USDT,OKX,SPOT_PAIR,ACH-USDT,exchange,okex,tardis,crypto,2023-04-21T00:00:00.000Z,,"trades,book_snapshot_5",ACH,USDT,USDT,ACH-USDT,ach-usdt,False,,,,,1e-05,,100.0,ACH/USDT,okx,,,,
OKX:SPOT_PAIR:LQTY-USDT,OKX,SPOT_PAIR,LQTY-USDT,exchange,okex,tardis,crypto,2023-04-21T00:00:00.000Z,,"trades,book_snapshot_5",LQTY,USDT,USDT,LQTY-USDT,lqty-usdt,False,,,,,0.0001,,1.0,LQTY/USDT,okx,,,,
OKX:SPOT_PAIR:PEPE-USDT,OKX,SPOT_PAIR,PEPE-USDT,exchange,okex,tardis,crypto,2023-05-01T00:00:00.000Z,,"trades,book_snapshot_5",PEPE,USDT,USDT,PEPE-USDT,pepe-usdt,False,,,,,1e-09,,100000.0,PEPE/USDT,okx,,,,
OKX:SPOT_PAIR:SUI-USDT,OKX,SPOT_PAIR,SUI-USDT,exchange,okex,tardis,crypto,2023-05-03T00:00:00.000Z,,"trades,book_snapshot_5",SUI,USDT,USDT,SUI-USDT,sui-usdt,False,,,,,0.0001,,1.0,SUI/USDT,okx,,,,
OKX:SPOT_PAIR:CETUS-USDT,OKX,SPOT_PAIR,CETUS-USDT,exchange,okex,tardis,crypto,2023-05-10T00:00:00.000Z,,"trades,book_snapshot_5",CETUS,USDT,USDT,CETUS-USDT,cetus-usdt,False,,,,,1e-05,,10.0,CETUS/USDT,okx,,,,
OKX:SPOT_PAIR:EOS-USDT,OKX,SPOT_PAIR,EOS-USDT,exchange,okex,tardis,crypto,2019-03-30T00:00:00.000Z,2025-05-27T00:00:00.000Z,"trades,book_snapshot_5",EOS,USDT,USDT,EOS-USDT,eos-usdt,False,,,,,,,,,,,,,
OKX:SPOT_PAIR:BSV-USDT,OKX,SPOT_PAIR,BSV-USDT,exchange,okex,tardis,crypto,2019-03-30T00:00:00.000Z,2025-07-08T00:00:00.000Z,"trades,book_snapshot_5",BSV,USDT,USDT,BSV-USDT,bsv-usdt,False,,,,,,,,,,,,,
OKX:SPOT_PAIR:XMR-USDT,OKX,SPOT_PAIR,XMR-USDT,exchange,okex,tardis,crypto,2019-03-30T00:00:00.000Z,2024-01-06T00:00:00.000Z,"trades,book_snapshot_5",XMR,USDT,USDT,XMR-USDT,xmr-usdt,False,,,,,,,,,,,,,
OKX:SPOT_PAIR:USTC-USDT,OKX,SPOT_PAIR,USTC-USDT,exchange,okex,tardis,crypto,2022-05-29T00:00:00.000Z,2025-09-30T00:00:00.000Z,"trades,book_snapshot_5",USTC,USDT,USDT,USTC-USDT,ustc-usdt,False,,,,,,,,,,,,,
OKX:SPOT_PAIR:DASH-USDT,OKX,SPOT_PAIR,DASH-USDT,exchange,okex,tardis,crypto,2019-03-30T00:00:00.000Z,2024-01-06T00:00:00.000Z,"trades,book_snapshot_5",DASH,USDT,USDT,DASH-USDT,dash-usdt,False,,,,,,,,,,,,,
OKX:SPOT_PAIR:ZEC-USDT,OKX,SPOT_PAIR,ZEC-USDT,exchange,okex,tardis,crypto,2019-03-30T00:00:00.000Z,2024-01-06T00:00:00.000Z,"trades,book_snapshot_5",ZEC,USDT,USDT,ZEC-USDT,zec-usdt,False,,,,,,,,,,,,,
OKX:SPOT_PAIR:MKR-USDT,OKX,SPOT_PAIR,MKR-USDT,exchange,okex,tardis,crypto,2019-03-30T00:00:00.000Z,2025-09-09T00:00:00.000Z,"trades,book_snapshot_5",MKR,USDT,USDT,MKR-USDT,mkr-usdt,False,,,,,,,,,,,,,
OKX:SPOT_PAIR:OMG-USDT,OKX,SPOT_PAIR,OMG-USDT,exchange,okex,tardis,crypto,2019-12-13T00:00:00.000Z,2024-07-24T00:00:00.000Z,"trades,book_snapshot_5",OMG,USDT,USDT,OMG-USDT,omg-usdt,False,,,,,,,,,,,,,
OKX:SPOT_PAIR:XEM-USDT,OKX,SPOT_PAIR,XEM-USDT,exchange,okex,tardis,crypto,2019-12-13T00:00:00.000Z,2024-07-17T00:00:00.000Z,"trades,book_snapshot_5",XEM,USDT,USDT,XEM-USDT,xem-usdt,False,,,,,,,,,,,,,
OKX:SPOT_PAIR:SRM-USDT,OKX,SPOT_PAIR,SRM-USDT,exchange,okex,tardis,crypto,2020-08-14T00:00:00.000Z,2023-10-17T00:00:00.000Z,"trades,book_snapshot_5",SRM,USDT,USDT,SRM-USDT,srm-usdt,False,,,,,,,,,,,,,
OKX:SPOT_PAIR:YFII-USDT,OKX,SPOT_PAIR,YFII-USDT,exchange,okex,tardis,crypto,2020-09-01T00:00:00.000Z,2024-03-01T00:00:00.000Z,"trades,book_snapshot_5",YFII,USDT,USDT,YFII-USDT,yfii-usdt,False,,,,,,,,,,,,,
OKX:SPOT_PAIR:DCR-USDT,OKX,SPOT_PAIR,DCR-USDT,exchange,okex,tardis,crypto,2019-03-30T00:00:00.000Z,2024-07-24T00:00:00.000Z,"trades,book_snapshot_5",DCR,USDT,USDT,DCR-USDT,dcr-usdt,False,,,,,,,,,,,,,
OKX:SPOT_PAIR:REP-USDT,OKX,SPOT_PAIR,REP-USDT,exchange,okex,tardis,crypto,2020-09-11T00:00:00.000Z,2024-08-10T00:00:00.000Z,"trades,book_snapshot_5",REP,USDT,USDT,REP-USDT,rep-usdt,False,,,,,,,,,,,,,
OKX:SPOT_PAIR:SC-USDT,OKX,SPOT_PAIR,SC-USDT,exchange,okex,tardis,crypto,2019-03-30T00:00:00.000Z,2025-09-30T00:00:00.000Z,"trades,book_snapshot_5",SC,USDT,USDT,SC-USDT,sc-usdt,False,,,,,,,,,,,,,
OKX:SPOT_PAIR:OXT-USDT,OKX,SPOT_PAIR,OXT-USDT,exchange,okex,tardis,crypto,2020-03-30T00:00:00.000Z,2025-07-08T00:00:00.000Z,"trades,book_snapshot_5",OXT,USDT,USDT,OXT-USDT,oxt-usdt,False,,,,,,,,,,,,,
OKX:SPOT_PAIR:REN-USDT,OKX,SPOT_PAIR,REN-USDT,exchange,okex,tardis,crypto,2020-08-28T00:00:00.000Z,2024-10-09T00:00:00.000Z,"trades,book_snapshot_5",REN,USDT,USDT,REN-USDT,ren-usdt,False,,,,,,,,,,,,,
OKX:SPOT_PAIR:WAVES-USDT,OKX,SPOT_PAIR,WAVES-USDT,exchange,okex,tardis,crypto,2019-12-13T00:00:00.000Z,2024-02-09T00:00:00.000Z,"trades,book_snapshot_5",WAVES,USDT,USDT,WAVES-USDT,waves-usdt,False,,,,,,,,,,,,,
OKX:SPOT_PAIR:MATIC-USDT,OKX,SPOT_PAIR,MATIC-USDT,exchange,okex,tardis,crypto,2021-03-29T00:00:00.000Z,2024-09-08T00:00:00.000Z,"trades,book_snapshot_5",MATIC,USDT,USDT,MATIC-USDT,matic-usdt,False,,,,,,,,,,,,,
OKX:SPOT_PAIR:BTT-USDT,OKX,SPOT_PAIR,BTT-USDT,exchange,okex,tardis,crypto,2019-12-13T00:00:00.000Z,2025-09-09T00:00:00.000Z,"trades,book_snapshot_5",BTT,USDT,USDT,BTT-USDT,btt-usdt,False,,,,,,,,,,,,,
OKX:SPOT_PAIR:WBTC-USDT,OKX,SPOT_PAIR,WBTC-USDT,exchange,okex,tardis,crypto,2020-09-13T00:00:00.000Z,2025-09-09T00:00:00.000Z,"trades,book_snapshot_5",WBTC,USDT,USDT,WBTC-USDT,wbtc-usdt,False,,,,,,,,,,,,,
OKX:SPOT_PAIR:MCO-USDT,OKX,SPOT_PAIR,MCO-USDT,exchange,okex,tardis,crypto,2019-12-13T00:00:00.000Z,2023-08-11T00:00:00.000Z,"trades,book_snapshot_5",MCO,USDT,USDT,MCO-USDT,mco-usdt,False,,,,,,,,,,,,,
OKX:SPOT_PAIR:DIA-USDT,OKX,SPOT_PAIR,DIA-USDT,exchange,okex,tardis,crypto,2020-09-02T00:00:00.000Z,2025-07-08T00:00:00.000Z,"trades,book_snapshot_5",DIA,USDT,USDT,DIA-USDT,dia-usdt,False,,,,,,,,,,,,,
OKX:SPOT_PAIR:FTM-USDT,OKX,SPOT_PAIR,FTM-USDT,exchange,okex,tardis,crypto,2020-09-23T00:00:00.000Z,2025-01-14T00:00:00.000Z,"trades,book_snapshot_5",FTM,USDT,USDT,FTM-USDT,ftm-usdt,False,,,,,,,,,,,,,
OKX:SPOT_PAIR:MLN-USDT,OKX,SPOT_PAIR,MLN-USDT,exchange,okex,tardis,crypto,2020-09-11T00:00:00.000Z,2025-10-24T00:00:00.000Z,"trades,book_snapshot_5",MLN,USDT,USDT,MLN-USDT,mln-usdt,False,,,,,,,,,,,,,
OKX:SPOT_PAIR:ALPHA-USDT,OKX,SPOT_PAIR,ALPHA-USDT,exchange,okex,tardis,crypto,2021-03-04T00:00:00.000Z,2025-10-24T00:00:00.000Z,"trades,book_snapshot_5",ALPHA,USDT,USDT,ALPHA-USDT,alpha-usdt,False,,,,,,,,,,,,,
OKX:SPOT_PAIR:ZEN-USDT,OKX,SPOT_PAIR,ZEN-USDT,exchange,okex,tardis,crypto,2019-12-13T00:00:00.000Z,2024-01-06T00:00:00.000Z,"trades,book_snapshot_5",ZEN,USDT,USDT,ZEN-USDT,zen-usdt,False,,,,,,,,,,,,,
OKX:SPOT_PAIR:VSYS-USDT,OKX,SPOT_PAIR,VSYS-USDT,exchange,okex,tardis,crypto,2019-12-13T00:00:00.000Z,2024-04-13T00:00:00.000Z,"trades,book_snapshot_5",VSYS,USDT,USDT,VSYS-USDT,vsys-usdt,False,,,,,,,,,,,,,
OKX:SPOT_PAIR:HNT-USDT,OKX,SPOT_PAIR,HNT-USDT,exchange,okex,tardis,crypto,2022-11-14T00:00:00.000Z,2023-11-11T00:00:00.000Z,"trades,book_snapshot_5",HNT,USDT,USDT,HNT-USDT,hnt-usdt,False,,,,,,,,,,,,,
OKX:SPOT_PAIR:CEL-USDT,OKX,SPOT_PAIR,CEL-USDT,exchange,okex,tardis,crypto,2021-04-13T00:00:00.000Z,2024-07-24T00:00:00.000Z,"trades,book_snapshot_5",CEL,USDT,USDT,CEL-USDT,cel-usdt,False,,,,,,,,,,,,,
OKX:SPOT_PAIR:CVP-USDT,OKX,SPOT_PAIR,CVP-USDT,exchange,okex,tardis,crypto,2020-11-27T00:00:00.000Z,2024-01-13T00:00:00.000Z,"trades,book_snapshot_5",CVP,USDT,USDT,CVP-USDT,cvp-usdt,False,,,,,,,,,,,,,
OKX:SPOT_PAIR:EURT-USDT,OKX,SPOT_PAIR,EURT-USDT,exchange,okex,tardis,crypto,2022-07-19T00:00:00.000Z,2024-08-10T00:00:00.000Z,"trades,book_snapshot_5",EURT,USDT,USDT,EURT-USDT,eurt-usdt,False,,,,,,,,,,,,,
OKX:SPOT_PAIR:UTK-USDT,OKX,SPOT_PAIR,UTK-USDT,exchange,okex,tardis,crypto,2020-11-27T00:00:00.000Z,2024-10-25T00:00:00.000Z,"trades,book_snapshot_5",UTK,USDT,USDT,UTK-USDT,utk-usdt,False,,,,,,,,,,,,,
OKX:SPOT_PAIR:FORTH-USDT,OKX,SPOT_PAIR,FORTH-USDT,exchange,okex,tardis,crypto,2021-04-22T00:00:00.000Z,2025-09-30T00:00:00.000Z,"trades,book_snapshot_5",FORTH,USDT,USDT,FORTH-USDT,forth-usdt,False,,,,,,,,,,,,,
OKX:SPOT_PAIR:FRONT-USDT,OKX,SPOT_PAIR,FRONT-USDT,exchange,okex,tardis,crypto,2020-11-27T00:00:00.000Z,2024-09-14T00:00:00.000Z,"trades,book_snapshot_5",FRONT,USDT,USDT,FRONT-USDT,front-usdt,False,,,,,,,,,,,,,
OKX:SPOT_PAIR:TRUE-USDT,OKX,SPOT_PAIR,TRUE-USDT,exchange,okex,tardis,crypto,2021-03-10T00:00:00.000Z,2023-08-11T00:00:00.000Z,"trades,book_snapshot_5",TRUE,USDT,USDT,TRUE-USDT,true-usdt,False,,,,,,,,,,,,,
OKX:SPOT_PAIR:JST-USDT,OKX,SPOT_PAIR,JST-USDT,exchange,okex,tardis,crypto,2020-10-26T00:00:00.000Z,2025-09-09T00:00:00.000Z,"trades,book_snapshot_5",JST,USDT,USDT,JST-USDT,jst-usdt,False,,,,,,,,,,,,,
OKX:SPOT_PAIR:SUN-USDT,OKX,SPOT_PAIR,SUN-USDT,exchange,okex,tardis,crypto,2020-10-26T00:00:00.000Z,2024-07-19T00:00:00.000Z,"trades,book_snapshot_5",SUN,USDT,USDT,SUN-USDT,sun-usdt,False,,,,,,,,,,,,,
OKX:SPOT_PAIR:LITH-USDT,OKX,SPOT_PAIR,LITH-USDT,exchange,okex,tardis,crypto,2021-09-27T00:00:00.000Z,2024-09-14T00:00:00.000Z,"trades,book_snapshot_5",LITH,USDT,USDT,LITH-USDT,lith-usdt,False,,,,,,,,,,,,,
OKX:SPOT_PAIR:ANT-USDT,OKX,SPOT_PAIR,ANT-USDT,exchange,okex,tardis,crypto,2020-10-26T00:00:00.000Z,2024-07-17T00:00:00.000Z,"trades,book_snapshot_5",ANT,USDT,USDT,ANT-USDT,ant-usdt,False,,,,,,,,,,,,,
OKX:SPOT_PAIR:BTM-USDT,OKX,SPOT_PAIR,BTM-USDT,exchange,okex,tardis,crypto,2020-10-26T00:00:00.000Z,2023-11-11T00:00:00.000Z,"trades,book_snapshot_5",BTM,USDT,USDT,BTM-USDT,btm-usdt,False,,,,,,,,,,,,,
OKX:SPOT_PAIR:BADGER-USDT,OKX,SPOT_PAIR,BADGER-USDT,exchange,okex,tardis,crypto,2021-01-29T00:00:00.000Z,2025-10-24T00:00:00.000Z,"trades,book_snapshot_5",BADGER,USDT,USDT,BADGER-USDT,badger-usdt,False,,,,,,,,,,,,,
OKX:SPOT_PAIR:LON-USDT,OKX,SPOT_PAIR,LON-USDT,exchange,okex,tardis,crypto,2021-01-22T00:00:00.000Z,2024-11-29T00:00:00.000Z,"trades,book_snapshot_5",LON,USDT,USDT,LON-USDT,lon-usdt,False,,,,,,,,,,,,,
OKX:SPOT_PAIR:SWRV-USDT,OKX,SPOT_PAIR,SWRV-USDT,exchange,okex,tardis,crypto,2020-10-26T00:00:00.000Z,2023-05-23T00:00:00.000Z,"trades,book_snapshot_5",SWRV,USDT,USDT,SWRV-USDT,swrv-usdt,False,,,,,,,,,,,,,
OKX:SPOT_PAIR:KLAY-USDT,OKX,SPOT_PAIR,KLAY-USDT,exchange,okex,tardis,crypto,2021-03-10T00:00:00.000Z,2024-10-29T00:00:00.000Z,"trades,book_snapshot_5",KLAY,USDT,USDT,KLAY-USDT,klay-usdt,False,,,,,,,,,,,,,
OKX:SPOT_PAIR:XEC-USDT,OKX,SPOT_PAIR,XEC-USDT,exchange,okex,tardis,crypto,2021-07-19T00:00:00.000Z,2024-06-07T00:00:00.000Z,"trades,book_snapshot_5",XEC,USDT,USDT,XEC-USDT,xec-usdt,False,,,,,,,,,,,,,
OKX:SPOT_PAIR:KDA-USDT,OKX,SPOT_PAIR,KDA-USDT,exchange,okex,tardis,crypto,2022-01-05T00:00:00.000Z,2025-10-30T00:00:00.000Z,"trades,book_snapshot_5",KDA,USDT,USDT,KDA-USDT,kda-usdt,False,,,,,,,,,,,,,
OKX:SPOT_PAIR:BORA-USDT,OKX,SPOT_PAIR,BORA-USDT,exchange,okex,tardis,crypto,2022-03-30T00:00:00.000Z,2025-06-21T00:00:00.000Z,"trades,book_snapshot_5",BORA,USDT,USDT,BORA-USDT,bora-usdt,False,,,,,,,,,,,,,
OKX:SPOT_PAIR:SPELL-USDT,OKX,SPOT_PAIR,SPELL-USDT,exchange,okex,tardis,crypto,2021-10-15T00:00:00.000Z,2024-07-24T00:00:00.000Z,"trades,book_snapshot_5",SPELL,USDT,USDT,SPELL-USDT,spell-usdt,False,,,,,,,,,,,,,
OKX:SPOT_PAIR:WXT-USDT,OKX,SPOT_PAIR,WXT-USDT,exchange,okex,tardis,crypto,2021-03-10T00:00:00.000Z,2024-10-25T00:00:00.000Z,"trades,book_snapshot_5",WXT,USDT,USDT,WXT-USDT,wxt-usdt,False,,,,,,,,,,,,,
OKX:SPOT_PAIR:WIFI-USDT,OKX,SPOT_PAIR,WIFI-USDT,exchange,okex,tardis,crypto,2023-04-07T00:00:00.000Z,2024-10-25T00:00:00.000Z,"trades,book_snapshot_5",WIFI,USDT,USDT,WIFI-USDT,wifi-usdt,False,,,,,,,,,,,,,
OKX:SPOT_PAIR:WNCG-USDT,OKX,SPOT_PAIR,WNCG-USDT,exchange,okex,tardis,crypto,2021-08-17T00:00:00.000Z,2024-08-31T00:00:00.000Z,"trades,book_snapshot_5",WNCG,USDT,USDT,WNCG-USDT,wncg-usdt,False,,,,,,,,,,,,,
OKX:SPOT_PAIR:WGRT-USDT,OKX,SPOT_PAIR,WGRT-USDT,exchange,okex,tardis,crypto,2021-03-10T00:00:00.000Z,2024-02-03T00:00:00.000Z,"trades,book_snapshot_5",WGRT,USDT,USDT,WGRT-USDT,wgrt-usdt,False,,,,,,,,,,,,,
OKX:SPOT_PAIR:WSB-USDT,OKX,SPOT_PAIR,WSB-USDT,exchange,okex,tardis,crypto,2021-12-17T00:00:00.000Z,2024-02-03T00:00:00.000Z,"trades,book_snapshot_5",WSB,USDT,USDT,WSB-USDT,wsb-usdt,False,,,,,,,,,,,,,
OKX:SPOT_PAIR:WING-USDT,OKX,SPOT_PAIR,WING-USDT,exchange,okex,tardis,crypto,2021-03-10T00:00:00.000Z,2023-08-11T00:00:00.000Z,"trades,book_snapshot_5",WING,USDT,USDT,WING-USDT,wing-usdt,False,,,,,,,,,,,,,
OKX:SPOT_PAIR:LUNC-USDT,OKX,SPOT_PAIR,LUNC-USDT,exchange,okex,tardis,crypto,2022-05-29T00:00:00.000Z,2025-09-30T00:00:00.000Z,"trades,book_snapshot_5",LUNC,USDT,USDT,LUNC-USDT,lunc-usdt,False,,,,,,,,,,,,,
OKX:SPOT_PAIR:ZKS-USDT,OKX,SPOT_PAIR,ZKS-USDT,exchange,okex,tardis,crypto,2021-04-02T00:00:00.000Z,2024-01-13T00:00:00.000Z,"trades,book_snapshot_5",ZKS,USDT,USDT,ZKS-USDT,zks-usdt,False,,,,,,,,,,,,,
OKX:SPOT_PAIR:GLMR-USDT,OKX,SPOT_PAIR,GLMR-USDT,exchange,okex,tardis,crypto,2022-01-11T00:00:00.000Z,2025-09-09T00:00:00.000Z,"trades,book_snapshot_5",GLMR,USDT,USDT,GLMR-USDT,glmr-usdt,False,,,,,,,,,,,,,
OKX:SPOT_PAIR:MXC-USDT,OKX,SPOT_PAIR,MXC-USDT,exchange,okex,tardis,crypto,2021-03-10T00:00:00.000Z,2025-04-30T00:00:00.000Z,"trades,book_snapshot_5",MXC,USDT,USDT,MXC-USDT,mxc-usdt,False,,,,,,,,,,,,,
OKX:SPOT_PAIR:MXT-USDT,OKX,SPOT_PAIR,MXT-USDT,exchange,okex,tardis,crypto,2021-03-10T00:00:00.000Z,2023-10-28T00:00:00.000Z,"trades,book_snapshot_5",MXT,USDT,USDT,MXT-USDT,mxt-usdt,False,,,,,,,,,,,,,
OKX:SPOT_PAIR:GOG-USDT,OKX,SPOT_PAIR,GOG-USDT,exchange,okex,tardis,crypto,2021-12-23T00:00:00.000Z,2025-07-08T00:00:00.000Z,"trades,book_snapshot_5",GOG,USDT,USDT,GOG-USDT,gog-usdt,False,,,,,,,,,,,,,
OKX:SPOT_PAIR:GOAL-USDT,OKX,SPOT_PAIR,GOAL-USDT,exchange,okex,tardis,crypto,2023-02-27T00:00:00.000Z,2025-03-21T00:00:00.000Z,"trades,book_snapshot_5",GOAL,USDT,USDT,GOAL-USDT,goal-usdt,False,,,,,,,,,,,,,
OKX:SPOT_PAIR:GFT-USDT,OKX,SPOT_PAIR,GFT-USDT,exchange,okex,tardis,crypto,2023-02-08T00:00:00.000Z,2024-12-04T00:00:00.000Z,"trades,book_snapshot_5",GFT,USDT,USDT,GFT-USDT,gft-usdt,False,,,,,,,,,,,,,
OKX:SPOT_PAIR:GARI-USDT,OKX,SPOT_PAIR,GARI-USDT,exchange,okex,tardis,crypto,2022-01-18T00:00:00.000Z,2024-08-31T00:00:00.000Z,"trades,book_snapshot_5",GARI,USDT,USDT,GARI-USDT,gari-usdt,False,,,,,,,,,,,,,
OKX:SPOT_PAIR:GAL-USDT,OKX,SPOT_PAIR,GAL-USDT,exchange,okex,tardis,crypto,2021-04-09T00:00:00.000Z,2024-07-20T00:00:00.000Z,"trades,book_snapshot_5",GAL,USDT,USDT,GAL-USDT,gal-usdt,False,,,,,,,,,,,,,
OKX:SPOT_PAIR:GF-USDT,OKX,SPOT_PAIR,GF-USDT,exchange,okex,tardis,crypto,2021-12-08T00:00:00.000Z,2024-04-27T00:00:00.000Z,"trades,book_snapshot_5",GF,USDT,USDT,GF-USDT,gf-usdt,False,,,,,,,,,,,,,
OKX:SPOT_PAIR:GM-USDT,OKX,SPOT_PAIR,GM-USDT,exchange,okex,tardis,crypto,2021-11-12T00:00:00.000Z,2023-10-17T00:00:00.000Z,"trades,book_snapshot_5",GM,USDT,USDT,GM-USDT,gm-usdt,False,,,,,,,,,,,,,
OKX:SPOT_PAIR:TAKI-USDT,OKX,SPOT_PAIR,TAKI-USDT,exchange,okex,tardis,crypto,2022-04-28T00:00:00.000Z,2024-10-09T00:00:00.000Z,"trades,book_snapshot_5",TAKI,USDT,USDT,TAKI-USDT,taki-usdt,False,,,,,,,,,,,,,
OKX:SPOT_PAIR:TAMA-USDT,OKX,SPOT_PAIR,TAMA-USDT,exchange,okex,tardis,crypto,2022-09-27T00:00:00.000Z,2024-08-31T00:00:00.000Z,"trades,book_snapshot_5",TAMA,USDT,USDT,TAMA-USDT,tama-usdt,False,,,,,,,,,,,,,
OKX:SPOT_PAIR:TUP-USDT,OKX,SPOT_PAIR,TUP-USDT,exchange,okex,tardis,crypto,2021-09-30T00:00:00.000Z,2024-08-24T00:00:00.000Z,"trades,book_snapshot_5",TUP,USDT,USDT,TUP-USDT,tup-usdt,False,,,,,,,,,,,,,
OKX:SPOT_PAIR:THG-USDT,OKX,SPOT_PAIR,THG-USDT,exchange,okex,tardis,crypto,2021-12-23T00:00:00.000Z,2024-08-24T00:00:00.000Z,"trades,book_snapshot_5",THG,USDT,USDT,THG-USDT,thg-usdt,False,,,,,,,,,,,,,
OKX:SPOT_PAIR:TOWN-USDT,OKX,SPOT_PAIR,TOWN-USDT,exchange,okex,tardis,crypto,2021-11-18T00:00:00.000Z,2023-08-15T00:00:00.000Z,"trades,book_snapshot_5",TOWN,USDT,USDT,TOWN-USDT,town-usdt,False,,,,,,,,,,,,,
OKX:SPOT_PAIR:TAI-USDT,OKX,SPOT_PAIR,TAI-USDT,exchange,okex,tardis,crypto,2021-03-10T00:00:00.000Z,2023-08-11T00:00:00.000Z,"trades,book_snapshot_5",TAI,USDT,USDT,TAI-USDT,tai-usdt,False,,,,,,,,,,,,,
OKX:SPOT_PAIR:TCT-USDT,OKX,SPOT_PAIR,TCT-USDT,exchange,okex,tardis,crypto,2021-03-10T00:00:00.000Z,2023-06-21T00:00:00.000Z,"trades,book_snapshot_5",TCT,USDT,USDT,TCT-USDT,tct-usdt,False,,,,,,,,,,,,,
OKX:SPOT_PAIR:OAS-USDT,OKX,SPOT_PAIR,OAS-USDT,exchange,okex,tardis,crypto,2022-12-12T00:00:00.000Z,2025-10-24T00:00:00.000Z,"trades,book_snapshot_5",OAS,USDT,USDT,OAS-USDT,oas-usdt,False,,,,,,,,,,,,,
OKX:SPOT_PAIR:AIDOGE-USDT,OKX,SPOT_PAIR,AIDOGE-USDT,exchange,okex,tardis,crypto,2023-04-25T00:00:00.000Z,2025-10-24T00:00:00.000Z,"trades,book_snapshot_5",AIDOGE,USDT,USDT,AIDOGE-USDT,aidoge-usdt,False,,,,,,,,,,,,,
OKX:SPOT_PAIR:POLYDOGE-USDT,OKX,SPOT_PAIR,POLYDOGE-USDT,exchange,okex,tardis,crypto,2021-11-08T00:00:00.000Z,2025-09-30T00:00:00.000Z,"trades,book_snapshot_5",POLYDOGE,USDT,USDT,POLYDOGE-USDT,polydoge-usdt,False,,,,,,,,,,,,,
OKX:SPOT_PAIR:ERN-USDT,OKX,SPOT_PAIR,ERN-USDT,exchange,okex,tardis,crypto,2021-08-23T00:00:00.000Z,2025-09-09T00:00:00.000Z,"trades,book_snapshot_5",ERN,USDT,USDT,ERN-USDT,ern-usdt,False,,,,,,,,,,,,,
OKX:SPOT_PAIR:MOVR-USDT,OKX,SPOT_PAIR,MOVR-USDT,exchange,okex,tardis,crypto,2021-12-08T00:00:00.000Z,2025-09-09T00:00:00.000Z,"trades,book_snapshot_5",MOVR,USDT,USDT,MOVR-USDT,movr-usdt,False,,,,,,,,,,,,,
OKX:SPOT_PAIR:OKT-USDT,OKX,SPOT_PAIR,OKT-USDT,exchange,okex,tardis,crypto,2021-03-10T00:00:00.000Z,2025-08-14T00:00:00.000Z,"trades,book_snapshot_5",OKT,USDT,USDT,OKT-USDT,okt-usdt,False,,,,,,,,,,,,,
OKX:SPOT_PAIR:BONE-USDT,OKX,SPOT_PAIR,BONE-USDT,exchange,okex,tardis,crypto,2023-04-25T00:00:00.000Z,2025-07-08T00:00:00.000Z,"trades,book_snapshot_5",BONE,USDT,USDT,BONE-USDT,bone-usdt,False,,,,,,,,,,,,,
OKX:SPOT_PAIR:NULS-USDT,OKX,SPOT_PAIR,NULS-USDT,exchange,okex,tardis,crypto,2021-03-10T00:00:00.000Z,2025-06-21T00:00:00.000Z,"trades,book_snapshot_5",NULS,USDT,USDT,NULS-USDT,nuls-usdt,False,,,,,,,,,,,,,
OKX:SPOT_PAIR:CTXC-USDT,OKX,SPOT_PAIR,CTXC-USDT,exchange,okex,tardis,crypto,2021-03-10T00:00:00.000Z,2025-06-21T00:00:00.000Z,"trades,book_snapshot_5",CTXC,USDT,USDT,CTXC-USDT,ctxc-usdt,False,,,,,,,,,,,,,
OKX:SPOT_PAIR:MDT-USDT,OKX,SPOT_PAIR,MDT-USDT,exchange,okex,tardis,crypto,2021-03-10T00:00:00.000Z,2025-06-21T00:00:00.000Z,"trades,book_snapshot_5",MDT,USDT,USDT,MDT-USDT,mdt-usdt,False,,,,,,,,,,,,,
OKX:SPOT_PAIR:ALCX-USDT,OKX,SPOT_PAIR,ALCX-USDT,exchange,okex,tardis,crypto,2021-11-26T00:00:00.000Z,2025-06-21T00:00:00.000Z,"trades,book_snapshot_5",ALCX,USDT,USDT,ALCX-USDT,alcx-usdt,False,,,,,,,,,,,,,
OKX:SPOT_PAIR:XNO-USDT,OKX,SPOT_PAIR,XNO-USDT,exchange,okex,tardis,crypto,2022-06-09T00:00:00.000Z,2025-06-21T00:00:00.000Z,"trades,book_snapshot_5",XNO,USDT,USDT,XNO-USDT,xno-usdt,False,,,,,,,,,,,,,
OKX:SPOT_PAIR:RADAR-USDT,OKX,SPOT_PAIR,RADAR-USDT,exchange,okex,tardis,crypto,2023-02-22T00:00:00.000Z,2025-06-21T00:00:00.000Z,"trades,book_snapshot_5",RADAR,USDT,USDT,RADAR-USDT,radar-usdt,False,,,,,,,,,,,,,
OKX:SPOT_PAIR:IQ-USDT,OKX,SPOT_PAIR,IQ-USDT,exchange,okex,tardis,crypto,2021-03-10T00:00:00.000Z,2025-06-05T00:00:00.000Z,"trades,book_snapshot_5",IQ,USDT,USDT,IQ-USDT,iq-usdt,False,,,,,,,,,,,,,
OKX:SPOT_PAIR:PRQ-USDT,OKX,SPOT_PAIR,PRQ-USDT,exchange,okex,tardis,crypto,2021-03-10T00:00:00.000Z,2025-06-05T00:00:00.000Z,"trades,book_snapshot_5",PRQ,USDT,USDT,PRQ-USDT,prq-usdt,False,,,,,,,,,,,,,
OKX:SPOT_PAIR:SAMO-USDT,OKX,SPOT_PAIR,SAMO-USDT,exchange,okex,tardis,crypto,2021-11-05T00:00:00.000Z,2025-06-05T00:00:00.000Z,"trades,book_snapshot_5",SAMO,USDT,USDT,SAMO-USDT,samo-usdt,False,,,,,,,,,,,,,
OKX:SPOT_PAIR:KISHU-USDT,OKX,SPOT_PAIR,KISHU-USDT,exchange,okex,tardis,crypto,2021-05-14T00:00:00.000Z,2025-04-30T00:00:00.000Z,"trades,book_snapshot_5",KISHU,USDT,USDT,KISHU-USDT,kishu-usdt,False,,,,,,,,,,,,,
OKX:SPOT_PAIR:MILO-USDT,OKX,SPOT_PAIR,MILO-USDT,exchange,okex,tardis,crypto,2022-03-29T00:00:00.000Z,2025-04-30T00:00:00.000Z,"trades,book_snapshot_5",MILO,USDT,USDT,MILO-USDT,milo-usdt,False,,,,,,,,,,,,,
OKX:SPOT_PAIR:LAMB-USDT,OKX,SPOT_PAIR,LAMB-USDT,exchange,okex,tardis,crypto,2021-03-10T00:00:00.000Z,2025-03-21T00:00:00.000Z,"trades,book_snapshot_5",LAMB,USDT,USDT,LAMB-USDT,lamb-usdt,False,,,,,,,,,,,,,
OKX:SPOT_PAIR:KP3R-USDT,OKX,SPOT_PAIR,KP3R-USDT,exchange,okex,tardis,crypto,2021-03-10T00:00:00.000Z,2025-03-21T00:00:00.000Z,"trades,book_snapshot_5",KP3R,USDT,USDT,KP3R-USDT,kp3r-usdt,False,,,,,,,,,,,,,
OKX:SPOT_PAIR:BZZ-USDT,OKX,SPOT_PAIR,BZZ-USDT,exchange,okex,tardis,crypto,2021-06-21T00:00:00.000Z,2025-03-21T00:00:00.000Z,"trades,book_snapshot_5",BZZ,USDT,USDT,BZZ-USDT,bzz-usdt,False,,,,,,,,,,,,,
OKX:SPOT_PAIR:MYRIA-USDT,OKX,SPOT_PAIR,MYRIA-USDT,exchange,okex,tardis,crypto,2023-04-06T00:00:00.000Z,2024-11-13T00:00:00.000Z,"trades,book_snapshot_5",MYRIA,USDT,USDT,MYRIA-USDT,myria-usdt,False,,,,,,,,,,,,,
OKX:SPOT_PAIR:KAN-USDT,OKX,SPOT_PAIR,KAN-USDT,exchange,okex,tardis,crypto,2021-03-10T00:00:00.000Z,2024-11-08T00:00:00.000Z,"trades,book_snapshot_5",KAN,USDT,USDT,KAN-USDT,kan-usdt,False,,,,,,,,,,,,,
OKX:SPOT_PAIR:BORING-USDT,OKX,SPOT_PAIR,BORING-USDT,exchange,okex,tardis,crypto,2021-11-25T00:00:00.000Z,2024-11-08T00:00:00.000Z,"trades,book_snapshot_5",BORING,USDT,USDT,BORING-USDT,boring-usdt,False,,,,,,,,,,,,,
OKX:SPOT_PAIR:CEEK-USDT,OKX,SPOT_PAIR,CEEK-USDT,exchange,okex,tardis,crypto,2022-10-31T00:00:00.000Z,2024-11-08T00:00:00.000Z,"trades,book_snapshot_5",CEEK,USDT,USDT,CEEK-USDT,ceek-usdt,False,,,,,,,,,,,,,
OKX:SPOT_PAIR:VELA-USDT,OKX,SPOT_PAIR,VELA-USDT,exchange,okex,tardis,crypto,2023-03-29T00:00:00.000Z,2024-11-08T00:00:00.000Z,"trades,book_snapshot_5",VELA,USDT,USDT,VELA-USDT,vela-usdt,False,,,,,,,,,,,,,
OKX:SPOT_PAIR:AST-USDT,OKX,SPOT_PAIR,AST-USDT,exchange,okex,tardis,crypto,2021-03-10T00:00:00.000Z,2024-10-25T00:00:00.000Z,"trades,book_snapshot_5",AST,USDT,USDT,AST-USDT,ast-usdt,False,,,,,,,,,,,,,
OKX:SPOT_PAIR:SIS-USDT,OKX,SPOT_PAIR,SIS-USDT,exchange,okex,tardis,crypto,2021-12-17T00:00:00.000Z,2024-10-25T00:00:00.000Z,"trades,book_snapshot_5",SIS,USDT,USDT,SIS-USDT,sis-usdt,False,,,,,,,,,,,,,
OKX:SPOT_PAIR:KINE-USDT,OKX,SPOT_PAIR,KINE-USDT,exchange,okex,tardis,crypto,2021-03-15T00:00:00.000Z,2024-10-09T00:00:00.000Z,"trades,book_snapshot_5",KINE,USDT,USDT,KINE-USDT,kine-usdt,False,,,,,,,,,,,,,
OKX:SPOT_PAIR:LEASH-USDT,OKX,SPOT_PAIR,LEASH-USDT,exchange,okex,tardis,crypto,2021-11-05T00:00:00.000Z,2024-10-09T00:00:00.000Z,"trades,book_snapshot_5",LEASH,USDT,USDT,LEASH-USDT,leash-usdt,False,,,,,,,,,,,,,
OKX:SPOT_PAIR:ORB-USDT,OKX,SPOT_PAIR,ORB-USDT,exchange,okex,tardis,crypto,2022-03-22T00:00:00.000Z,2024-10-09T00:00:00.000Z,"trades,book_snapshot_5",ORB,USDT,USDT,ORB-USDT,orb-usdt,False,,,,,,,,,,,,,
OKX:SPOT_PAIR:REVV-USDT,OKX,SPOT_PAIR,REVV-USDT,exchange,okex,tardis,crypto,2021-08-25T00:00:00.000Z,2024-09-14T00:00:00.000Z,"trades,book_snapshot_5",REVV,USDT,USDT,REVV-USDT,revv-usdt,False,,,,,,,,,,,,,
OKX:SPOT_PAIR:STC-USDT,OKX,SPOT_PAIR,STC-USDT,exchange,okex,tardis,crypto,2022-08-22T00:00:00.000Z,2024-09-14T00:00:00.000Z,"trades,book_snapshot_5",STC,USDT,USDT,STC-USDT,stc-usdt,False,,,,,,,,,,,,,
OKX:SPOT_PAIR:XPR-USDT,OKX,SPOT_PAIR,XPR-USDT,exchange,okex,tardis,crypto,2021-03-10T00:00:00.000Z,2024-08-31T00:00:00.000Z,"trades,book_snapshot_5",XPR,USDT,USDT,XPR-USDT,xpr-usdt,False,,,,,,,,,,,,,
OKX:SPOT_PAIR:AKITA-USDT,OKX,SPOT_PAIR,AKITA-USDT,exchange,okex,tardis,crypto,2021-05-14T00:00:00.000Z,2024-08-31T00:00:00.000Z,"trades,book_snapshot_5",AKITA,USDT,USDT,AKITA-USDT,akita-usdt,False,,,,,,,,,,,,,
OKX:SPOT_PAIR:FITFI-USDT,OKX,SPOT_PAIR,FITFI-USDT,exchange,okex,tardis,crypto,2022-04-26T00:00:00.000Z,2024-08-31T00:00:00.000Z,"trades,book_snapshot_5",FITFI,USDT,USDT,FITFI-USDT,fitfi-usdt,False,,,,,,,,,,,,,
OKX:SPOT_PAIR:CONV-USDT,OKX,SPOT_PAIR,CONV-USDT,exchange,okex,tardis,crypto,2021-03-25T00:00:00.000Z,2024-08-24T00:00:00.000Z,"trades,book_snapshot_5",CONV,USDT,USDT,CONV-USDT,conv-usdt,False,,,,,,,,,,,,,
OKX:SPOT_PAIR:BLOK-USDT,OKX,SPOT_PAIR,BLOK-USDT,exchange,okex,tardis,crypto,2021-11-19T00:00:00.000Z,2024-08-24T00:00:00.000Z,"trades,book_snapshot_5",BLOK,USDT,USDT,BLOK-USDT,blok-usdt,False,,,,,,,,,,,,,
OKX:SPOT_PAIR:BRWL-USDT,OKX,SPOT_PAIR,BRWL-USDT,exchange,okex,tardis,crypto,2022-03-30T00:00:00.000Z,2024-08-24T00:00:00.000Z,"trades,book_snapshot_5",BRWL,USDT,USDT,BRWL-USDT,brwl-usdt,False,,,,,,,,,,,,,
OKX:SPOT_PAIR:NYM-USDT,OKX,SPOT_PAIR,NYM-USDT,exchange,okex,tardis,crypto,2022-04-15T00:00:00.000Z,2024-08-24T00:00:00.000Z,"trades,book_snapshot_5",NYM,USDT,USDT,NYM-USDT,nym-usdt,False,,,,,,,,,,,,,
OKX:SPOT_PAIR:PCI-USDT,OKX,SPOT_PAIR,PCI-USDT,exchange,okex,tardis,crypto,2022-03-30T00:00:00.000Z,2024-08-10T00:00:00.000Z,"trades,book_snapshot_5",PCI,USDT,USDT,PCI-USDT,pci-usdt,False,,,,,,,,,,,,,
OKX:SPOT_PAIR:IGU-USDT,OKX,SPOT_PAIR,IGU-USDT,exchange,okex,tardis,crypto,2023-02-16T00:00:00.000Z,2024-08-10T00:00:00.000Z,"trades,book_snapshot_5",IGU,USDT,USDT,IGU-USDT,igu-usdt,False,,,,,,,,,,,,,
OKX:SPOT_PAIR:APM-USDT,OKX,SPOT_PAIR,APM-USDT,exchange,okex,tardis,crypto,2021-03-10T00:00:00.000Z,2024-07-24T00:00:00.000Z,"trades,book_snapshot_5",APM,USDT,USDT,APM-USDT,apm-usdt,False,,,,,,,,,,,,,
OKX:SPOT_PAIR:POLS-USDT,OKX,SPOT_PAIR,POLS-USDT,exchange,okex,tardis,crypto,2021-03-10T00:00:00.000Z,2024-07-24T00:00:00.000Z,"trades,book_snapshot_5",POLS,USDT,USDT,POLS-USDT,pols-usdt,False,,,,,,,,,,,,,
OKX:SPOT_PAIR:LHINU-USDT,OKX,SPOT_PAIR,LHINU-USDT,exchange,okex,tardis,crypto,2023-05-19T00:00:00.000Z,2024-07-24T00:00:00.000Z,"trades,book_snapshot_5",LHINU,USDT,USDT,LHINU-USDT,lhinu-usdt,False,,,,,,,,,,,,,
OKX:SPOT_PAIR:DOSE-USDT,OKX,SPOT_PAIR,DOSE-USDT,exchange,okex,tardis,crypto,2021-11-03T00:00:00.000Z,2024-07-17T00:00:00.000Z,"trades,book_snapshot_5",DOSE,USDT,USDT,DOSE-USDT,dose-usdt,False,,,,,,,,,,,,,
OKX:SPOT_PAIR:AZY-USDT,OKX,SPOT_PAIR,AZY-USDT,exchange,okex,tardis,crypto,2022-07-22T00:00:00.000Z,2024-07-17T00:00:00.000Z,"trades,book_snapshot_5",AZY,USDT,USDT,AZY-USDT,azy-usdt,False,,,,,,,,,,,,,
OKX:SPOT_PAIR:KCAL-USDT,OKX,SPOT_PAIR,KCAL-USDT,exchange,okex,tardis,crypto,2022-11-11T00:00:00.000Z,2024-07-17T00:00:00.000Z,"trades,book_snapshot_5",KCAL,USDT,USDT,KCAL-USDT,kcal-usdt,False,,,,,,,,,,,,,
OKX:SPOT_PAIR:CQT-USDT,OKX,SPOT_PAIR,CQT-USDT,exchange,okex,tardis,crypto,2021-06-23T00:00:00.000Z,2024-07-10T00:00:00.000Z,"trades,book_snapshot_5",CQT,USDT,USDT,CQT-USDT,cqt-usdt,False,,,,,,,,,,,,,
OKX:SPOT_PAIR:LING-USDT,OKX,SPOT_PAIR,LING-USDT,exchange,okex,tardis,crypto,2022-09-13T00:00:00.000Z,2024-06-15T00:00:00.000Z,"trades,book_snapshot_5",LING,USDT,USDT,LING-USDT,ling-usdt,False,,,,,,,,,,,,,
OKX:SPOT_PAIR:CGL-USDT,OKX,SPOT_PAIR,CGL-USDT,exchange,okex,tardis,crypto,2023-02-27T00:00:00.000Z,2024-06-15T00:00:00.000Z,"trades,book_snapshot_5",CGL,USDT,USDT,CGL-USDT,cgl-usdt,False,,,,,,,,,,,,,
OKX:SPOT_PAIR:STARL-USDT,OKX,SPOT_PAIR,STARL-USDT,exchange,okex,tardis,crypto,2021-10-25T00:00:00.000Z,2024-06-07T00:00:00.000Z,"trades,book_snapshot_5",STARL,USDT,USDT,STARL-USDT,starl-usdt,False,,,,,,,,,,,,,
OKX:SPOT_PAIR:LET-USDT,OKX,SPOT_PAIR,LET-USDT,exchange,okex,tardis,crypto,2021-03-10T00:00:00.000Z,2024-05-28T00:00:00.000Z,"trades,book_snapshot_5",LET,USDT,USDT,LET-USDT,let-usdt,False,,,,,,,,,,,,,
OKX:SPOT_PAIR:EM-USDT,OKX,SPOT_PAIR,EM-USDT,exchange,okex,tardis,crypto,2021-03-10T00:00:00.000Z,2024-05-28T00:00:00.000Z,"trades,book_snapshot_5",EM,USDT,USDT,EM-USDT,em-usdt,False,,,,,,,,,,,,,
OKX:SPOT_PAIR:PIT-USDT,OKX,SPOT_PAIR,PIT-USDT,exchange,okex,tardis,crypto,2022-03-29T00:00:00.000Z,2024-05-28T00:00:00.000Z,"trades,book_snapshot_5",PIT,USDT,USDT,PIT-USDT,pit-usdt,False,,,,,,,,,,,,,
OKX:SPOT_PAIR:MOVEZ-USDT,OKX,SPOT_PAIR,MOVEZ-USDT,exchange,okex,tardis,crypto,2022-06-10T00:00:00.000Z,2024-05-28T00:00:00.000Z,"trades,book_snapshot_5",MOVEZ,USDT,USDT,MOVEZ-USDT,movez-usdt,False,,,,,,,,,,,,,
OKX:SPOT_PAIR:SKEB-USDT,OKX,SPOT_PAIR,SKEB-USDT,exchange,okex,tardis,crypto,2022-09-08T00:00:00.000Z,2024-05-28T00:00:00.000Z,"trades,book_snapshot_5",SKEB,USDT,USDT,SKEB-USDT,skeb-usdt,False,,,,,,,,,,,,,
OKX:SPOT_PAIR:MRST-USDT,OKX,SPOT_PAIR,MRST-USDT,exchange,okex,tardis,crypto,2022-11-09T00:00:00.000Z,2024-05-28T00:00:00.000Z,"trades,book_snapshot_5",MRST,USDT,USDT,MRST-USDT,mrst-usdt,False,,,,,,,,,,,,,
OKX:SPOT_PAIR:HC-USDT,OKX,SPOT_PAIR,HC-USDT,exchange,okex,tardis,crypto,2021-03-10T00:00:00.000Z,2024-04-13T00:00:00.000Z,"trades,book_snapshot_5",HC,USDT,USDT,HC-USDT,hc-usdt,False,,,,,,,,,,,,,
OKX:SPOT_PAIR:KAR-USDT,OKX,SPOT_PAIR,KAR-USDT,exchange,okex,tardis,crypto,2021-07-20T00:00:00.000Z,2024-04-13T00:00:00.000Z,"trades,book_snapshot_5",KAR,USDT,USDT,KAR-USDT,kar-usdt,False,,,,,,,,,,,,,
OKX:SPOT_PAIR:XETA-USDT,OKX,SPOT_PAIR,XETA-USDT,exchange,okex,tardis,crypto,2022-07-20T00:00:00.000Z,2024-04-13T00:00:00.000Z,"trades,book_snapshot_5",XETA,USDT,USDT,XETA-USDT,xeta-usdt,False,,,,,,,,,,,,,
OKX:SPOT_PAIR:ZBC-USDT,OKX,SPOT_PAIR,ZBC-USDT,exchange,okex,tardis,crypto,2022-03-16T00:00:00.000Z,2024-04-09T00:00:00.000Z,"trades,book_snapshot_5",ZBC,USDT,USDT,ZBC-USDT,zbc-usdt,False,,,,,,,,,,,,,
OKX:SPOT_PAIR:KONO-USDT,OKX,SPOT_PAIR,KONO-USDT,exchange,okex,tardis,crypto,2021-04-06T00:00:00.000Z,2024-02-03T00:00:00.000Z,"trades,book_snapshot_5",KONO,USDT,USDT,KONO-USDT,kono-usdt,False,,,,,,,,,,,,,
OKX:SPOT_PAIR:FSN-USDT,OKX,SPOT_PAIR,FSN-USDT,exchange,okex,tardis,crypto,2021-03-10T00:00:00.000Z,2024-01-13T00:00:00.000Z,"trades,book_snapshot_5",FSN,USDT,USDT,FSN-USDT,fsn-usdt,False,,,,,,,,,,,,,
OKX:SPOT_PAIR:DOME-USDT,OKX,SPOT_PAIR,DOME-USDT,exchange,okex,tardis,crypto,2022-02-08T00:00:00.000Z,2024-01-13T00:00:00.000Z,"trades,book_snapshot_5",DOME,USDT,USDT,DOME-USDT,dome-usdt,False,,,,,,,,,,,,,
OKX:SPOT_PAIR:FAME-USDT,OKX,SPOT_PAIR,FAME-USDT,exchange,okex,tardis,crypto,2022-04-29T00:00:00.000Z,2024-01-13T00:00:00.000Z,"trades,book_snapshot_5",FAME,USDT,USDT,FAME-USDT,fame-usdt,False,,,,,,,,,,,,,
OKX:SPOT_PAIR:CAPO-USDT,OKX,SPOT_PAIR,CAPO-USDT,exchange,okex,tardis,crypto,2023-05-22T00:00:00.000Z,2024-01-13T00:00:00.000Z,"trades,book_snapshot_5",CAPO,USDT,USDT,CAPO-USDT,capo-usdt,False,,,,,,,,,,,,,
OKX:SPOT_PAIR:COVER-USDT,OKX,SPOT_PAIR,COVER-USDT,exchange,okex,tardis,crypto,2021-03-10T00:00:00.000Z,2023-11-11T00:00:00.000Z,"trades,book_snapshot_5",COVER,USDT,USDT,COVER-USDT,cover-usdt,False,,,,,,,,,,,,,
OKX:SPOT_PAIR:DHT-USDT,OKX,SPOT_PAIR,DHT-USDT,exchange,okex,tardis,crypto,2021-03-10T00:00:00.000Z,2023-11-11T00:00:00.000Z,"trades,book_snapshot_5",DHT,USDT,USDT,DHT-USDT,dht-usdt,False,,,,,,,,,,,,,
OKX:SPOT_PAIR:PICKLE-USDT,OKX,SPOT_PAIR,PICKLE-USDT,exchange,okex,tardis,crypto,2021-03-10T00:00:00.000Z,2023-11-11T00:00:00.000Z,"trades,book_snapshot_5",PICKLE,USDT,USDT,PICKLE-USDT,pickle-usdt,False,,,,,,,,,,,,,
OKX:SPOT_PAIR:SAITAMA-USDT,OKX,SPOT_PAIR,SAITAMA-USDT,exchange,okex,tardis,crypto,2022-03-29T00:00:00.000Z,2023-11-11T00:00:00.000Z,"trades,book_snapshot_5",SAITAMA,USDT,USDT,SAITAMA-USDT,saitama-usdt,False,,,,,,,,,,,,,
OKX:SPOT_PAIR:QOM-USDT,OKX,SPOT_PAIR,QOM-USDT,exchange,okex,tardis,crypto,2022-03-29T00:00:00.000Z,2023-11-11T00:00:00.000Z,"trades,book_snapshot_5",QOM,USDT,USDT,QOM-USDT,qom-usdt,False,,,,,,,,,,,,,
OKX:SPOT_PAIR:INT-USDT,OKX,SPOT_PAIR,INT-USDT,exchange,okex,tardis,crypto,2021-03-10T00:00:00.000Z,2023-10-28T00:00:00.000Z,"trades,book_snapshot_5",INT,USDT,USDT,INT-USDT,int-usdt,False,,,,,,,,,,,,,
OKX:SPOT_PAIR:PNK-USDT,OKX,SPOT_PAIR,PNK-USDT,exchange,okex,tardis,crypto,2021-03-10T00:00:00.000Z,2023-10-28T00:00:00.000Z,"trades,book_snapshot_5",PNK,USDT,USDT,PNK-USDT,pnk-usdt,False,,,,,,,,,,,,,
OKX:SPOT_PAIR:CHE-USDT,OKX,SPOT_PAIR,CHE-USDT,exchange,okex,tardis,crypto,2021-09-23T00:00:00.000Z,2023-10-28T00:00:00.000Z,"trades,book_snapshot_5",CHE,USDT,USDT,CHE-USDT,che-usdt,False,,,,,,,,,,,,,
OKX:SPOT_PAIR:FODL-USDT,OKX,SPOT_PAIR,FODL-USDT,exchange,okex,tardis,crypto,2021-10-22T00:00:00.000Z,2023-10-28T00:00:00.000Z,"trades,book_snapshot_5",FODL,USDT,USDT,FODL-USDT,fodl-usdt,False,,,,,,,,,,,,,
OKX:SPOT_PAIR:MITH-USDT,OKX,SPOT_PAIR,MITH-USDT,exchange,okex,tardis,crypto,2021-03-10T00:00:00.000Z,2023-10-17T00:00:00.000Z,"trades,book_snapshot_5",MITH,USDT,USDT,MITH-USDT,mith-usdt,False,,,,,,,,,,,,,
OKX:SPOT_PAIR:VALUE-USDT,OKX,SPOT_PAIR,VALUE-USDT,exchange,okex,tardis,crypto,2021-03-10T00:00:00.000Z,2023-10-17T00:00:00.000Z,"trades,book_snapshot_5",VALUE,USDT,USDT,VALUE-USDT,value-usdt,False,,,,,,,,,,,,,
OKX:SPOT_PAIR:JFI-USDT,OKX,SPOT_PAIR,JFI-USDT,exchange,okex,tardis,crypto,2021-03-10T00:00:00.000Z,2023-10-17T00:00:00.000Z,"trades,book_snapshot_5",JFI,USDT,USDT,JFI-USDT,jfi-usdt,False,,,,,,,,,,,,,
OKX:SPOT_PAIR:KOL-USDT,OKX,SPOT_PAIR,KOL-USDT,exchange,okex,tardis,crypto,2021-09-28T00:00:00.000Z,2023-10-17T00:00:00.000Z,"trades,book_snapshot_5",KOL,USDT,USDT,KOL-USDT,kol-usdt,False,,,,,,,,,,,,,
OKX:SPOT_PAIR:SOS-USDT,OKX,SPOT_PAIR,SOS-USDT,exchange,okex,tardis,crypto,2021-12-25T00:00:00.000Z,2023-10-17T00:00:00.000Z,"trades,book_snapshot_5",SOS,USDT,USDT,SOS-USDT,sos-usdt,False,,,,,,,,,,,,,
OKX:SPOT_PAIR:UMEE-USDT,OKX,SPOT_PAIR,UMEE-USDT,exchange,okex,tardis,crypto,2022-02-16T00:00:00.000Z,2023-10-17T00:00:00.000Z,"trades,book_snapshot_5",UMEE,USDT,USDT,UMEE-USDT,umee-usdt,False,,,,,,,,,,,,,
OKX:SPOT_PAIR:HEGIC-USDT,OKX,SPOT_PAIR,HEGIC-USDT,exchange,okex,tardis,crypto,2021-03-10T00:00:00.000Z,2023-09-22T00:00:00.000Z,"trades,book_snapshot_5",HEGIC,USDT,USDT,HEGIC-USDT,hegic-usdt,False,,,,,,,,,,,,,
OKX:SPOT_PAIR:MDA-USDT,OKX,SPOT_PAIR,MDA-USDT,exchange,okex,tardis,crypto,2021-03-10T00:00:00.000Z,2023-09-22T00:00:00.000Z,"trades,book_snapshot_5",MDA,USDT,USDT,MDA-USDT,mda-usdt,False,,,,,,,,,,,,,
OKX:SPOT_PAIR:EFI-USDT,OKX,SPOT_PAIR,EFI-USDT,exchange,okex,tardis,crypto,2021-08-04T00:00:00.000Z,2023-09-12T00:00:00.000Z,"trades,book_snapshot_5",EFI,USDT,USDT,EFI-USDT,efi-usdt,False,,,,,,,,,,,,,
OKX:SPOT_PAIR:KCASH-USDT,OKX,SPOT_PAIR,KCASH-USDT,exchange,okex,tardis,crypto,2021-03-10T00:00:00.000Z,2023-08-11T00:00:00.000Z,"trades,book_snapshot_5",KCASH,USDT,USDT,KCASH-USDT,kcash-usdt,False,,,,,,,,,,,,,
OKX:SPOT_PAIR:APIX-USDT,OKX,SPOT_PAIR,APIX-USDT,exchange,okex,tardis,crypto,2021-03-10T00:00:00.000Z,2023-08-11T00:00:00.000Z,"trades,book_snapshot_5",APIX,USDT,USDT,APIX-USDT,apix-usdt,False,,,,,,,,,,,,,
OKX:SPOT_PAIR:EC-USDT,OKX,SPOT_PAIR,EC-USDT,exchange,okex,tardis,crypto,2021-03-10T00:00:00.000Z,2023-08-11T00:00:00.000Z,"trades,book_snapshot_5",EC,USDT,USDT,EC-USDT,ec-usdt,False,,,,,,,,,,,,,
OKX:SPOT_PAIR:RFUEL-USDT,OKX,SPOT_PAIR,RFUEL-USDT,exchange,okex,tardis,crypto,2021-03-10T00:00:00.000Z,2023-08-11T00:00:00.000Z,"trades,book_snapshot_5",RFUEL,USDT,USDT,RFUEL-USDT,rfuel-usdt,False,,,,,,,,,,,,,
OKX:SPOT_PAIR:LOON-USDT,OKX,SPOT_PAIR,LOON-USDT,exchange,okex,tardis,crypto,2021-03-10T00:00:00.000Z,2023-08-11T00:00:00.000Z,"trades,book_snapshot_5",LOON,USDT,USDT,LOON-USDT,loon-usdt,False,,,,,,,,,,,,,
OKX:SPOT_PAIR:LDN-USDT,OKX,SPOT_PAIR,LDN-USDT,exchange,okex,tardis,crypto,2022-01-28T00:00:00.000Z,2023-08-11T00:00:00.000Z,"trades,book_snapshot_5",LDN,USDT,USDT,LDN-USDT,ldn-usdt,False,,,,,,,,,,,,,
OKX:SPOT_PAIR:MIR-USDT,OKX,SPOT_PAIR,MIR-USDT,exchange,okex,tardis,crypto,2021-02-24T00:00:00.000Z,2023-06-27T00:00:00.000Z,"trades,book_snapshot_5",MIR,USDT,USDT,MIR-USDT,mir-usdt,False,,,,,,,,,,,,,
OKX:SPOT_PAIR:BCD-USDT,OKX,SPOT_PAIR,BCD-USDT,exchange,okex,tardis,crypto,2021-03-10T00:00:00.000Z,2023-06-27T00:00:00.000Z,"trades,book_snapshot_5",BCD,USDT,USDT,BCD-USDT,bcd-usdt,False,,,,,,,,,,,,,
OKX:SPOT_PAIR:ANC-USDT,OKX,SPOT_PAIR,ANC-USDT,exchange,okex,tardis,crypto,2021-03-17T00:00:00.000Z,2023-06-27T00:00:00.000Z,"trades,book_snapshot_5",ANC,USDT,USDT,ANC-USDT,anc-usdt,False,,,,,,,,,,,,,
OKX:SPOT_PAIR:DMD-USDT,OKX,SPOT_PAIR,DMD-USDT,exchange,okex,tardis,crypto,2021-03-10T00:00:00.000Z,2023-06-21T00:00:00.000Z,"trades,book_snapshot_5",DMD,USDT,USDT,DMD-USDT,dmd-usdt,False,,,,,,,,,,,,,
OKX:SPOT_PAIR:EGT-USDT,OKX,SPOT_PAIR,EGT-USDT,exchange,okex,tardis,crypto,2021-03-10T00:00:00.000Z,2023-06-21T00:00:00.000Z,"trades,book_snapshot_5",EGT,USDT,USDT,EGT-USDT,egt-usdt,False,,,,,,,,,,,,,
OKX:SPOT_PAIR:ZYRO-USDT,OKX,SPOT_PAIR,ZYRO-USDT,exchange,okex,tardis,crypto,2021-03-10T00:00:00.000Z,2023-06-21T00:00:00.000Z,"trades,book_snapshot_5",ZYRO,USDT,USDT,ZYRO-USDT,zyro-usdt,False,,,,,,,,,,,,,
OKX:SPOT_PAIR:EDEN-USDT,OKX,SPOT_PAIR,EDEN-USDT,exchange,okex,tardis,crypto,2021-09-10T00:00:00.000Z,2023-05-23T00:00:00.000Z,"trades,book_snapshot_5",EDEN,USDT,USDT,EDEN-USDT,eden-usdt,False,,,,,,,,,,,,,
OKX:SPOT_PAIR:ELT-USDT,OKX,SPOT_PAIR,ELT-USDT,exchange,okex,tardis,crypto,2022-04-21T00:00:00.000Z,2023-05-23T00:00:00.000Z,"trades,book_snapshot_5",ELT,USDT,USDT,ELT-USDT,elt-usdt,False,,,,,,,,,,,,,
OKX:FUTURE:BTC-USDT-230929,OKX,FUTURE,BTC-USDT-230929,exchange,okex-futures,tardis,crypto,2023-03-17T00:00:00.000Z,2023-09-30T00:00:00.000Z,"trades,book_snapshot_5,derivative_ticker,liquidations",BTC,USDT,USDT,BTC-USDT-230929,btc-usdt-230929,False,,,2023-09-29T08:00:00Z,,0.1,BTC-USDT,1e-05,BTC/USDT,okx,,,,
OKX:FUTURE:BTC-USDT-230630,OKX,FUTURE,BTC-USDT-230630,exchange,okex-futures,tardis,crypto,2022-12-16T00:00:00.000Z,2023-07-01T00:00:00.000Z,"trades,book_snapshot_5,derivative_ticker,liquidations",BTC,USDT,USDT,BTC-USDT-230630,btc-usdt-230630,False,,,2023-06-30T08:00:00Z,,0.1,BTC-USDT,1e-05,BTC/USDT,okx,,,,
OKX:FUTURE:BTC-USDT-230602,OKX,FUTURE,BTC-USDT-230602,exchange,okex-futures,tardis,crypto,2023-05-19T00:00:00.000Z,2023-06-03T00:00:00.000Z,"trades,book_snapshot_5,derivative_ticker,liquidations",BTC,USDT,USDT,BTC-USDT-230602,btc-usdt-230602,False,,,2023-06-02T08:00:00Z,,0.1,BTC-USDT,1e-05,BTC/USDT,okx,,,,
OKX:FUTURE:BTC-USDT-230526,OKX,FUTURE,BTC-USDT-230526,exchange,okex-futures,tardis,crypto,2023-05-12T00:00:00.000Z,2023-05-27T00:00:00.000Z,"trades,book_snapshot_5,derivative_ticker,liquidations",BTC,USDT,USDT,BTC-USDT-230526,btc-usdt-230526,False,,,2023-05-26T08:00:00Z,,0.1,BTC-USDT,1e-05,BTC/USDT,okx,,,,
OKX:FUTURE:ETH-USDT-230929,OKX,FUTURE,ETH-USDT-230929,exchange,okex-futures,tardis,crypto,2023-03-17T00:00:00.000Z,2023-09-30T00:00:00.000Z,"trades,book_snapshot_5,derivative_ticker,liquidations",ETH,USDT,USDT,ETH-USDT-230929,eth-usdt-230929,False,,,2023-09-29T08:00:00Z,,0.01,ETH-USDT,0.0001,ETH/USDT,okx,,,,
OKX:FUTURE:ETH-USDT-230630,OKX,FUTURE,ETH-USDT-230630,exchange,okex-futures,tardis,crypto,2022-12-16T00:00:00.000Z,2023-07-01T00:00:00.000Z,"trades,book_snapshot_5,derivative_ticker,liquidations",ETH,USDT,USDT,ETH-USDT-230630,eth-usdt-230630,False,,,2023-06-30T08:00:00Z,,0.01,ETH-USDT,0.0001,ETH/USDT,okx,,,,
OKX:FUTURE:ETH-USDT-230602,OKX,FUTURE,ETH-USDT-230602,exchange,okex-futures,tardis,crypto,2023-05-19T00:00:00.000Z,2023-06-03T00:00:00.000Z,"trades,book_snapshot_5,derivative_ticker,liquidations",ETH,USDT,USDT,ETH-USDT-230602,eth-usdt-230602,False,,,2023-06-02T08:00:00Z,,0.01,ETH-USDT,0.0001,ETH/USDT,okx,,,,
OKX:FUTURE:ETH-USDT-230526,OKX,FUTURE,ETH-USDT-230526,exchange,okex-futures,tardis,crypto,2023-05-12T00:00:00.000Z,2023-05-27T00:00:00.000Z,"trades,book_snapshot_5,derivative_ticker,liquidations",ETH,USDT,USDT,ETH-USDT-230526,eth-usdt-230526,False,,,2023-05-26T08:00:00Z,,0.01,ETH-USDT,0.0001,ETH/USDT,okx,,,,
OKX:FUTURE:LTC-USDT-230929,OKX,FUTURE,LTC-USDT-230929,exchange,okex-futures,tardis,crypto,2023-03-17T00:00:00.000Z,2023-09-30T00:00:00.000Z,"trades,book_snapshot_5,derivative_ticker,liquidations",LTC,USDT,USDT,LTC-USDT-230929,ltc-usdt-230929,False,,,2023-09-29T08:00:00Z,,0.01,LTC-USDT,0.01,LTC/USDT,okx,,,,
OKX:FUTURE:LTC-USDT-230630,OKX,FUTURE,LTC-USDT-230630,exchange,okex-futures,tardis,crypto,2022-12-16T00:00:00.000Z,2023-07-01T00:00:00.000Z,"trades,book_snapshot_5,derivative_ticker,liquidations",LTC,USDT,USDT,LTC-USDT-230630,ltc-usdt-230630,False,,,2023-06-30T08:00:00Z,,0.01,LTC-USDT,0.01,LTC/USDT,okx,,,,
OKX:FUTURE:LTC-USDT-230602,OKX,FUTURE,LTC-USDT-230602,exchange,okex-futures,tardis,crypto,2023-05-19T00:00:00.000Z,2023-06-03T00:00:00.000Z,"trades,book_snapshot_5,derivative_ticker,liquidations",LTC,USDT,USDT,LTC-USDT-230602,ltc-usdt-230602,False,,,2023-06-02T08:00:00Z,,0.01,LTC-USDT,0.01,LTC/USDT,okx,,,,
OKX:FUTURE:LTC-USDT-230526,OKX,FUTURE,LTC-USDT-230526,exchange,okex-futures,tardis,crypto,2023-05-12T00:00:00.000Z,2023-05-27T00:00:00.000Z,"trades,book_snapshot_5,derivative_ticker,liquidations",LTC,USDT,USDT,LTC-USDT-230526,ltc-usdt-230526,False,,,2023-05-26T08:00:00Z,,0.01,LTC-USDT,0.01,LTC/USDT,okx,,,,
OKX:FUTURE:XRP-USDT-230929,OKX,FUTURE,XRP-USDT-230929,exchange,okex-futures,tardis,crypto,2023-03-17T00:00:00.000Z,2023-09-30T00:00:00.000Z,"trades,book_snapshot_5,derivative_ticker,liquidations",XRP,USDT,USDT,XRP-USDT-230929,xrp-usdt-230929,False,,,2023-09-29T08:00:00Z,,0.0001,XRP-USDT,1.0,XRP/USDT,okx,,,,
OKX:FUTURE:XRP-USDT-230630,OKX,FUTURE,XRP-USDT-230630,exchange,okex-futures,tardis,crypto,2022-12-16T00:00:00.000Z,2023-07-01T00:00:00.000Z,"trades,book_snapshot_5,derivative_ticker,liquidations",XRP,USDT,USDT,XRP-USDT-230630,xrp-usdt-230630,False,,,2023-06-30T08:00:00Z,,0.0001,XRP-USDT,1.0,XRP/USDT,okx,,,,
OKX:FUTURE:XRP-USDT-230602,OKX,FUTURE,XRP-USDT-230602,exchange,okex-futures,tardis,crypto,2023-05-19T00:00:00.000Z,2023-06-03T00:00:00.000Z,"trades,book_snapshot_5,derivative_ticker,liquidations",XRP,USDT,USDT,XRP-USDT-230602,xrp-usdt-230602,False,,,2023-06-02T08:00:00Z,,0.0001,XRP-USDT,1.0,XRP/USDT,okx,,,,
OKX:FUTURE:XRP-USDT-230526,OKX,FUTURE,XRP-USDT-230526,exchange,okex-futures,tardis,crypto,2023-05-12T00:00:00.000Z,2023-05-27T00:00:00.000Z,"trades,book_snapshot_5,derivative_ticker,liquidations",XRP,USDT,USDT,XRP-USDT-230526,xrp-usdt-230526,False,,,2023-05-26T08:00:00Z,,0.0001,XRP-USDT,1.0,XRP/USDT,okx,,,,
OKX:FUTURE:EOS-USDT-230929,OKX,FUTURE,EOS-USDT-230929,exchange,okex-futures,tardis,crypto,2023-03-17T00:00:00.000Z,2023-09-30T00:00:00.000Z,"trades,book_snapshot_5,derivative_ticker,liquidations",EOS,USDT,USDT,EOS-USDT-230929,eos-usdt-230929,False,,,2023-09-29T08:00:00Z,,,EOS-USDT,,,,,,,
OKX:FUTURE:EOS-USDT-230630,OKX,FUTURE,EOS-USDT-230630,exchange,okex-futures,tardis,crypto,2022-12-16T00:00:00.000Z,2023-07-01T00:00:00.000Z,"trades,book_snapshot_5,derivative_ticker,liquidations",EOS,USDT,USDT,EOS-USDT-230630,eos-usdt-230630,False,,,2023-06-30T08:00:00Z,,,EOS-USDT,,,,,,,
OKX:FUTURE:EOS-USDT-230602,OKX,FUTURE,EOS-USDT-230602,exchange,okex-futures,tardis,crypto,2023-05-19T00:00:00.000Z,2023-06-03T00:00:00.000Z,"trades,book_snapshot_5,derivative_ticker,liquidations",EOS,USDT,USDT,EOS-USDT-230602,eos-usdt-230602,False,,,2023-06-02T08:00:00Z,,,EOS-USDT,,,,,,,
OKX:FUTURE:EOS-USDT-230526,OKX,FUTURE,EOS-USDT-230526,exchange,okex-futures,tardis,crypto,2023-05-12T00:00:00.000Z,2023-05-27T00:00:00.000Z,"trades,book_snapshot_5,derivative_ticker,liquidations",EOS,USDT,USDT,EOS-USDT-230526,eos-usdt-230526,False,,,2023-05-26T08:00:00Z,,,EOS-USDT,,,,,,,
OKX:FUTURE:TRX-USDT-230929,OKX,FUTURE,TRX-USDT-230929,exchange,okex-futures,tardis,crypto,2023-03-17T00:00:00.000Z,2023-09-30T00:00:00.000Z,"trades,book_snapshot_5,derivative_ticker,liquidations",TRX,USDT,USDT,TRX-USDT-230929,trx-usdt-230929,False,,,2023-09-29T08:00:00Z,,1e-05,TRX-USDT,1.0,TRX/USDT,okx,,,,
OKX:FUTURE:TRX-USDT-230630,OKX,FUTURE,TRX-USDT-230630,exchange,okex-futures,tardis,crypto,2022-12-16T00:00:00.000Z,2023-07-01T00:00:00.000Z,"trades,book_snapshot_5,derivative_ticker,liquidations",TRX,USDT,USDT,TRX-USDT-230630,trx-usdt-230630,False,,,2023-06-30T08:00:00Z,,1e-05,TRX-USDT,1.0,TRX/USDT,okx,,,,
OKX:FUTURE:ETC-USDT-230929,OKX,FUTURE,ETC-USDT-230929,exchange,okex-futures,tardis,crypto,2023-03-17T00:00:00.000Z,2023-09-30T00:00:00.000Z,"trades,book_snapshot_5,derivative_ticker,liquidations",ETC,USDT,USDT,ETC-USDT-230929,etc-usdt-230929,False,,,2023-09-29T08:00:00Z,,0.01,ETC-USDT,0.1,ETC/USDT,okx,,,,
OKX:FUTURE:ETC-USDT-230630,OKX,FUTURE,ETC-USDT-230630,exchange,okex-futures,tardis,crypto,2022-12-16T00:00:00.000Z,2023-07-01T00:00:00.000Z,"trades,book_snapshot_5,derivative_ticker,liquidations",ETC,USDT,USDT,ETC-USDT-230630,etc-usdt-230630,False,,,2023-06-30T08:00:00Z,,0.01,ETC-USDT,0.1,ETC/USDT,okx,,,,
OKX:FUTURE:ETC-USDT-230602,OKX,FUTURE,ETC-USDT-230602,exchange,okex-futures,tardis,crypto,2023-05-19T00:00:00.000Z,2023-06-03T00:00:00.000Z,"trades,book_snapshot_5,derivative_ticker,liquidations",ETC,USDT,USDT,ETC-USDT-230602,etc-usdt-230602,False,,,2023-06-02T08:00:00Z,,0.01,ETC-USDT,0.1,ETC/USDT,okx,,,,
OKX:FUTURE:ETC-USDT-230526,OKX,FUTURE,ETC-USDT-230526,exchange,okex-futures,tardis,crypto,2023-05-12T00:00:00.000Z,2023-05-27T00:00:00.000Z,"trades,book_snapshot_5,derivative_ticker,liquidations",ETC,USDT,USDT,ETC-USDT-230526,etc-usdt-230526,False,,,2023-05-26T08:00:00Z,,0.01,ETC-USDT,0.1,ETC/USDT,okx,,,,
OKX:PERPETUAL:BTC-USDT@LIN,OKX,PERPETUAL,BTC-USDT@LIN,exchange,okex-swap,tardis,crypto,2019-12-04T00:00:00.000Z,,"trades,book_snapshot_5,derivative_ticker,liquidations",BTC,USDT,USDT,BTC-USDT-SWAP,btc-usdt-swap,False,,,,,0.1,BTC-USDT,1e-05,BTC/USDT,okx,,,,
OKX:PERPETUAL:ETH-USDT@LIN,OKX,PERPETUAL,ETH-USDT@LIN,exchange,okex-swap,tardis,crypto,2019-12-04T00:00:00.000Z,,"trades,book_snapshot_5,derivative_ticker,liquidations",ETH,USDT,USDT,ETH-USDT-SWAP,eth-usdt-swap,False,,,,,0.01,ETH-USDT,0.0001,ETH/USDT,okx,,,,
OKX:PERPETUAL:ETHW-USDT@LIN,OKX,PERPETUAL,ETHW-USDT@LIN,exchange,okex-swap,tardis,crypto,2022-09-16T00:00:00.000Z,,"trades,book_snapshot_5,derivative_ticker,liquidations",ETHW,USDT,USDT,ETHW-USDT-SWAP,ethw-usdt-swap,False,,,,,0.0001,ETHW-USDT,1.0,ETHW/USDT,okx,,,,
OKX:PERPETUAL:BNB-USDT@LIN,OKX,PERPETUAL,BNB-USDT@LIN,exchange,okex-swap,tardis,crypto,2022-12-23T00:00:00.000Z,,"trades,book_snapshot_5,derivative_ticker,liquidations",BNB,USDT,USDT,BNB-USDT-SWAP,bnb-usdt-swap,False,,,,,0.1,BNB-USDT,0.001,BNB/USDT,okx,,,,
OKX:PERPETUAL:LTC-USDT@LIN,OKX,PERPETUAL,LTC-USDT@LIN,exchange,okex-swap,tardis,crypto,2019-12-27T00:00:00.000Z,,"trades,book_snapshot_5,derivative_ticker,liquidations",LTC,USDT,USDT,LTC-USDT-SWAP,ltc-usdt-swap,False,,,,,0.01,LTC-USDT,0.01,LTC/USDT,okx,,,,
OKX:PERPETUAL:SOL-USDT@LIN,OKX,PERPETUAL,SOL-USDT@LIN,exchange,okex-swap,tardis,crypto,2021-01-22T00:00:00.000Z,,"trades,book_snapshot_5,derivative_ticker,liquidations",SOL,USDT,USDT,SOL-USDT-SWAP,sol-usdt-swap,False,,,,,0.01,SOL-USDT,0.001,SOL/USDT,okx,,,,
OKX:PERPETUAL:BCH-USDT@LIN,OKX,PERPETUAL,BCH-USDT@LIN,exchange,okex-swap,tardis,crypto,2019-12-27T00:00:00.000Z,,"trades,book_snapshot_5,derivative_ticker,liquidations",BCH,USDT,USDT,BCH-USDT-SWAP,bch-usdt-swap,False,,,,,0.1,BCH-USDT,0.01,BCH/USDT,okx,,,,
OKX:PERPETUAL:XRP-USDT@LIN,OKX,PERPETUAL,XRP-USDT@LIN,exchange,okex-swap,tardis,crypto,2019-12-30T00:00:00.000Z,,"trades,book_snapshot_5,derivative_ticker,liquidations",XRP,USDT,USDT,XRP-USDT-SWAP,xrp-usdt-swap,False,,,,,0.0001,XRP-USDT,1.0,XRP/USDT,okx,,,,
OKX:PERPETUAL:LUNA-USDT@LIN,OKX,PERPETUAL,LUNA-USDT@LIN,exchange,okex-swap,tardis,crypto,2021-03-18T00:00:00.000Z,,"trades,book_snapshot_5,derivative_ticker,liquidations",LUNA,USDT,USDT,LUNA-USDT-SWAP,luna-usdt-swap,False,,,,,1e-05,LUNA-USDT,10.0,LUNA/USDT,okx,,,,
OKX:PERPETUAL:AVAX-USDT@LIN,OKX,PERPETUAL,AVAX-USDT@LIN,exchange,okex-swap,tardis,crypto,2020-09-23T00:00:00.000Z,,"trades,book_snapshot_5,derivative_ticker,liquidations",AVAX,USDT,USDT,AVAX-USDT-SWAP,avax-usdt-swap,False,,,,,0.001,AVAX-USDT,0.1,AVAX/USDT,okx,,,,
OKX:PERPETUAL:TRX-USDT@LIN,OKX,PERPETUAL,TRX-USDT@LIN,exchange,okex-swap,tardis,crypto,2019-12-31T00:00:00.000Z,,"trades,book_snapshot_5,derivative_ticker,liquidations",TRX,USDT,USDT,TRX-USDT-SWAP,trx-usdt-swap,False,,,,,1e-05,TRX-USDT,1.0,TRX/USDT,okx,,,,
OKX:PERPETUAL:ETC-USDT@LIN,OKX,PERPETUAL,ETC-USDT@LIN,exchange,okex-swap,tardis,crypto,2019-12-30T00:00:00.000Z,,"trades,book_snapshot_5,derivative_ticker,liquidations",ETC,USDT,USDT,ETC-USDT-SWAP,etc-usdt-swap,False,,,,,0.01,ETC-USDT,0.1,ETC/USDT,okx,,,,
OKX:PERPETUAL:DOT-USDT@LIN,OKX,PERPETUAL,DOT-USDT@LIN,exchange,okex-swap,tardis,crypto,2020-07-22T00:00:00.000Z,,"trades,book_snapshot_5,derivative_ticker,liquidations",DOT,USDT,USDT,DOT-USDT-SWAP,dot-usdt-swap,False,,,,,0.001,DOT-USDT,0.1,DOT/USDT,okx,,,,
OKX:PERPETUAL:LINK-USDT@LIN,OKX,PERPETUAL,LINK-USDT@LIN,exchange,okex-swap,tardis,crypto,2020-03-09T00:00:00.000Z,,"trades,book_snapshot_5,derivative_ticker,liquidations",LINK,USDT,USDT,LINK-USDT-SWAP,link-usdt-swap,False,,,,,0.001,LINK-USDT,0.1,LINK/USDT,okx,,,,
OKX:PERPETUAL:ADA-USDT@LIN,OKX,PERPETUAL,ADA-USDT@LIN,exchange,okex-swap,tardis,crypto,2020-04-29T00:00:00.000Z,,"trades,book_snapshot_5,derivative_ticker,liquidations",ADA,USDT,USDT,ADA-USDT-SWAP,ada-usdt-swap,False,,,,,0.0001,ADA-USDT,10.0,ADA/USDT,okx,,,,
OKX:PERPETUAL:DOGE-USDT@LIN,OKX,PERPETUAL,DOGE-USDT@LIN,exchange,okex-swap,tardis,crypto,2020-07-10T00:00:00.000Z,,"trades,book_snapshot_5,derivative_ticker,liquidations",DOGE,USDT,USDT,DOGE-USDT-SWAP,doge-usdt-swap,False,,,,,1e-05,DOGE-USDT,10.0,DOGE/USDT,okx,,,,
OKX:PERPETUAL:SHIB-USDT@LIN,OKX,PERPETUAL,SHIB-USDT@LIN,exchange,okex-swap,tardis,crypto,2021-05-09T00:00:00.000Z,,"trades,book_snapshot_5,derivative_ticker,liquidations",SHIB,USDT,USDT,SHIB-USDT-SWAP,shib-usdt-swap,False,,,,,1e-09,SHIB-USDT,100000.0,SHIB/USDT,okx,,,,
OKX:PERPETUAL:UNI-USDT@LIN,OKX,PERPETUAL,UNI-USDT@LIN,exchange,okex-swap,tardis,crypto,2020-09-17T00:00:00.000Z,,"trades,book_snapshot_5,derivative_ticker,liquidations",UNI,USDT,USDT,UNI-USDT-SWAP,uni-usdt-swap,False,,,,,0.001,UNI-USDT,0.1,UNI/USDT,okx,,,,
OKX:PERPETUAL:XLM-USDT@LIN,OKX,PERPETUAL,XLM-USDT@LIN,exchange,okex-swap,tardis,crypto,2020-05-11T00:00:00.000Z,,"trades,book_snapshot_5,derivative_ticker,liquidations",XLM,USDT,USDT,XLM-USDT-SWAP,xlm-usdt-swap,False,,,,,1e-05,XLM-USDT,10.0,XLM/USDT,okx,,,,
OKX:PERPETUAL:XTZ-USDT@LIN,OKX,PERPETUAL,XTZ-USDT@LIN,exchange,okex-swap,tardis,crypto,2020-04-23T00:00:00.000Z,,"trades,book_snapshot_5,derivative_ticker,liquidations",XTZ,USDT,USDT,XTZ-USDT-SWAP,xtz-usdt-swap,False,,,,,0.0001,XTZ-USDT,1.0,XTZ/USDT,okx,,,,
OKX:PERPETUAL:CRO-USDT@LIN,OKX,PERPETUAL,CRO-USDT@LIN,exchange,okex-swap,tardis,crypto,2021-04-08T00:00:00.000Z,,"trades,book_snapshot_5,derivative_ticker,liquidations",CRO,USDT,USDT,CRO-USDT-SWAP,cro-usdt-swap,False,,,,,1e-05,CRO-USDT,10.0,CRO/USDT,okx,,,,
OKX:PERPETUAL:BAT-USDT@LIN,OKX,PERPETUAL,BAT-USDT@LIN,exchange,okex-swap,tardis,crypto,2020-08-28T00:00:00.000Z,,"trades,book_snapshot_5,derivative_ticker,liquidations",BAT,USDT,USDT,BAT-USDT-SWAP,bat-usdt-swap,False,,,,,0.0001,BAT-USDT,10.0,BAT/USDT,okx,,,,
OKX:PERPETUAL:COMP-USDT@LIN,OKX,PERPETUAL,COMP-USDT@LIN,exchange,okex-swap,tardis,crypto,2020-07-01T00:00:00.000Z,,"trades,book_snapshot_5,derivative_ticker,liquidations",COMP,USDT,USDT,COMP-USDT-SWAP,comp-usdt-swap,False,,,,,0.01,COMP-USDT,0.1,COMP/USDT,okx,,,,
OKX:PERPETUAL:AAVE-USDT@LIN,OKX,PERPETUAL,AAVE-USDT@LIN,exchange,okex-swap,tardis,crypto,2020-12-10T00:00:00.000Z,,"trades,book_snapshot_5,derivative_ticker,liquidations",AAVE,USDT,USDT,AAVE-USDT-SWAP,aave-usdt-swap,False,,,,,0.01,AAVE-USDT,0.01,AAVE/USDT,okx,,,,
OKX:PERPETUAL:FIL-USDT@LIN,OKX,PERPETUAL,FIL-USDT@LIN,exchange,okex-swap,tardis,crypto,2020-07-22T00:00:00.000Z,,"trades,book_snapshot_5,derivative_ticker,liquidations",FIL,USDT,USDT,FIL-USDT-SWAP,fil-usdt-swap,False,,,,,0.001,FIL-USDT,0.1,FIL/USDT,okx,,,,
OKX:PERPETUAL:ZRX-USDT@LIN,OKX,PERPETUAL,ZRX-USDT@LIN,exchange,okex-swap,tardis,crypto,2020-08-21T00:00:00.000Z,,"trades,book_snapshot_5,derivative_ticker,liquidations",ZRX,USDT,USDT,ZRX-USDT-SWAP,zrx-usdt-swap,False,,,,,0.0001,ZRX-USDT,10.0,ZRX/USDT,okx,,,,
OKX:PERPETUAL:DASH-USDT@LIN,OKX,PERPETUAL,DASH-USDT@LIN,exchange,okex-swap,tardis,crypto,2020-03-11T00:00:00.000Z,,"trades,book_snapshot_5,derivative_ticker,liquidations",DASH,USDT,USDT,DASH-USDT-SWAP,dash-usdt-swap,False,,,,,,DASH-USDT,,,,,,,
OKX:PERPETUAL:ALGO-USDT@LIN,OKX,PERPETUAL,ALGO-USDT@LIN,exchange,okex-swap,tardis,crypto,2020-05-13T00:00:00.000Z,,"trades,book_snapshot_5,derivative_ticker,liquidations",ALGO,USDT,USDT,ALGO-USDT-SWAP,algo-usdt-swap,False,,,,,0.0001,ALGO-USDT,10.0,ALGO/USDT,okx,,,,
OKX:PERPETUAL:NEO-USDT@LIN,OKX,PERPETUAL,NEO-USDT@LIN,exchange,okex-swap,tardis,crypto,2020-03-05T00:00:00.000Z,,"trades,book_snapshot_5,derivative_ticker,liquidations",NEO,USDT,USDT,NEO-USDT-SWAP,neo-usdt-swap,False,,,,,0.001,NEO-USDT,0.1,NEO/USDT,okx,,,,
OKX:PERPETUAL:IOTA-USDT@LIN,OKX,PERPETUAL,IOTA-USDT@LIN,exchange,okex-swap,tardis,crypto,2020-05-18T00:00:00.000Z,,"trades,book_snapshot_5,derivative_ticker,liquidations",IOTA,USDT,USDT,IOTA-USDT-SWAP,iota-usdt-swap,False,,,,,0.0001,IOTA-USDT,10.0,IOTA/USDT,okx,,,,
OKX:PERPETUAL:ZEC-USDT@LIN,OKX,PERPETUAL,ZEC-USDT@LIN,exchange,okex-swap,tardis,crypto,2020-04-27T00:00:00.000Z,,"trades,book_snapshot_5,derivative_ticker,liquidations",ZEC,USDT,USDT,ZEC-USDT-SWAP,zec-usdt-swap,False,,,,,,ZEC-USDT,,,,,,,
OKX:PERPETUAL:IOST-USDT@LIN,OKX,PERPETUAL,IOST-USDT@LIN,exchange,okex-swap,tardis,crypto,2020-05-13T00:00:00.000Z,,"trades,book_snapshot_5,derivative_ticker,liquidations",IOST,USDT,USDT,IOST-USDT-SWAP,iost-usdt-swap,False,,,,,1e-06,IOST-USDT,100.0,IOST/USDT,okx,,,,
OKX:PERPETUAL:ATOM-USDT@LIN,OKX,PERPETUAL,ATOM-USDT@LIN,exchange,okex-swap,tardis,crypto,2020-05-06T00:00:00.000Z,,"trades,book_snapshot_5,derivative_ticker,liquidations",ATOM,USDT,USDT,ATOM-USDT-SWAP,atom-usdt-swap,False,,,,,0.001,ATOM-USDT,0.1,ATOM/USDT,okx,,,,
OKX:PERPETUAL:ZIL-USDT@LIN,OKX,PERPETUAL,ZIL-USDT@LIN,exchange,okex-swap,tardis,crypto,2020-09-09T00:00:00.000Z,,"trades,book_snapshot_5,derivative_ticker,liquidations",ZIL,USDT,USDT,ZIL-USDT-SWAP,zil-usdt-swap,False,,,,,1e-06,ZIL-USDT,100.0,ZIL/USDT,okx,,,,
OKX:PERPETUAL:THETA-USDT@LIN,OKX,PERPETUAL,THETA-USDT@LIN,exchange,okex-swap,tardis,crypto,2020-06-15T00:00:00.000Z,,"trades,book_snapshot_5,derivative_ticker,liquidations",THETA,USDT,USDT,THETA-USDT-SWAP,theta-usdt-swap,False,,,,,0.0001,THETA-USDT,1.0,THETA/USDT,okx,,,,
OKX:PERPETUAL:QTUM-USDT@LIN,OKX,PERPETUAL,QTUM-USDT@LIN,exchange,okex-swap,tardis,crypto,2020-05-11T00:00:00.000Z,,"trades,book_snapshot_5,derivative_ticker,liquidations",QTUM,USDT,USDT,QTUM-USDT-SWAP,qtum-usdt-swap,False,,,,,0.001,QTUM-USDT,1.0,QTUM/USDT,okx,,,,
OKX:PERPETUAL:ONT-USDT@LIN,OKX,PERPETUAL,ONT-USDT@LIN,exchange,okex-swap,tardis,crypto,2020-05-06T00:00:00.000Z,,"trades,book_snapshot_5,derivative_ticker,liquidations",ONT,USDT,USDT,ONT-USDT-SWAP,ont-usdt-swap,False,,,,,1e-05,ONT-USDT,10.0,ONT/USDT,okx,,,,
OKX:PERPETUAL:USDC-USDT@LIN,OKX,PERPETUAL,USDC-USDT@LIN,exchange,okex-swap,tardis,crypto,2023-03-12T00:00:00.000Z,,"trades,book_snapshot_5,derivative_ticker,liquidations",USDC,USDT,USDT,USDC-USDT-SWAP,usdc-usdt-swap,False,,,,,0.0001,USDC-USDT,1.0,USDC/USDT,okx,,,,
OKX:PERPETUAL:YFI-USDT@LIN,OKX,PERPETUAL,YFI-USDT@LIN,exchange,okex-swap,tardis,crypto,2020-09-02T00:00:00.000Z,,"trades,book_snapshot_5,derivative_ticker,liquidations",YFI,USDT,USDT,YFI-USDT-SWAP,yfi-usdt-swap,False,,,,,1.0,YFI-USDT,0.0005,YFI/USDT,okx,,,,
OKX:PERPETUAL:CRV-USDT@LIN,OKX,PERPETUAL,CRV-USDT@LIN,exchange,okex-swap,tardis,crypto,2020-09-04T00:00:00.000Z,,"trades,book_snapshot_5,derivative_ticker,liquidations",CRV,USDT,USDT,CRV-USDT-SWAP,crv-usdt-swap,False,,,,,0.0001,CRV-USDT,1.0,CRV/USDT,okx,,,,
OKX:PERPETUAL:BAND-USDT@LIN,OKX,PERPETUAL,BAND-USDT@LIN,exchange,okex-swap,tardis,crypto,2020-09-07T00:00:00.000Z,,"trades,book_snapshot_5,derivative_ticker,liquidations",BAND,USDT,USDT,BAND-USDT-SWAP,band-usdt-swap,False,,,,,0.0001,BAND-USDT,1.0,BAND/USDT,okx,,,,
OKX:PERPETUAL:RVN-USDT@LIN,OKX,PERPETUAL,RVN-USDT@LIN,exchange,okex-swap,tardis,crypto,2021-04-23T00:00:00.000Z,,"trades,book_snapshot_5,derivative_ticker,liquidations",RVN,USDT,USDT,RVN-USDT-SWAP,rvn-usdt-swap,False,,,,,1e-06,RVN-USDT,100.0,RVN/USDT,okx,,,,
OKX:PERPETUAL:ENJ-USDT@LIN,OKX,PERPETUAL,ENJ-USDT@LIN,exchange,okex-swap,tardis,crypto,2021-04-01T00:00:00.000Z,,"trades,book_snapshot_5,derivative_ticker,liquidations",ENJ,USDT,USDT,ENJ-USDT-SWAP,enj-usdt-swap,False,,,,,1e-05,ENJ-USDT,10.0,ENJ/USDT,okx,,,,
OKX:PERPETUAL:SNX-USDT@LIN,OKX,PERPETUAL,SNX-USDT@LIN,exchange,okex-swap,tardis,crypto,2020-08-21T00:00:00.000Z,,"trades,book_snapshot_5,derivative_ticker,liquidations",SNX,USDT,USDT,SNX-USDT-SWAP,snx-usdt-swap,False,,,,,0.0001,SNX-USDT,1.0,SNX/USDT,okx,,,,
OKX:PERPETUAL:LRC-USDT@LIN,OKX,PERPETUAL,LRC-USDT@LIN,exchange,okex-swap,tardis,crypto,2020-09-09T00:00:00.000Z,,"trades,book_snapshot_5,derivative_ticker,liquidations",LRC,USDT,USDT,LRC-USDT-SWAP,lrc-usdt-swap,False,,,,,1e-05,LRC-USDT,10.0,LRC/USDT,okx,,,,
OKX:PERPETUAL:RSR-USDT@LIN,OKX,PERPETUAL,RSR-USDT@LIN,exchange,okex-swap,tardis,crypto,2020-09-09T00:00:00.000Z,,"trades,book_snapshot_5,derivative_ticker,liquidations",RSR,USDT,USDT,RSR-USDT-SWAP,rsr-usdt-swap,False,,,,,1e-06,RSR-USDT,100.0,RSR/USDT,okx,,,,
OKX:PERPETUAL:SUSHI-USDT@LIN,OKX,PERPETUAL,SUSHI-USDT@LIN,exchange,okex-swap,tardis,crypto,2020-09-03T00:00:00.000Z,,"trades,book_snapshot_5,derivative_ticker,liquidations",SUSHI,USDT,USDT,SUSHI-USDT-SWAP,sushi-usdt-swap,False,,,,,0.0001,SUSHI-USDT,1.0,SUSHI/USDT,okx,,,,
OKX:PERPETUAL:TRB-USDT@LIN,OKX,PERPETUAL,TRB-USDT@LIN,exchange,okex-swap,tardis,crypto,2020-09-08T00:00:00.000Z,,"trades,book_snapshot_5,derivative_ticker,liquidations",TRB,USDT,USDT,TRB-USDT-SWAP,trb-usdt-swap,False,,,,,0.01,TRB-USDT,0.01,TRB/USDT,okx,,,,
OKX:PERPETUAL:MANA-USDT@LIN,OKX,PERPETUAL,MANA-USDT@LIN,exchange,okex-swap,tardis,crypto,2021-03-12T00:00:00.000Z,,"trades,book_snapshot_5,derivative_ticker,liquidations",MANA,USDT,USDT,MANA-USDT-SWAP,mana-usdt-swap,False,,,,,0.0001,MANA-USDT,10.0,MANA/USDT,okx,,,,
OKX:PERPETUAL:EGLD-USDT@LIN,OKX,PERPETUAL,EGLD-USDT@LIN,exchange,okex-swap,tardis,crypto,2020-12-22T00:00:00.000Z,,"trades,book_snapshot_5,derivative_ticker,liquidations",EGLD,USDT,USDT,EGLD-USDT-SWAP,egld-usdt-swap,False,,,,,0.001,EGLD-USDT,0.1,EGLD/USDT,okx,,,,
OKX:PERPETUAL:CVC-USDT@LIN,OKX,PERPETUAL,CVC-USDT@LIN,exchange,okex-swap,tardis,crypto,2020-12-10T00:00:00.000Z,,"trades,book_snapshot_5,derivative_ticker,liquidations",CVC,USDT,USDT,CVC-USDT-SWAP,cvc-usdt-swap,False,,,,,1e-05,CVC-USDT,10.0,CVC/USDT,okx,,,,
OKX:PERPETUAL:KSM-USDT@LIN,OKX,PERPETUAL,KSM-USDT@LIN,exchange,okex-swap,tardis,crypto,2020-09-08T00:00:00.000Z,,"trades,book_snapshot_5,derivative_ticker,liquidations",KSM,USDT,USDT,KSM-USDT-SWAP,ksm-usdt-swap,False,,,,,0.001,KSM-USDT,0.1,KSM/USDT,okx,,,,
OKX:PERPETUAL:UMA-USDT@LIN,OKX,PERPETUAL,UMA-USDT@LIN,exchange,okex-swap,tardis,crypto,2020-09-04T00:00:00.000Z,,"trades,book_snapshot_5,derivative_ticker,liquidations",UMA,USDT,USDT,UMA-USDT-SWAP,uma-usdt-swap,False,,,,,0.0001,UMA-USDT,1.0,UMA/USDT,okx,,,,
OKX:PERPETUAL:AXS-USDT@LIN,OKX,PERPETUAL,AXS-USDT@LIN,exchange,okex-swap,tardis,crypto,2021-07-28T00:00:00.000Z,,"trades,book_snapshot_5,derivative_ticker,liquidations",AXS,USDT,USDT,AXS-USDT-SWAP,axs-usdt-swap,False,,,,,0.001,AXS-USDT,0.1,AXS/USDT,okx,,,,
OKX:PERPETUAL:STX-USDT@LIN,OKX,PERPETUAL,STX-USDT@LIN,exchange,okex-swap,tardis,crypto,2023-02-21T00:00:00.000Z,,"trades,book_snapshot_5,derivative_ticker,liquidations",STX,USDT,USDT,STX-USDT-SWAP,stx-usdt-swap,False,,,,,0.0001,STX-USDT,1.0,STX/USDT,okx,,,,
OKX:PERPETUAL:ZEN-USDT@LIN,OKX,PERPETUAL,ZEN-USDT@LIN,exchange,okex-swap,tardis,crypto,2020-11-27T00:00:00.000Z,,"trades,book_snapshot_5,derivative_ticker,liquidations",ZEN,USDT,USDT,ZEN-USDT-SWAP,zen-usdt-swap,False,,,,,,ZEN-USDT,,,,,,,
OKX:PERPETUAL:CELO-USDT@LIN,OKX,PERPETUAL,CELO-USDT@LIN,exchange,okex-swap,tardis,crypto,2021-09-24T00:00:00.000Z,,"trades,book_snapshot_5,derivative_ticker,liquidations",CELO,USDT,USDT,CELO-USDT-SWAP,celo-usdt-swap,False,,,,,0.0001,CELO-USDT,10.0,CELO/USDT,okx,,,,
OKX:PERPETUAL:NEAR-USDT@LIN,OKX,PERPETUAL,NEAR-USDT@LIN,exchange,okex-swap,tardis,crypto,2020-12-21T00:00:00.000Z,,"trades,book_snapshot_5,derivative_ticker,liquidations",NEAR,USDT,USDT,NEAR-USDT-SWAP,near-usdt-swap,False,,,,,0.001,NEAR-USDT,1.0,NEAR/USDT,okx,,,,
OKX:PERPETUAL:GRT-USDT@LIN,OKX,PERPETUAL,GRT-USDT@LIN,exchange,okex-swap,tardis,crypto,2020-12-20T00:00:00.000Z,,"trades,book_snapshot_5,derivative_ticker,liquidations",GRT,USDT,USDT,GRT-USDT-SWAP,grt-usdt-swap,False,,,,,1e-05,GRT-USDT,10.0,GRT/USDT,okx,,,,
OKX:PERPETUAL:BNT-USDT@LIN,OKX,PERPETUAL,BNT-USDT@LIN,exchange,okex-swap,tardis,crypto,2020-12-22T00:00:00.000Z,,"trades,book_snapshot_5,derivative_ticker,liquidations",BNT,USDT,USDT,BNT-USDT-SWAP,bnt-usdt-swap,False,,,,,0.0001,BNT-USDT,10.0,BNT/USDT,okx,,,,
OKX:PERPETUAL:CHZ-USDT@LIN,OKX,PERPETUAL,CHZ-USDT@LIN,exchange,okex-swap,tardis,crypto,2021-03-12T00:00:00.000Z,,"trades,book_snapshot_5,derivative_ticker,liquidations",CHZ,USDT,USDT,CHZ-USDT-SWAP,chz-usdt-swap,False,,,,,1e-05,CHZ-USDT,10.0,CHZ/USDT,okx,,,,
OKX:PERPETUAL:1INCH-USDT@LIN,OKX,PERPETUAL,1INCH-USDT@LIN,exchange,okex-swap,tardis,crypto,2020-12-25T00:00:00.000Z,,"trades,book_snapshot_5,derivative_ticker,liquidations",1INCH,USDT,USDT,1INCH-USDT-SWAP,1inch-usdt-swap,False,,,,,0.0001,1INCH-USDT,10.0,1INCH/USDT,okx,,,,
OKX:PERPETUAL:SAND-USDT@LIN,OKX,PERPETUAL,SAND-USDT@LIN,exchange,okex-swap,tardis,crypto,2021-04-02T00:00:00.000Z,,"trades,book_snapshot_5,derivative_ticker,liquidations",SAND,USDT,USDT,SAND-USDT-SWAP,sand-usdt-swap,False,,,,,0.0001,SAND-USDT,10.0,SAND/USDT,okx,,,,
OKX:PERPETUAL:ICP-USDT@LIN,OKX,PERPETUAL,ICP-USDT@LIN,exchange,okex-swap,tardis,crypto,2021-05-14T00:00:00.000Z,,"trades,book_snapshot_5,derivative_ticker,liquidations",ICP,USDT,USDT,ICP-USDT-SWAP,icp-usdt-swap,False,,,,,0.001,ICP-USDT,0.1,ICP/USDT,okx,,,,
OKX:PERPETUAL:GALA-USDT@LIN,OKX,PERPETUAL,GALA-USDT@LIN,exchange,okex-swap,tardis,crypto,2021-09-24T00:00:00.000Z,,"trades,book_snapshot_5,derivative_ticker,liquidations",GALA,USDT,USDT,GALA-USDT-SWAP,gala-usdt-swap,False,,,,,1e-06,GALA-USDT,100.0,GALA/USDT,okx,,,,
OKX:PERPETUAL:AR-USDT@LIN,OKX,PERPETUAL,AR-USDT@LIN,exchange,okex-swap,tardis,crypto,2023-02-14T00:00:00.000Z,,"trades,book_snapshot_5,derivative_ticker,liquidations",AR,USDT,USDT,AR-USDT-SWAP,ar-usdt-swap,False,,,,,0.001,AR-USDT,0.1,AR/USDT,okx,,,,
OKX:PERPETUAL:ARB-USDT@LIN,OKX,PERPETUAL,ARB-USDT@LIN,exchange,okex-swap,tardis,crypto,2023-03-23T00:00:00.000Z,,"trades,book_snapshot_5,derivative_ticker,liquidations",ARB,USDT,USDT,ARB-USDT-SWAP,arb-usdt-swap,False,,,,,0.0001,ARB-USDT,1.0,ARB/USDT,okx,,,,
OKX:PERPETUAL:MINA-USDT@LIN,OKX,PERPETUAL,MINA-USDT@LIN,exchange,okex-swap,tardis,crypto,2021-06-09T00:00:00.000Z,,"trades,book_snapshot_5,derivative_ticker,liquidations",MINA,USDT,USDT,MINA-USDT-SWAP,mina-usdt-swap,False,,,,,0.0001,MINA-USDT,1.0,MINA/USDT,okx,,,,
OKX:PERPETUAL:YGG-USDT@LIN,OKX,PERPETUAL,YGG-USDT@LIN,exchange,okex-swap,tardis,crypto,2021-08-06T00:00:00.000Z,,"trades,book_snapshot_5,derivative_ticker,liquidations",YGG,USDT,USDT,YGG-USDT-SWAP,ygg-usdt-swap,False,,,,,0.0001,YGG-USDT,10.0,YGG/USDT,okx,,,,
OKX:PERPETUAL:LPT-USDT@LIN,OKX,PERPETUAL,LPT-USDT@LIN,exchange,okex-swap,tardis,crypto,2021-04-23T00:00:00.000Z,,"trades,book_snapshot_5,derivative_ticker,liquidations",LPT,USDT,USDT,LPT-USDT-SWAP,lpt-usdt-swap,False,,,,,0.001,LPT-USDT,0.1,LPT/USDT,okx,,,,
OKX:PERPETUAL:TON-USDT@LIN,OKX,PERPETUAL,TON-USDT@LIN,exchange,okex-swap,tardis,crypto,2022-12-28T00:00:00.000Z,,"trades,book_snapshot_5,derivative_ticker,liquidations",TON,USDT,USDT,TON-USDT-SWAP,ton-usdt-swap,False,,,,,0.001,TON-USDT,0.1,TON/USDT,okx,,,,
OKX:PERPETUAL:LDO-USDT@LIN,OKX,PERPETUAL,LDO-USDT@LIN,exchange,okex-swap,tardis,crypto,2023-02-02T00:00:00.000Z,,"trades,book_snapshot_5,derivative_ticker,liquidations",LDO,USDT,USDT,LDO-USDT-SWAP,ldo-usdt-swap,False,,,,,0.0001,LDO-USDT,1.0,LDO/USDT,okx,,,,
OKX:PERPETUAL:CORE-USDT@LIN,OKX,PERPETUAL,CORE-USDT@LIN,exchange,okex-swap,tardis,crypto,2023-02-08T00:00:00.000Z,,"trades,book_snapshot_5,derivative_ticker,liquidations",CORE,USDT,USDT,CORE-USDT-SWAP,core-usdt-swap,False,,,,,0.0001,CORE-USDT,1.0,CORE/USDT,okx,,,,
OKX:PERPETUAL:APE-USDT@LIN,OKX,PERPETUAL,APE-USDT@LIN,exchange,okex-swap,tardis,crypto,2022-03-17T00:00:00.000Z,,"trades,book_snapshot_5,derivative_ticker,liquidations",APE,USDT,USDT,APE-USDT-SWAP,ape-usdt-swap,False,,,,,0.0001,APE-USDT,1.0,APE/USDT,okx,,,,
OKX:PERPETUAL:ORDI-USDT@LIN,OKX,PERPETUAL,ORDI-USDT@LIN,exchange,okex-swap,tardis,crypto,2023-05-21T00:00:00.000Z,,"trades,book_snapshot_5,derivative_ticker,liquidations",ORDI,USDT,USDT,ORDI-USDT-SWAP,ordi-usdt-swap,False,,,,,0.001,ORDI-USDT,0.1,ORDI/USDT,okx,,,,
OKX:PERPETUAL:CFX-USDT@LIN,OKX,PERPETUAL,CFX-USDT@LIN,exchange,okex-swap,tardis,crypto,2021-03-12T00:00:00.000Z,,"trades,book_snapshot_5,derivative_ticker,liquidations",CFX,USDT,USDT,CFX-USDT-SWAP,cfx-usdt-swap,False,,,,,1e-05,CFX-USDT,10.0,CFX/USDT,okx,,,,
OKX:PERPETUAL:DYDX-USDT@LIN,OKX,PERPETUAL,DYDX-USDT@LIN,exchange,okex-swap,tardis,crypto,2021-09-08T00:00:00.000Z,,"trades,book_snapshot_5,derivative_ticker,liquidations",DYDX,USDT,USDT,DYDX-USDT-SWAP,dydx-usdt-swap,False,,,,,0.0001,DYDX-USDT,1.0,DYDX/USDT,okx,,,,
OKX:PERPETUAL:WOO-USDT@LIN,OKX,PERPETUAL,WOO-USDT@LIN,exchange,okex-swap,tardis,crypto,2023-02-14T00:00:00.000Z,,"trades,book_snapshot_5,derivative_ticker,liquidations",WOO,USDT,USDT,WOO-USDT-SWAP,woo-usdt-swap,False,,,,,1e-05,WOO-USDT,10.0,WOO/USDT,okx,,,,
OKX:PERPETUAL:ENS-USDT@LIN,OKX,PERPETUAL,ENS-USDT@LIN,exchange,okex-swap,tardis,crypto,2021-11-11T00:00:00.000Z,,"trades,book_snapshot_5,derivative_ticker,liquidations",ENS,USDT,USDT,ENS-USDT-SWAP,ens-usdt-swap,False,,,,,0.001,ENS-USDT,0.1,ENS/USDT,okx,,,,
OKX:PERPETUAL:BLUR-USDT@LIN,OKX,PERPETUAL,BLUR-USDT@LIN,exchange,okex-swap,tardis,crypto,2023-02-15T00:00:00.000Z,,"trades,book_snapshot_5,derivative_ticker,liquidations",BLUR,USDT,USDT,BLUR-USDT-SWAP,blur-usdt-swap,False,,,,,1e-05,BLUR-USDT,10.0,BLUR/USDT,okx,,,,
OKX:PERPETUAL:GMT-USDT@LIN,OKX,PERPETUAL,GMT-USDT@LIN,exchange,okex-swap,tardis,crypto,2022-04-01T00:00:00.000Z,,"trades,book_snapshot_5,derivative_ticker,liquidations",GMT,USDT,USDT,GMT-USDT-SWAP,gmt-usdt-swap,False,,,,,1e-05,GMT-USDT,10.0,GMT/USDT,okx,,,,
OKX:PERPETUAL:PEOPLE-USDT@LIN,OKX,PERPETUAL,PEOPLE-USDT@LIN,exchange,okex-swap,tardis,crypto,2021-12-02T00:00:00.000Z,,"trades,book_snapshot_5,derivative_ticker,liquidations",PEOPLE,USDT,USDT,PEOPLE-USDT-SWAP,people-usdt-swap,False,,,,,1e-05,PEOPLE-USDT,100.0,PEOPLE/USDT,okx,,,,
OKX:PERPETUAL:MASK-USDT@LIN,OKX,PERPETUAL,MASK-USDT@LIN,exchange,okex-swap,tardis,crypto,2021-03-04T00:00:00.000Z,,"trades,book_snapshot_5,derivative_ticker,liquidations",MASK,USDT,USDT,MASK-USDT-SWAP,mask-usdt-swap,False,,,,,0.0001,MASK-USDT,1.0,MASK/USDT,okx,,,,
OKX:PERPETUAL:GMX-USDT@LIN,OKX,PERPETUAL,GMX-USDT@LIN,exchange,okex-swap,tardis,crypto,2023-02-02T00:00:00.000Z,,"trades,book_snapshot_5,derivative_ticker,liquidations",GMX,USDT,USDT,GMX-USDT-SWAP,gmx-usdt-swap,False,,,,,0.001,GMX-USDT,0.1,GMX/USDT,okx,,,,
OKX:PERPETUAL:AGLD-USDT@LIN,OKX,PERPETUAL,AGLD-USDT@LIN,exchange,okex-swap,tardis,crypto,2021-09-07T00:00:00.000Z,,"trades,book_snapshot_5,derivative_ticker,liquidations",AGLD,USDT,USDT,AGLD-USDT-SWAP,agld-usdt-swap,False,,,,,0.0001,AGLD-USDT,1.0,AGLD/USDT,okx,,,,
OKX:PERPETUAL:IMX-USDT@LIN,OKX,PERPETUAL,IMX-USDT@LIN,exchange,okex-swap,tardis,crypto,2021-11-18T00:00:00.000Z,,"trades,book_snapshot_5,derivative_ticker,liquidations",IMX,USDT,USDT,IMX-USDT-SWAP,imx-usdt-swap,False,,,,,0.0001,IMX-USDT,1.0,IMX/USDT,okx,,,,
OKX:PERPETUAL:BICO-USDT@LIN,OKX,PERPETUAL,BICO-USDT@LIN,exchange,okex-swap,tardis,crypto,2021-12-09T00:00:00.000Z,,"trades,book_snapshot_5,derivative_ticker,liquidations",BICO,USDT,USDT,BICO-USDT-SWAP,bico-usdt-swap,False,,,,,1e-05,BICO-USDT,10.0,BICO/USDT,okx,,,,
OKX:PERPETUAL:API3-USDT@LIN,OKX,PERPETUAL,API3-USDT@LIN,exchange,okex-swap,tardis,crypto,2022-03-03T00:00:00.000Z,,"trades,book_snapshot_5,derivative_ticker,liquidations",API3,USDT,USDT,API3-USDT-SWAP,api3-usdt-swap,False,,,,,0.0001,API3-USDT,1.0,API3/USDT,okx,,,,
OKX:PERPETUAL:OP-USDT@LIN,OKX,PERPETUAL,OP-USDT@LIN,exchange,okex-swap,tardis,crypto,2022-06-01T00:00:00.000Z,,"trades,book_snapshot_5,derivative_ticker,liquidations",OP,USDT,USDT,OP-USDT-SWAP,op-usdt-swap,False,,,,,0.0001,OP-USDT,1.0,OP/USDT,okx,,,,
OKX:PERPETUAL:APT-USDT@LIN,OKX,PERPETUAL,APT-USDT@LIN,exchange,okex-swap,tardis,crypto,2022-10-19T00:00:00.000Z,,"trades,book_snapshot_5,derivative_ticker,liquidations",APT,USDT,USDT,APT-USDT-SWAP,apt-usdt-swap,False,,,,,0.001,APT-USDT,0.1,APT/USDT,okx,,,,
OKX:PERPETUAL:MAGIC-USDT@LIN,OKX,PERPETUAL,MAGIC-USDT@LIN,exchange,okex-swap,tardis,crypto,2023-02-02T00:00:00.000Z,,"trades,book_snapshot_5,derivative_ticker,liquidations",MAGIC,USDT,USDT,MAGIC-USDT-SWAP,magic-usdt-swap,False,,,,,1e-05,MAGIC-USDT,1.0,MAGIC/USDT,okx,,,,
OKX:PERPETUAL:FLOKI-USDT@LIN,OKX,PERPETUAL,FLOKI-USDT@LIN,exchange,okex-swap,tardis,crypto,2023-02-20T00:00:00.000Z,,"trades,book_snapshot_5,derivative_ticker,liquidations",FLOKI,USDT,USDT,FLOKI-USDT-SWAP,floki-usdt-swap,False,,,,,1e-08,FLOKI-USDT,10000.0,FLOKI/USDT,okx,,,,
OKX:PERPETUAL:PEPE-USDT@LIN,OKX,PERPETUAL,PEPE-USDT@LIN,exchange,okex-swap,tardis,crypto,2023-05-03T00:00:00.000Z,,"trades,book_snapshot_5,derivative_ticker,liquidations",PEPE,USDT,USDT,PEPE-USDT-SWAP,pepe-usdt-swap,False,,,,,1e-09,PEPE-USDT,100000.0,PEPE/USDT,okx,,,,
OKX:PERPETUAL:SUI-USDT@LIN,OKX,PERPETUAL,SUI-USDT@LIN,exchange,okex-swap,tardis,crypto,2023-05-05T00:00:00.000Z,,"trades,book_snapshot_5,derivative_ticker,liquidations",SUI,USDT,USDT,SUI-USDT-SWAP,sui-usdt-swap,False,,,,,0.0001,SUI-USDT,1.0,SUI/USDT,okx,,,,
OKX:PERPETUAL:CETUS-USDT@LIN,OKX,PERPETUAL,CETUS-USDT@LIN,exchange,okex-swap,tardis,crypto,2023-05-10T00:00:00.000Z,,"trades,book_snapshot_5,derivative_ticker,liquidations",CETUS,USDT,USDT,CETUS-USDT-SWAP,cetus-usdt-swap,False,,,,,1e-05,CETUS-USDT,10.0,CETUS/USDT,okx,,,,
OKX:PERPETUAL:EOS-USDT@LIN,OKX,PERPETUAL,EOS-USDT@LIN,exchange,okex-swap,tardis,crypto,2019-12-04T00:00:00.000Z,2025-05-23T00:00:00.000Z,"trades,book_snapshot_5,derivative_ticker,liquidations",EOS,USDT,USDT,EOS-USDT-SWAP,eos-usdt-swap,False,,,,,,EOS-USDT,,,,,,,
OKX:PERPETUAL:BSV-USDT@LIN,OKX,PERPETUAL,BSV-USDT@LIN,exchange,okex-swap,tardis,crypto,2019-12-31T00:00:00.000Z,2025-06-13T00:00:00.000Z,"trades,book_snapshot_5,derivative_ticker,liquidations",BSV,USDT,USDT,BSV-USDT-SWAP,bsv-usdt-swap,False,,,,,,BSV-USDT,,,,,,,
OKX:PERPETUAL:XMR-USDT@LIN,OKX,PERPETUAL,XMR-USDT@LIN,exchange,okex-swap,tardis,crypto,2020-05-18T00:00:00.000Z,2023-12-20T00:00:00.000Z,"trades,book_snapshot_5,derivative_ticker,liquidations",XMR,USDT,USDT,XMR-USDT-SWAP,xmr-usdt-swap,False,,,,,,XMR-USDT,,,,,,,
OKX:PERPETUAL:USTC-USDT@LIN,OKX,PERPETUAL,USTC-USDT@LIN,exchange,okex-swap,tardis,crypto,2022-11-03T00:00:00.000Z,2025-09-19T00:00:00.000Z,"trades,book_snapshot_5,derivative_ticker,liquidations",USTC,USDT,USDT,USTC-USDT-SWAP,ustc-usdt-swap,False,,,,,,USTC-USDT,,,,,,,
OKX:PERPETUAL:MKR-USDT@LIN,OKX,PERPETUAL,MKR-USDT@LIN,exchange,okex-swap,tardis,crypto,2020-08-21T00:00:00.000Z,2025-09-05T00:00:00.000Z,"trades,book_snapshot_5,derivative_ticker,liquidations",MKR,USDT,USDT,MKR-USDT-SWAP,mkr-usdt-swap,False,,,,,,MKR-USDT,,,,,,,
OKX:PERPETUAL:OMG-USDT@LIN,OKX,PERPETUAL,OMG-USDT@LIN,exchange,okex-swap,tardis,crypto,2020-08-28T00:00:00.000Z,2024-07-16T00:00:00.000Z,"trades,book_snapshot_5,derivative_ticker,liquidations",OMG,USDT,USDT,OMG-USDT-SWAP,omg-usdt-swap,False,,,,,,OMG-USDT,,,,,,,
OKX:PERPETUAL:KNC-USDT@LIN,OKX,PERPETUAL,KNC-USDT@LIN,exchange,okex-swap,tardis,crypto,2020-06-17T00:00:00.000Z,2025-07-05T00:00:00.000Z,"trades,book_snapshot_5,derivative_ticker,liquidations",KNC,USDT,USDT,KNC-USDT-SWAP,knc-usdt-swap,False,,,,,0.0001,KNC-USDT,10.0,KNC/USDT,okx,,,,
OKX:PERPETUAL:YFII-USDT@LIN,OKX,PERPETUAL,YFII-USDT@LIN,exchange,okex-swap,tardis,crypto,2020-09-02T00:00:00.000Z,2024-02-08T00:00:00.000Z,"trades,book_snapshot_5,derivative_ticker,liquidations",YFII,USDT,USDT,YFII-USDT-SWAP,yfii-usdt-swap,False,,,,,,YFII-USDT,,,,,,,
OKX:PERPETUAL:BAL-USDT@LIN,OKX,PERPETUAL,BAL-USDT@LIN,exchange,okex-swap,tardis,crypto,2020-09-09T00:00:00.000Z,2025-07-26T00:00:00.000Z,"trades,book_snapshot_5,derivative_ticker,liquidations",BAL,USDT,USDT,BAL-USDT-SWAP,bal-usdt-swap,False,,,,,0.0001,BAL-USDT,1.0,BAL/USDT,okx,,,,
OKX:PERPETUAL:REN-USDT@LIN,OKX,PERPETUAL,REN-USDT@LIN,exchange,okex-swap,tardis,crypto,2020-09-08T00:00:00.000Z,2024-08-30T00:00:00.000Z,"trades,book_snapshot_5,derivative_ticker,liquidations",REN,USDT,USDT,REN-USDT-SWAP,ren-usdt-swap,False,,,,,,REN-USDT,,,,,,,
OKX:PERPETUAL:WAVES-USDT@LIN,OKX,PERPETUAL,WAVES-USDT@LIN,exchange,okex-swap,tardis,crypto,2020-08-28T00:00:00.000Z,2024-02-02T00:00:00.000Z,"trades,book_snapshot_5,derivative_ticker,liquidations",WAVES,USDT,USDT,WAVES-USDT-SWAP,waves-usdt-swap,False,,,,,,WAVES-USDT,,,,,,,
OKX:PERPETUAL:MATIC-USDT@LIN,OKX,PERPETUAL,MATIC-USDT@LIN,exchange,okex-swap,tardis,crypto,2021-04-29T00:00:00.000Z,2024-09-05T00:00:00.000Z,"trades,book_snapshot_5,derivative_ticker,liquidations",MATIC,USDT,USDT,MATIC-USDT-SWAP,matic-usdt-swap,False,,,,,,MATIC-USDT,,,,,,,
OKX:PERPETUAL:FTM-USDT@LIN,OKX,PERPETUAL,FTM-USDT@LIN,exchange,okex-swap,tardis,crypto,2021-03-18T00:00:00.000Z,2025-01-08T00:00:00.000Z,"trades,book_snapshot_5,derivative_ticker,liquidations",FTM,USDT,USDT,FTM-USDT-SWAP,ftm-usdt-swap,False,,,,,,FTM-USDT,,,,,,,
OKX:PERPETUAL:FLM-USDT@LIN,OKX,PERPETUAL,FLM-USDT@LIN,exchange,okex-swap,tardis,crypto,2020-09-29T00:00:00.000Z,2025-10-25T00:00:00.000Z,"trades,book_snapshot_5,derivative_ticker,liquidations",FLM,USDT,USDT,FLM-USDT-SWAP,flm-usdt-swap,False,,,,,1e-05,FLM-USDT,100.0,FLM/USDT,okx,,,,
OKX:PERPETUAL:STORJ-USDT@LIN,OKX,PERPETUAL,STORJ-USDT@LIN,exchange,okex-swap,tardis,crypto,2020-09-09T00:00:00.000Z,2025-10-31T00:00:00.000Z,"trades,book_snapshot_5,derivative_ticker,liquidations",STORJ,USDT,USDT,STORJ-USDT-SWAP,storj-usdt-swap,False,,,,,0.0001,STORJ-USDT,10.0,STORJ/USDT,okx,,,,
OKX:PERPETUAL:ALPHA-USDT@LIN,OKX,PERPETUAL,ALPHA-USDT@LIN,exchange,okex-swap,tardis,crypto,2021-03-18T00:00:00.000Z,2025-07-05T00:00:00.000Z,"trades,book_snapshot_5,derivative_ticker,liquidations",ALPHA,USDT,USDT,ALPHA-USDT-SWAP,alpha-usdt-swap,False,,,,,,ALPHA-USDT,,,,,,,
OKX:PERPETUAL:CEL-USDT@LIN,OKX,PERPETUAL,CEL-USDT@LIN,exchange,okex-swap,tardis,crypto,2022-06-17T00:00:00.000Z,2024-07-16T00:00:00.000Z,"trades,book_snapshot_5,derivative_ticker,liquidations",CEL,USDT,USDT,CEL-USDT-SWAP,cel-usdt-swap,False,,,,,,CEL-USDT,,,,,,,
OKX:PERPETUAL:JST-USDT@LIN,OKX,PERPETUAL,JST-USDT@LIN,exchange,okex-swap,tardis,crypto,2020-09-08T00:00:00.000Z,2025-08-30T00:00:00.000Z,"trades,book_snapshot_5,derivative_ticker,liquidations",JST,USDT,USDT,JST-USDT-SWAP,jst-usdt-swap,False,,,,,,JST-USDT,,,,,,,
OKX:PERPETUAL:ANT-USDT@LIN,OKX,PERPETUAL,ANT-USDT@LIN,exchange,okex-swap,tardis,crypto,2020-08-21T00:00:00.000Z,2024-05-24T00:00:00.000Z,"trades,book_snapshot_5,derivative_ticker,liquidations",ANT,USDT,USDT,ANT-USDT-SWAP,ant-usdt-swap,False,,,,,,ANT-USDT,,,,,,,
OKX:PERPETUAL:BADGER-USDT@LIN,OKX,PERPETUAL,BADGER-USDT@LIN,exchange,okex-swap,tardis,crypto,2021-01-29T00:00:00.000Z,2025-07-26T00:00:00.000Z,"trades,book_snapshot_5,derivative_ticker,liquidations",BADGER,USDT,USDT,BADGER-USDT-SWAP,badger-usdt-swap,False,,,,,,BADGER-USDT,,,,,,,
OKX:PERPETUAL:KLAY-USDT@LIN,OKX,PERPETUAL,KLAY-USDT@LIN,exchange,okex-swap,tardis,crypto,2022-10-26T00:00:00.000Z,2024-10-26T00:00:00.000Z,"trades,book_snapshot_5,derivative_ticker,liquidations",KLAY,USDT,USDT,KLAY-USDT-SWAP,klay-usdt-swap,False,,,,,,KLAY-USDT,,,,,,,
OKX:PERPETUAL:NFT-USDT@LIN,OKX,PERPETUAL,NFT-USDT@LIN,exchange,okex-swap,tardis,crypto,2021-12-02T00:00:00.000Z,2025-05-17T00:00:00.000Z,"trades,book_snapshot_5,derivative_ticker,liquidations",NFT,USDT,USDT,NFT-USDT-SWAP,nft-usdt-swap,False,,,,,1e-10,NFT-USDT,10000000.0,NFT/USDT,okx,,,,
OKX:PERPETUAL:LUNC-USDT@LIN,OKX,PERPETUAL,LUNC-USDT@LIN,exchange,okex-swap,tardis,crypto,2022-09-09T00:00:00.000Z,2025-09-19T00:00:00.000Z,"trades,book_snapshot_5,derivative_ticker,liquidations",LUNC,USDT,USDT,LUNC-USDT-SWAP,lunc-usdt-swap,False,,,,,,LUNC-USDT,,,,,,,
OKX:PERPETUAL:GODS-USDT@LIN,OKX,PERPETUAL,GODS-USDT@LIN,exchange,okex-swap,tardis,crypto,2021-11-05T00:00:00.000Z,2025-09-27T00:00:00.000Z,"trades,book_snapshot_5,derivative_ticker,liquidations",GODS,USDT,USDT,GODS-USDT-SWAP,gods-usdt-swap,False,,,,,1e-05,GODS-USDT,10.0,GODS/USDT,okx,,,,
OKX:PERPETUAL:GFT-USDT@LIN,OKX,PERPETUAL,GFT-USDT@LIN,exchange,okex-swap,tardis,crypto,2023-02-23T00:00:00.000Z,2024-12-04T00:00:00.000Z,"trades,book_snapshot_5,derivative_ticker,liquidations",GFT,USDT,USDT,GFT-USDT-SWAP,gft-usdt-swap,False,,,,,,GFT-USDT,,,,,,,
OKX:PERPETUAL:SLP-USDT@LIN,OKX,PERPETUAL,SLP-USDT@LIN,exchange,okex-swap,tardis,crypto,2021-08-26T00:00:00.000Z,2025-10-25T00:00:00.000Z,"trades,book_snapshot_5,derivative_ticker,liquidations",SLP,USDT,USDT,SLP-USDT-SWAP,slp-usdt-swap,False,,,,,1e-06,SLP-USDT,100.0,SLP/USDT,okx,,,,
OKX:PERPETUAL:XCH-USDT@LIN,OKX,PERPETUAL,XCH-USDT@LIN,exchange,okex-swap,tardis,crypto,2021-05-08T00:00:00.000Z,2025-08-02T00:00:00.000Z,"trades,book_snapshot_5,derivative_ticker,liquidations",XCH,USDT,USDT,XCH-USDT-SWAP,xch-usdt-swap,False,,,,,0.001,XCH-USDT,0.1,XCH/USDT,okx,,,,
OKX:PERPETUAL:CSPR-USDT@LIN,OKX,PERPETUAL,CSPR-USDT@LIN,exchange,okex-swap,tardis,crypto,2021-05-14T00:00:00.000Z,2025-08-02T00:00:00.000Z,"trades,book_snapshot_5,derivative_ticker,liquidations",CSPR,USDT,USDT,CSPR-USDT-SWAP,cspr-usdt-swap,False,,,,,1e-06,CSPR-USDT,100.0,CSPR/USDT,okx,,,,
OKX:PERPETUAL:RDNT-USDT@LIN,OKX,PERPETUAL,RDNT-USDT@LIN,exchange,okex-swap,tardis,crypto,2023-04-24T00:00:00.000Z,2025-08-02T00:00:00.000Z,"trades,book_snapshot_5,derivative_ticker,liquidations",RDNT,USDT,USDT,RDNT-USDT-SWAP,rdnt-usdt-swap,False,,,,,1e-05,RDNT-USDT,10.0,RDNT/USDT,okx,,,,
OKX:PERPETUAL:AIDOGE-USDT@LIN,OKX,PERPETUAL,AIDOGE-USDT@LIN,exchange,okex-swap,tardis,crypto,2023-05-03T00:00:00.000Z,2025-08-02T00:00:00.000Z,"trades,book_snapshot_5,derivative_ticker,liquidations",AIDOGE,USDT,USDT,AIDOGE-USDT-SWAP,aidoge-usdt-swap,False,,,,,,AIDOGE-USDT,,,,,,,
OKX:PERPETUAL:LOOKS-USDT@LIN,OKX,PERPETUAL,LOOKS-USDT@LIN,exchange,okex-swap,tardis,crypto,2022-02-17T00:00:00.000Z,2025-07-19T00:00:00.000Z,"trades,book_snapshot_5,derivative_ticker,liquidations",LOOKS,USDT,USDT,LOOKS-USDT-SWAP,looks-usdt-swap,False,,,,,1e-06,LOOKS-USDT,100.0,LOOKS/USDT,okx,,,,
OKX:PERPETUAL:SWEAT-USDT@LIN,OKX,PERPETUAL,SWEAT-USDT@LIN,exchange,okex-swap,tardis,crypto,2022-09-15T00:00:00.000Z,2025-06-06T00:00:00.000Z,"trades,book_snapshot_5,derivative_ticker,liquidations",SWEAT,USDT,USDT,SWEAT-USDT-SWAP,sweat-usdt-swap,False,,,,,1e-06,SWEAT-USDT,100.0,SWEAT/USDT,okx,,,,
OKX:PERPETUAL:KISHU-USDT@LIN,OKX,PERPETUAL,KISHU-USDT@LIN,exchange,okex-swap,tardis,crypto,2021-11-05T00:00:00.000Z,2025-04-09T00:00:00.000Z,"trades,book_snapshot_5,derivative_ticker,liquidations",KISHU,USDT,USDT,KISHU-USDT-SWAP,kishu-usdt-swap,False,,,,,,KISHU-USDT,,,,,,,
OKX:PERPETUAL:FITFI-USDT@LIN,OKX,PERPETUAL,FITFI-USDT@LIN,exchange,okex-swap,tardis,crypto,2022-05-12T00:00:00.000Z,2024-08-23T00:00:00.000Z,"trades,book_snapshot_5,derivative_ticker,liquidations",FITFI,USDT,USDT,FITFI-USDT-SWAP,fitfi-usdt-swap,False,,,,,,FITFI-USDT,,,,,,,
OKX:PERPETUAL:STARL-USDT@LIN,OKX,PERPETUAL,STARL-USDT@LIN,exchange,okex-swap,tardis,crypto,2021-11-05T00:00:00.000Z,2024-05-24T00:00:00.000Z,"trades,book_snapshot_5,derivative_ticker,liquidations",STARL,USDT,USDT,STARL-USDT-SWAP,starl-usdt-swap,False,,,,,,STARL-USDT,,,,,,,
OKX:PERPETUAL:DORA-USDT@LIN,OKX,PERPETUAL,DORA-USDT@LIN,exchange,okex-swap,tardis,crypto,2021-04-01T00:00:00.000Z,2023-08-25T00:00:00.000Z,"trades,book_snapshot_5,derivative_ticker,liquidations",DORA,USDT,USDT,DORA-USDT-SWAP,dora-usdt-swap,False,,,,,1e-05,DORA-USDT,10.0,DORA/USDT,okx,,,,
